{"type":"FeatureCollection","features":[{"type":"Feature","properties":{"survey":"bds","sheet":"063","dag":"31257","label_bn":"31257","area_sqm":254.2},"geometry":{"type":"Polygon","coordinates":[[[90.336852,23.802572],[90.336841,23.802626],[90.33669,23.802598],[90.336545,23.802572],[90.336448,23.802554],[90.33646,23.802499],[90.336556,23.802516],[90.336797,23.802562],[90.336852,23.802572]]]}},{"type":"Feature","properties":{"survey":"bds","sheet":"063","dag":"31256","label_bn":"31256","area_sqm":124.6},"geometry":{"type":"Polygon","coordinates":[[[90.336545,23.802572],[90.336523,23.802681],[90.336427,23.802665],[90.336448,23.802554],[90.336545,23.802572]]]}},{"type":"Feature","properties":{"survey":"bds","sheet":"063","dag":"31255","label_bn":"31255","area_sqm":187.3},"geometry":{"type":"Polygon","coordinates":[[[90.33669,23.802598],[90.336671,23.802708],[90.336523,23.802681],[90.336545,23.802572],[90.33669,23.802598]]]}},{"type":"Feature","properties":{"survey":"bds","sheet":"063","dag":"31254","label_bn":"31254","area_sqm":191.7},"geometry":{"type":"Polygon","coordinates":[[[90.336841,23.802626],[90.33682,23.802734],[90.336671,23.802708],[90.33669,23.802598],[90.336841,23.802626]]]}},{"type":"Feature","properties":{"survey":"bds","sheet":"063","dag":"31251","label_bn":"31251","area_sqm":121.7},"geometry":{"type":"Polygon","coordinates":[[[90.336523,23.802681],[90.336504,23.80279],[90.336408,23.802772],[90.336427,23.802665],[90.336523,23.802681]]]}},{"type":"Feature","properties":{"survey":"bds","sheet":"063","dag":"31252","label_bn":"31252","area_sqm":187.2},"geometry":{"type":"Polygon","coordinates":[[[90.336671,23.802708],[90.33665,23.802816],[90.336504,23.80279],[90.336523,23.802681],[90.336671,23.802708]]]}},{"type":"Feature","properties":{"survey":"bds","sheet":"063","dag":"31239","label_bn":"31239","area_sqm":370.7},"geometry":{"type":"Polygon","coordinates":[[[90.336331,23.802696],[90.336306,23.80283],[90.33607,23.802787],[90.336095,23.802653],[90.336331,23.802696]]]}},{"type":"Feature","properties":{"survey":"bds","sheet":"063","dag":"31253","label_bn":"31253","area_sqm":188.6},"geometry":{"type":"Polygon","coordinates":[[[90.33682,23.802734],[90.336797,23.802843],[90.33665,23.802816],[90.336671,23.802708],[90.33682,23.802734]]]}},{"type":"Feature","properties":{"survey":"bds","sheet":"063","dag":"31250","label_bn":"31250","area_sqm":246.0},"geometry":{"type":"Polygon","coordinates":[[[90.336797,23.802843],[90.336789,23.802899],[90.336719,23.802884],[90.33664,23.80287],[90.336492,23.802843],[90.336396,23.802826],[90.336408,23.802772],[90.336504,23.80279],[90.33665,23.802816],[90.336797,23.802843]]]}},{"type":"Feature","properties":{"survey":"bds","sheet":"063","dag":"31293","label_bn":"31293","area_sqm":978.4},"geometry":{"type":"Polygon","coordinates":[[[90.33783,23.80297],[90.33776,23.80297],[90.337797,23.802793],[90.338147,23.80277],[90.338213,23.802847],[90.338263,23.802904],[90.338317,23.802963],[90.338272,23.802966],[90.338215,23.80297],[90.337896,23.80297],[90.33783,23.80297]]]}},{"type":"Feature","properties":{"survey":"bds","sheet":"063","dag":"31247","label_bn":"31247","area_sqm":189.3},"geometry":{"type":"Polygon","coordinates":[[[90.33664,23.80287],[90.33662,23.802979],[90.336545,23.802965],[90.336472,23.802952],[90.336492,23.802843],[90.33664,23.80287]]]}},{"type":"Feature","properties":{"survey":"bds","sheet":"063","dag":"31248","label_bn":"31248","area_sqm":100.9},"geometry":{"type":"Polygon","coordinates":[[[90.336719,23.802884],[90.336698,23.802994],[90.33662,23.802979],[90.33664,23.80287],[90.336719,23.802884]]]}},{"type":"Feature","properties":{"survey":"bds","sheet":"063","dag":"31249","label_bn":"31249","area_sqm":90.6},"geometry":{"type":"Polygon","coordinates":[[[90.336789,23.802899],[90.336769,23.803007],[90.336698,23.802994],[90.336719,23.802884],[90.336789,23.802899]]]}},{"type":"Feature","properties":{"survey":"bds","sheet":"063","dag":"31238","label_bn":"31238","area_sqm":492.0},"geometry":{"type":"Polygon","coordinates":[[[90.336306,23.80283],[90.336271,23.803007],[90.336035,23.802964],[90.33607,23.802787],[90.336306,23.80283]]]}},{"type":"Feature","properties":{"survey":"bds","sheet":"063","dag":"31246","label_bn":"31246","area_sqm":244.7},"geometry":{"type":"Polygon","coordinates":[[[90.336472,23.802952],[90.336451,23.80306],[90.336355,23.803042],[90.336396,23.802826],[90.336492,23.802843],[90.336472,23.802952]]]}},{"type":"Feature","properties":{"survey":"bds","sheet":"063","dag":"31245","label_bn":"31245","area_sqm":91.5},"geometry":{"type":"Polygon","coordinates":[[[90.336545,23.802965],[90.336523,23.803073],[90.336451,23.80306],[90.336472,23.802952],[90.336545,23.802965]]]}},{"type":"Feature","properties":{"survey":"bds","sheet":"063","dag":"31244","label_bn":"31244","area_sqm":284.2},"geometry":{"type":"Polygon","coordinates":[[[90.336769,23.803007],[90.336749,23.803115],[90.336642,23.803094],[90.336523,23.803073],[90.336545,23.802965],[90.33662,23.802979],[90.336698,23.802994],[90.336769,23.803007]]]}},{"type":"Feature","properties":{"survey":"bds","sheet":"063","dag":"31290","label_bn":"31290","area_sqm":118.9},"geometry":{"type":"Polygon","coordinates":[[[90.33783,23.80297],[90.337809,23.803119],[90.337808,23.803119],[90.337737,23.803119],[90.33776,23.80297],[90.33783,23.80297]]]}},{"type":"Feature","properties":{"survey":"bds","sheet":"063","dag":"31291","label_bn":"31291","area_sqm":112.2},"geometry":{"type":"Polygon","coordinates":[[[90.337896,23.80297],[90.337875,23.803119],[90.337809,23.803119],[90.33783,23.80297],[90.337896,23.80297]]]}},{"type":"Feature","properties":{"survey":"bds","sheet":"063","dag":"31292","label_bn":"31292","area_sqm":715.1},"geometry":{"type":"Polygon","coordinates":[[[90.337993,23.80312],[90.337973,23.80312],[90.337878,23.803119],[90.337875,23.803119],[90.337896,23.80297],[90.338215,23.80297],[90.338272,23.802966],[90.338317,23.802963],[90.338318,23.802964],[90.338309,23.803021],[90.338297,23.803109],[90.338295,23.803118],[90.338068,23.80312],[90.337993,23.80312]]]}},{"type":"Feature","properties":{"survey":"bds","sheet":"063","dag":"31243","label_bn":"31243","area_sqm":256.2},"geometry":{"type":"Polygon","coordinates":[[[90.336749,23.803115],[90.336739,23.80317],[90.336636,23.803151],[90.336344,23.803097],[90.336355,23.803042],[90.336451,23.80306],[90.336523,23.803073],[90.336642,23.803094],[90.336749,23.803115]]]}},{"type":"Feature","properties":{"survey":"bds","sheet":"063","dag":"31232","label_bn":"31232","area_sqm":391.3},"geometry":{"type":"Polygon","coordinates":[[[90.335721,23.803012],[90.335691,23.803174],[90.33563,23.803167],[90.335705,23.802755],[90.335729,23.802602],[90.335788,23.802605],[90.335763,23.80276],[90.33574,23.802906],[90.335721,23.803012]]]}},{"type":"Feature","properties":{"survey":"bds","sheet":"063","dag":"31233","label_bn":"31233","area_sqm":569.1},"geometry":{"type":"Polygon","coordinates":[[[90.335839,23.803012],[90.335808,23.803196],[90.335691,23.803174],[90.335721,23.803012],[90.33574,23.802906],[90.335763,23.80276],[90.335886,23.802779],[90.335839,23.803012]]]}},{"type":"Feature","properties":{"survey":"bds","sheet":"063","dag":"31234","label_bn":"31234","area_sqm":1009.5},"geometry":{"type":"Polygon","coordinates":[[[90.336032,23.802664],[90.335925,23.803218],[90.335808,23.803196],[90.335839,23.803012],[90.335886,23.802779],[90.335763,23.80276],[90.335788,23.802605],[90.335847,23.802608],[90.335917,23.802622],[90.335913,23.802644],[90.336032,23.802664]]]}},{"type":"Feature","properties":{"survey":"bds","sheet":"063","dag":"31258","label_bn":"31258","area_sqm":2313.9},"geometry":{"type":"Polygon","coordinates":[[[90.337038,23.803216],[90.337037,23.803224],[90.336992,23.803216],[90.336739,23.80317],[90.336749,23.803115],[90.336769,23.803007],[90.336789,23.802899],[90.336797,23.802843],[90.33682,23.802734],[90.336841,23.802626],[90.336852,23.802572],[90.336963,23.802591],[90.337083,23.802614],[90.337202,23.802638],[90.337323,23.802662],[90.337364,23.802674],[90.337369,23.802675],[90.337318,23.802701],[90.337248,23.802747],[90.337191,23.802791],[90.337104,23.802862],[90.337078,23.80288],[90.33707,23.802923],[90.337051,23.803049],[90.337041,23.80316],[90.337041,23.803161],[90.337038,23.803216]]]}},{"type":"Feature","properties":{"survey":"bds","sheet":"063","dag":"31237","label_bn":"31237","area_sqm":610.9},"geometry":{"type":"Polygon","coordinates":[[[90.336271,23.803007],[90.336228,23.803227],[90.335992,23.803184],[90.336035,23.802964],[90.336271,23.803007]]]}},{"type":"Feature","properties":{"survey":"bds","sheet":"063","dag":"31235","label_bn":"31235","area_sqm":389.7},"geometry":{"type":"Polygon","coordinates":[[[90.335992,23.803184],[90.335984,23.803229],[90.335925,23.803218],[90.336032,23.802664],[90.336095,23.802653],[90.33607,23.802787],[90.336035,23.802964],[90.335992,23.803184]]]}},{"type":"Feature","properties":{"survey":"bds","sheet":"063","dag":"31259","label_bn":"31259","area_sqm":398.8},"geometry":{"type":"Polygon","coordinates":[[[90.337096,23.803225],[90.337095,23.803234],[90.337092,23.803233],[90.337085,23.803233],[90.337051,23.803227],[90.33705,23.803226],[90.337037,23.803224],[90.337038,23.803216],[90.337041,23.803161],[90.337041,23.80316],[90.337051,23.803049],[90.33707,23.802923],[90.337078,23.80288],[90.337104,23.802862],[90.337191,23.802791],[90.337248,23.802747],[90.337318,23.802701],[90.337369,23.802675],[90.337387,23.80268],[90.337404,23.802684],[90.337398,23.802687],[90.337357,23.80271],[90.337282,23.802761],[90.337195,23.802835],[90.337131,23.802903],[90.337134,23.802939],[90.337133,23.802976],[90.337122,23.803085],[90.33711,23.803145],[90.337102,23.80317],[90.337098,23.80318],[90.337097,23.803215],[90.337096,23.803225]]]}},{"type":"Feature","properties":{"survey":"bds","sheet":"063","dag":"31277","label_bn":"31277","area_sqm":3591.2},"geometry":{"type":"Polygon","coordinates":[[[90.337737,23.803119],[90.337719,23.803269],[90.337614,23.803264],[90.337363,23.803253],[90.337255,23.803248],[90.337114,23.803235],[90.337095,23.803234],[90.337095,23.803234],[90.337096,23.803225],[90.337097,23.803215],[90.337098,23.80318],[90.337102,23.80317],[90.33711,23.803145],[90.337122,23.803085],[90.337133,23.802976],[90.337134,23.802939],[90.337131,23.802903],[90.337195,23.802835],[90.337282,23.802761],[90.337357,23.80271],[90.337398,23.802687],[90.337404,23.802684],[90.337404,23.802684],[90.337424,23.80269],[90.337797,23.802793],[90.33776,23.80297],[90.337737,23.803119]]]}},{"type":"Feature","properties":{"survey":"bds","sheet":"063","dag":"31289","label_bn":"31289","area_sqm":120.8},"geometry":{"type":"Polygon","coordinates":[[[90.337808,23.803119],[90.337789,23.803269],[90.337719,23.803269],[90.337737,23.803119],[90.337808,23.803119]]]}},{"type":"Feature","properties":{"survey":"bds","sheet":"063","dag":"31288","label_bn":"31288","area_sqm":121.2},"geometry":{"type":"Polygon","coordinates":[[[90.337878,23.803119],[90.337861,23.80327],[90.337821,23.80327],[90.337789,23.803269],[90.337808,23.803119],[90.337809,23.803119],[90.337875,23.803119],[90.337878,23.803119]]]}},{"type":"Feature","properties":{"survey":"bds","sheet":"063","dag":"31286","label_bn":"31286","area_sqm":162.6},"geometry":{"type":"Polygon","coordinates":[[[90.337983,23.80327],[90.337955,23.80327],[90.337973,23.80312],[90.337993,23.80312],[90.338068,23.80312],[90.33805,23.80327],[90.337991,23.80327],[90.337983,23.80327]]]}},{"type":"Feature","properties":{"survey":"bds","sheet":"063","dag":"31287","label_bn":"31287","area_sqm":161.8},"geometry":{"type":"Polygon","coordinates":[[[90.337955,23.80327],[90.337907,23.803271],[90.337861,23.80327],[90.337878,23.803119],[90.337973,23.80312],[90.337955,23.80327]]]}},{"type":"Feature","properties":{"survey":"bds","sheet":"063","dag":"31285","label_bn":"31285","area_sqm":389.2},"geometry":{"type":"Polygon","coordinates":[[[90.338279,23.803224],[90.33827,23.803275],[90.338165,23.803272],[90.338092,23.80327],[90.338088,23.80327],[90.33805,23.80327],[90.338068,23.80312],[90.338295,23.803118],[90.338287,23.803175],[90.338279,23.803224]]]}},{"type":"Feature","properties":{"survey":"bds","sheet":"063","dag":"31236","label_bn":"31236","area_sqm":126.0},"geometry":{"type":"Polygon","coordinates":[[[90.336228,23.803227],[90.33622,23.803273],[90.335984,23.803229],[90.335992,23.803184],[90.336228,23.803227]]]}},{"type":"Feature","properties":{"survey":"bds","sheet":"063","dag":"31240","label_bn":"31240","area_sqm":751.2},"geometry":{"type":"Polygon","coordinates":[[[90.336344,23.803097],[90.336303,23.803314],[90.33622,23.803273],[90.336228,23.803227],[90.336271,23.803007],[90.336306,23.80283],[90.336331,23.802696],[90.336357,23.802563],[90.336448,23.802554],[90.336427,23.802665],[90.336408,23.802772],[90.336396,23.802826],[90.336355,23.803042],[90.336344,23.803097]]]}},{"type":"Feature","properties":{"survey":"bds","sheet":"063","dag":"31265","label_bn":"31265","area_sqm":160.1},"geometry":{"type":"Polygon","coordinates":[[[90.337255,23.803248],[90.337251,23.803335],[90.337087,23.803319],[90.337086,23.803319],[90.337095,23.803234],[90.337095,23.803234],[90.337114,23.803235],[90.337255,23.803248]]]}},{"type":"Feature","properties":{"survey":"bds","sheet":"063","dag":"31241","label_bn":"31241","area_sqm":748.7},"geometry":{"type":"Polygon","coordinates":[[[90.336636,23.803151],[90.336598,23.803368],[90.336303,23.803314],[90.336344,23.803097],[90.336636,23.803151]]]}},{"type":"Feature","properties":{"survey":"bds","sheet":"063","dag":"31266","label_bn":"31266","area_sqm":155.3},"geometry":{"type":"Polygon","coordinates":[[[90.337363,23.803253],[90.337355,23.803387],[90.337309,23.803379],[90.33725,23.803369],[90.337251,23.803335],[90.337255,23.803248],[90.337363,23.803253]]]}},{"type":"Feature","properties":{"survey":"bds","sheet":"063","dag":"31276","label_bn":"31276","area_sqm":375.3},"geometry":{"type":"Polygon","coordinates":[[[90.337614,23.803264],[90.337588,23.803401],[90.337367,23.803389],[90.337355,23.803387],[90.337363,23.803253],[90.337614,23.803264]]]}},{"type":"Feature","properties":{"survey":"bds","sheet":"063","dag":"31278","label_bn":"31278","area_sqm":168.8},"geometry":{"type":"Polygon","coordinates":[[[90.337711,23.803311],[90.337701,23.803407],[90.337588,23.803401],[90.337614,23.803264],[90.337719,23.803269],[90.337711,23.803311]]]}},{"type":"Feature","properties":{"survey":"bds","sheet":"063","dag":"31279","label_bn":"31279","area_sqm":164.9},"geometry":{"type":"Polygon","coordinates":[[[90.337821,23.80327],[90.337807,23.803408],[90.337738,23.803407],[90.337701,23.803407],[90.337711,23.803311],[90.337719,23.803269],[90.337789,23.803269],[90.337821,23.80327]]]}},{"type":"Feature","properties":{"survey":"bds","sheet":"063","dag":"31280","label_bn":"31280","area_sqm":139.0},"geometry":{"type":"Polygon","coordinates":[[[90.337907,23.803271],[90.337898,23.803409],[90.337873,23.803409],[90.337812,23.803408],[90.337807,23.803408],[90.337821,23.80327],[90.337861,23.80327],[90.337907,23.803271]]]}},{"type":"Feature","properties":{"survey":"bds","sheet":"063","dag":"31281","label_bn":"31281","area_sqm":122.1},"geometry":{"type":"Polygon","coordinates":[[[90.337983,23.80327],[90.337977,23.80341],[90.337898,23.803409],[90.337907,23.803271],[90.337955,23.80327],[90.337983,23.80327]]]}},{"type":"Feature","properties":{"survey":"bds","sheet":"063","dag":"31282","label_bn":"31282","area_sqm":162.8},"geometry":{"type":"Polygon","coordinates":[[[90.338088,23.80327],[90.338077,23.803411],[90.337977,23.80341],[90.337983,23.80327],[90.337991,23.80327],[90.33805,23.80327],[90.338088,23.80327]]]}},{"type":"Feature","properties":{"survey":"bds","sheet":"063","dag":"31283","label_bn":"31283","area_sqm":122.1},"geometry":{"type":"Polygon","coordinates":[[[90.338165,23.803272],[90.338152,23.803412],[90.338081,23.803411],[90.338077,23.803411],[90.338088,23.80327],[90.338092,23.80327],[90.338165,23.803272]]]}},{"type":"Feature","properties":{"survey":"bds","sheet":"063","dag":"31284","label_bn":"31284","area_sqm":148.8},"geometry":{"type":"Polygon","coordinates":[[[90.338249,23.803359],[90.338235,23.803412],[90.338152,23.803412],[90.338165,23.803272],[90.33827,23.803275],[90.338267,23.803291],[90.338249,23.803359]]]}},{"type":"Feature","properties":{"survey":"bds","sheet":"063","dag":"31264","label_bn":"31264","area_sqm":153.1},"geometry":{"type":"Polygon","coordinates":[[[90.33725,23.803369],[90.337239,23.803415],[90.337083,23.803403],[90.33708,23.803402],[90.337084,23.803341],[90.337086,23.803319],[90.337087,23.803319],[90.337251,23.803335],[90.33725,23.803369]]]}},{"type":"Feature","properties":{"survey":"bds","sheet":"063","dag":"31229","label_bn":"31229","area_sqm":178.0},"geometry":{"type":"Polygon","coordinates":[[[90.335948,23.803306],[90.335933,23.803417],[90.335796,23.803393],[90.335812,23.80328],[90.335948,23.803306]]]}},{"type":"Feature","properties":{"survey":"bds","sheet":"063","dag":"31242","label_bn":"31242","area_sqm":1040.0},"geometry":{"type":"Polygon","coordinates":[[[90.337018,23.803433],[90.337017,23.803441],[90.337008,23.80344],[90.336964,23.803432],[90.336598,23.803368],[90.336636,23.803151],[90.336739,23.80317],[90.336992,23.803216],[90.337037,23.803224],[90.337033,23.803309],[90.337025,23.803392],[90.337018,23.803433]]]}},{"type":"Feature","properties":{"survey":"bds","sheet":"063","dag":"31230","label_bn":"31230","area_sqm":178.5},"geometry":{"type":"Polygon","coordinates":[[[90.336088,23.803332],[90.336073,23.803441],[90.335933,23.803417],[90.335948,23.803306],[90.336088,23.803332]]]}},{"type":"Feature","properties":{"survey":"bds","sheet":"063","dag":"31260","label_bn":"31260","area_sqm":128.8},"geometry":{"type":"Polygon","coordinates":[[[90.337062,23.80344],[90.337059,23.803449],[90.337025,23.803443],[90.337017,23.803441],[90.337018,23.803433],[90.337025,23.803392],[90.337033,23.803309],[90.337037,23.803224],[90.33705,23.803226],[90.337051,23.803227],[90.337085,23.803233],[90.337092,23.803233],[90.337095,23.803234],[90.337086,23.803319],[90.337084,23.803341],[90.337076,23.803385],[90.337062,23.80344]]]}},{"type":"Feature","properties":{"survey":"bds","sheet":"063","dag":"31275","label_bn":"31275","area_sqm":147.4},"geometry":{"type":"Polygon","coordinates":[[[90.337805,23.803439],[90.337801,23.80346],[90.337729,23.803448],[90.337585,23.803425],[90.337515,23.803413],[90.337469,23.803405],[90.337367,23.803389],[90.337588,23.803401],[90.337701,23.803407],[90.337738,23.803407],[90.337807,23.803408],[90.337812,23.803408],[90.337873,23.803409],[90.337872,23.803441],[90.337805,23.803439]]]}},{"type":"Feature","properties":{"survey":"bds","sheet":"063","dag":"31225","label_bn":"31225","area_sqm":183.1},"geometry":{"type":"Polygon","coordinates":[[[90.336231,23.803358],[90.336217,23.803468],[90.336073,23.803441],[90.336088,23.803332],[90.336231,23.803358]]]}},{"type":"Feature","properties":{"survey":"bds","sheet":"063","dag":"31263","label_bn":"31263","area_sqm":109.4},"geometry":{"type":"Polygon","coordinates":[[[90.337239,23.803415],[90.337224,23.803477],[90.337069,23.80345],[90.337059,23.803449],[90.337062,23.80344],[90.337076,23.803385],[90.337084,23.803341],[90.33708,23.803402],[90.337083,23.803403],[90.337239,23.803415]]]}},{"type":"Feature","properties":{"survey":"bds","sheet":"063","dag":"31267","label_bn":"31267","area_sqm":75.3},"geometry":{"type":"Polygon","coordinates":[[[90.337309,23.803379],[90.337283,23.803488],[90.337224,23.803477],[90.337239,23.803415],[90.33725,23.803369],[90.337309,23.803379]]]}},{"type":"Feature","properties":{"survey":"bds","sheet":"063","dag":"31224","label_bn":"31224","area_sqm":179.7},"geometry":{"type":"Polygon","coordinates":[[[90.336371,23.803383],[90.336357,23.803493],[90.336217,23.803468],[90.336231,23.803358],[90.336371,23.803383]]]}},{"type":"Feature","properties":{"survey":"bds","sheet":"063","dag":"31231","label_bn":"31231","area_sqm":1066.7},"geometry":{"type":"Polygon","coordinates":[[[90.337006,23.803488],[90.337004,23.803496],[90.336992,23.803494],[90.33695,23.803487],[90.336903,23.803478],[90.336783,23.803458],[90.336624,23.803428],[90.336371,23.803383],[90.336231,23.803358],[90.336088,23.803332],[90.335948,23.803306],[90.335812,23.80328],[90.335726,23.803262],[90.335623,23.803238],[90.33563,23.803167],[90.335691,23.803174],[90.335808,23.803196],[90.335925,23.803218],[90.335984,23.803229],[90.33622,23.803273],[90.336303,23.803314],[90.336598,23.803368],[90.336964,23.803432],[90.337008,23.80344],[90.337017,23.803441],[90.337013,23.803463],[90.337006,23.803488]]]}},{"type":"Feature","properties":{"survey":"bds","sheet":"063","dag":"31268","label_bn":"31268","area_sqm":75.8},"geometry":{"type":"Polygon","coordinates":[[[90.337367,23.803389],[90.337342,23.803498],[90.337288,23.803489],[90.337283,23.803488],[90.337309,23.803379],[90.337355,23.803387],[90.337367,23.803389]]]}},{"type":"Feature","properties":{"survey":"bds","sheet":"063","dag":"31261","label_bn":"31261","area_sqm":26.6},"geometry":{"type":"Polygon","coordinates":[[[90.337047,23.803494],[90.337045,23.803503],[90.337011,23.803497],[90.337004,23.803496],[90.337006,23.803488],[90.337013,23.803463],[90.337017,23.803441],[90.337025,23.803443],[90.337059,23.803449],[90.337047,23.803494]]]}},{"type":"Feature","properties":{"survey":"bds","sheet":"063","dag":"31269","label_bn":"31269","area_sqm":131.8},"geometry":{"type":"Polygon","coordinates":[[[90.337469,23.803405],[90.337444,23.803516],[90.337347,23.803499],[90.337342,23.803498],[90.337367,23.803389],[90.337469,23.803405]]]}},{"type":"Feature","properties":{"survey":"bds","sheet":"063","dag":"31270","label_bn":"31270","area_sqm":60.9},"geometry":{"type":"Polygon","coordinates":[[[90.337515,23.803413],[90.337491,23.803524],[90.337448,23.803517],[90.337444,23.803516],[90.337469,23.803405],[90.337515,23.803413]]]}},{"type":"Feature","properties":{"survey":"bds","sheet":"063","dag":"31228","label_bn":"31228","area_sqm":174.3},"geometry":{"type":"Polygon","coordinates":[[[90.335933,23.803417],[90.335918,23.803526],[90.335779,23.803501],[90.335796,23.803393],[90.335933,23.803417]]]}},{"type":"Feature","properties":{"survey":"bds","sheet":"063","dag":"31271","label_bn":"31271","area_sqm":91.4},"geometry":{"type":"Polygon","coordinates":[[[90.337585,23.803425],[90.337561,23.803535],[90.337496,23.803525],[90.337491,23.803524],[90.337515,23.803413],[90.337585,23.803425]]]}},{"type":"Feature","properties":{"survey":"bds","sheet":"063","dag":"31227","label_bn":"31227","area_sqm":179.0},"geometry":{"type":"Polygon","coordinates":[[[90.336073,23.803441],[90.33606,23.803552],[90.335918,23.803526],[90.335933,23.803417],[90.336073,23.803441]]]}},{"type":"Feature","properties":{"survey":"bds","sheet":"063","dag":"31272","label_bn":"31272","area_sqm":188.5},"geometry":{"type":"Polygon","coordinates":[[[90.337729,23.803448],[90.337707,23.80356],[90.337646,23.80355],[90.337608,23.803543],[90.337598,23.803542],[90.337569,23.803537],[90.337561,23.803535],[90.337585,23.803425],[90.337729,23.803448]]]}},{"type":"Feature","properties":{"survey":"bds","sheet":"063","dag":"31220","label_bn":"31220","area_sqm":202.0},"geometry":{"type":"Polygon","coordinates":[[[90.336783,23.803458],[90.33677,23.803566],[90.336731,23.80356],[90.336611,23.803538],[90.336624,23.803428],[90.336783,23.803458]]]}},{"type":"Feature","properties":{"survey":"bds","sheet":"063","dag":"31273","label_bn":"31273","area_sqm":95.0},"geometry":{"type":"Polygon","coordinates":[[[90.3378,23.803466],[90.337779,23.803574],[90.337718,23.803562],[90.337715,23.803561],[90.337707,23.80356],[90.337729,23.803448],[90.337801,23.80346],[90.3378,23.803466]]]}},{"type":"Feature","properties":{"survey":"bds","sheet":"063","dag":"31226","label_bn":"31226","area_sqm":183.6},"geometry":{"type":"Polygon","coordinates":[[[90.336217,23.803468],[90.336202,23.803578],[90.33606,23.803552],[90.336073,23.803441],[90.336217,23.803468]]]}},{"type":"Feature","properties":{"survey":"bds","sheet":"063","dag":"31218","label_bn":"31218","area_sqm":150.9},"geometry":{"type":"Polygon","coordinates":[[[90.336903,23.803478],[90.336891,23.803586],[90.336852,23.80358],[90.33677,23.803566],[90.336783,23.803458],[90.336903,23.803478]]]}},{"type":"Feature","properties":{"survey":"bds","sheet":"063","dag":"31274","label_bn":"31274","area_sqm":122.6},"geometry":{"type":"Polygon","coordinates":[[[90.33787,23.803486],[90.337861,23.80359],[90.337788,23.803575],[90.337779,23.803574],[90.3378,23.803466],[90.337801,23.80346],[90.337805,23.803439],[90.337872,23.803441],[90.33787,23.803486]]]}},{"type":"Feature","properties":{"survey":"bds","sheet":"063","dag":"31217","label_bn":"31217","area_sqm":115.0},"geometry":{"type":"Polygon","coordinates":[[[90.336975,23.803593],[90.336972,23.803601],[90.336956,23.803598],[90.336916,23.803591],[90.336894,23.803587],[90.336891,23.803586],[90.336903,23.803478],[90.33695,23.803487],[90.336992,23.803494],[90.337004,23.803496],[90.336994,23.803529],[90.336986,23.803563],[90.336975,23.803593]]]}},{"type":"Feature","properties":{"survey":"bds","sheet":"063","dag":"31223","label_bn":"31223","area_sqm":180.5},"geometry":{"type":"Polygon","coordinates":[[[90.336357,23.803493],[90.336343,23.803604],[90.336202,23.803578],[90.336217,23.803468],[90.336357,23.803493]]]}},{"type":"Feature","properties":{"survey":"bds","sheet":"063","dag":"31213","label_bn":"31213","area_sqm":51.4},"geometry":{"type":"Polygon","coordinates":[[[90.337015,23.803599],[90.337012,23.803608],[90.336997,23.803605],[90.336972,23.803601],[90.336975,23.803593],[90.336986,23.803563],[90.336994,23.803529],[90.337004,23.803496],[90.337011,23.803497],[90.337045,23.803503],[90.337037,23.803536],[90.337015,23.803599]]]}},{"type":"Feature","properties":{"survey":"bds","sheet":"063","dag":"31212","label_bn":"31212","area_sqm":206.9},"geometry":{"type":"Polygon","coordinates":[[[90.337208,23.803531],[90.337177,23.803638],[90.337012,23.803608],[90.337015,23.803599],[90.337037,23.803536],[90.337045,23.803503],[90.337053,23.803504],[90.337208,23.803531]]]}},{"type":"Feature","properties":{"survey":"bds","sheet":"063","dag":"31262","label_bn":"31262","area_sqm":519.1},"geometry":{"type":"Polygon","coordinates":[[[90.337861,23.80359],[90.337857,23.803645],[90.33768,23.803614],[90.33766,23.80361],[90.337536,23.803588],[90.337511,23.803584],[90.337208,23.803531],[90.337053,23.803504],[90.337045,23.803503],[90.337047,23.803494],[90.337059,23.803449],[90.337069,23.80345],[90.337224,23.803477],[90.337283,23.803488],[90.337288,23.803489],[90.337342,23.803498],[90.337347,23.803499],[90.337444,23.803516],[90.337448,23.803517],[90.337491,23.803524],[90.337496,23.803525],[90.337561,23.803535],[90.337569,23.803537],[90.337598,23.803542],[90.337608,23.803543],[90.337646,23.80355],[90.337707,23.80356],[90.337715,23.803561],[90.337718,23.803562],[90.337779,23.803574],[90.337788,23.803575],[90.337861,23.80359]]]}},{"type":"Feature","properties":{"survey":"bds","sheet":"063","dag":"31222","label_bn":"31222","area_sqm":648.7},"geometry":{"type":"Polygon","coordinates":[[[90.336611,23.803538],[90.336596,23.803648],[90.336343,23.803604],[90.336357,23.803493],[90.336371,23.803383],[90.336624,23.803428],[90.336611,23.803538]]]}},{"type":"Feature","properties":{"survey":"bds","sheet":"063","dag":"31221","label_bn":"31221","area_sqm":152.8},"geometry":{"type":"Polygon","coordinates":[[[90.336731,23.80356],[90.336717,23.803669],[90.336596,23.803648],[90.336611,23.803538],[90.336731,23.80356]]]}},{"type":"Feature","properties":{"survey":"bds","sheet":"063","dag":"31219","label_bn":"31219","area_sqm":152.8},"geometry":{"type":"Polygon","coordinates":[[[90.336852,23.80358],[90.336837,23.80369],[90.336717,23.803669],[90.336731,23.80356],[90.33677,23.803566],[90.336852,23.80358]]]}},{"type":"Feature","properties":{"survey":"bds","sheet":"063","dag":"31178","label_bn":"31178","area_sqm":172.6},"geometry":{"type":"Polygon","coordinates":[[[90.335911,23.803581],[90.335896,23.803689],[90.335762,23.803666],[90.335772,23.803555],[90.335911,23.803581]]]}},{"type":"Feature","properties":{"survey":"bds","sheet":"063","dag":"31211","label_bn":"31211","area_sqm":425.8},"geometry":{"type":"Polygon","coordinates":[[[90.337536,23.803588],[90.337514,23.803695],[90.337394,23.803677],[90.337177,23.803638],[90.337208,23.803531],[90.337511,23.803584],[90.337536,23.803588]]]}},{"type":"Feature","properties":{"survey":"bds","sheet":"063","dag":"31216","label_bn":"31216","area_sqm":137.9},"geometry":{"type":"Polygon","coordinates":[[[90.336936,23.8037],[90.336933,23.803706],[90.336929,23.803705],[90.336924,23.803705],[90.336873,23.803696],[90.336843,23.803691],[90.336837,23.80369],[90.336852,23.80358],[90.336891,23.803586],[90.336894,23.803587],[90.336916,23.803591],[90.336956,23.803598],[90.336972,23.803601],[90.336965,23.80362],[90.336937,23.803697],[90.336936,23.8037]]]}},{"type":"Feature","properties":{"survey":"bds","sheet":"063","dag":"31214","label_bn":"31214","area_sqm":55.5},"geometry":{"type":"Polygon","coordinates":[[[90.336987,23.803707],[90.336988,23.803716],[90.336985,23.803715],[90.336983,23.803715],[90.336933,23.803706],[90.336936,23.8037],[90.336937,23.803697],[90.336965,23.80362],[90.336972,23.803601],[90.336997,23.803605],[90.337012,23.803608],[90.336991,23.803672],[90.336987,23.803699],[90.336987,23.803707]]]}},{"type":"Feature","properties":{"survey":"bds","sheet":"063","dag":"31179","label_bn":"31179","area_sqm":178.8},"geometry":{"type":"Polygon","coordinates":[[[90.336053,23.803607],[90.336038,23.803716],[90.33595,23.803699],[90.335896,23.803689],[90.335911,23.803581],[90.336053,23.803607]]]}},{"type":"Feature","properties":{"survey":"bds","sheet":"063","dag":"31209","label_bn":"31209","area_sqm":181.8},"geometry":{"type":"Polygon","coordinates":[[[90.33768,23.803614],[90.337664,23.80372],[90.337635,23.803715],[90.337583,23.803705],[90.337577,23.803705],[90.337514,23.803695],[90.337536,23.803588],[90.33766,23.80361],[90.33768,23.803614]]]}},{"type":"Feature","properties":{"survey":"bds","sheet":"063","dag":"31180","label_bn":"31180","area_sqm":179.1},"geometry":{"type":"Polygon","coordinates":[[[90.336195,23.803634],[90.33618,23.803742],[90.336138,23.803734],[90.336038,23.803716],[90.336053,23.803607],[90.336195,23.803634]]]}},{"type":"Feature","properties":{"survey":"bds","sheet":"063","dag":"31215","label_bn":"31215","area_sqm":22.6},"geometry":{"type":"Polygon","coordinates":[[[90.336939,23.803748],[90.336911,23.803753],[90.336933,23.803706],[90.336983,23.803715],[90.336985,23.803715],[90.336988,23.803716],[90.336988,23.803726],[90.336952,23.803743],[90.336939,23.803748]]]}},{"type":"Feature","properties":{"survey":"bds","sheet":"063","dag":"31207","label_bn":"31207","area_sqm":233.6},"geometry":{"type":"Polygon","coordinates":[[[90.337857,23.803645],[90.33785,23.803758],[90.337726,23.803736],[90.337665,23.80372],[90.337664,23.80372],[90.33768,23.803614],[90.337857,23.803645]]]}},{"type":"Feature","properties":{"survey":"bds","sheet":"063","dag":"31183","label_bn":"31183","area_sqm":176.8},"geometry":{"type":"Polygon","coordinates":[[[90.336335,23.803659],[90.336321,23.803768],[90.33618,23.803742],[90.336195,23.803634],[90.336335,23.803659]]]}},{"type":"Feature","properties":{"survey":"bds","sheet":"063","dag":"31184","label_bn":"31184","area_sqm":183.0},"geometry":{"type":"Polygon","coordinates":[[[90.336477,23.803682],[90.336463,23.803793],[90.336321,23.803768],[90.336335,23.803659],[90.33639,23.803665],[90.336477,23.803682]]]}},{"type":"Feature","properties":{"survey":"bds","sheet":"063","dag":"31177","label_bn":"31177","area_sqm":236.7},"geometry":{"type":"Polygon","coordinates":[[[90.33595,23.803699],[90.33593,23.803808],[90.335745,23.803774],[90.335762,23.803666],[90.335896,23.803689],[90.33595,23.803699]]]}},{"type":"Feature","properties":{"survey":"bds","sheet":"063","dag":"31210","label_bn":"31210","area_sqm":718.9},"geometry":{"type":"Polygon","coordinates":[[[90.337583,23.803705],[90.337558,23.803815],[90.337409,23.803788],[90.336988,23.803716],[90.336987,23.803707],[90.336987,23.803699],[90.336991,23.803672],[90.337012,23.803608],[90.337177,23.803638],[90.337394,23.803677],[90.337514,23.803695],[90.337577,23.803705],[90.337583,23.803705]]]}},{"type":"Feature","properties":{"survey":"bds","sheet":"063","dag":"31208","label_bn":"31208","area_sqm":184.7},"geometry":{"type":"Polygon","coordinates":[[[90.337726,23.803736],[90.3377,23.803841],[90.337558,23.803815],[90.337583,23.803705],[90.337635,23.803715],[90.337664,23.80372],[90.337665,23.80372],[90.337726,23.803736]]]}},{"type":"Feature","properties":{"survey":"bds","sheet":"063","dag":"31181","label_bn":"31181","area_sqm":239.6},"geometry":{"type":"Polygon","coordinates":[[[90.336138,23.803734],[90.336117,23.803843],[90.33593,23.803808],[90.33595,23.803699],[90.336038,23.803716],[90.336138,23.803734]]]}},{"type":"Feature","properties":{"survey":"bds","sheet":"063","dag":"31188","label_bn":"31188","area_sqm":303.6},"geometry":{"type":"Polygon","coordinates":[[[90.336861,23.803752],[90.336847,23.803861],[90.336759,23.803845],[90.336607,23.803818],[90.336621,23.803709],[90.336861,23.803752]]]}},{"type":"Feature","properties":{"survey":"bds","sheet":"063","dag":"31206","label_bn":"31206","area_sqm":168.2},"geometry":{"type":"Polygon","coordinates":[[[90.337855,23.803759],[90.337842,23.803867],[90.3377,23.803841],[90.337726,23.803736],[90.33785,23.803758],[90.337855,23.803759]]]}},{"type":"Feature","properties":{"survey":"bds","sheet":"063","dag":"31182","label_bn":"31182","area_sqm":237.7},"geometry":{"type":"Polygon","coordinates":[[[90.336321,23.803768],[90.336307,23.803878],[90.336117,23.803843],[90.336138,23.803734],[90.33618,23.803742],[90.336321,23.803768]]]}},{"type":"Feature","properties":{"survey":"bds","sheet":"063","dag":"31191","label_bn":"31191","area_sqm":155.6},"geometry":{"type":"Polygon","coordinates":[[[90.336982,23.803772],[90.336969,23.803884],[90.336859,23.803863],[90.336847,23.803861],[90.336861,23.803752],[90.336982,23.803772]]]}},{"type":"Feature","properties":{"survey":"bds","sheet":"063","dag":"31192","label_bn":"31192","area_sqm":156.6},"geometry":{"type":"Polygon","coordinates":[[[90.337104,23.803792],[90.337092,23.8039],[90.337053,23.803896],[90.337037,23.803894],[90.337007,23.803891],[90.336969,23.803884],[90.336982,23.803772],[90.336993,23.803774],[90.337104,23.803792]]]}},{"type":"Feature","properties":{"survey":"bds","sheet":"063","dag":"31185","label_bn":"31185","area_sqm":180.5},"geometry":{"type":"Polygon","coordinates":[[[90.336463,23.803793],[90.336449,23.803903],[90.336307,23.803878],[90.336321,23.803768],[90.336463,23.803793]]]}},{"type":"Feature","properties":{"survey":"bds","sheet":"063","dag":"31199","label_bn":"31199","area_sqm":1299.9},"geometry":{"type":"Polygon","coordinates":[[[90.337842,23.803867],[90.337835,23.803921],[90.337699,23.803897],[90.337536,23.803868],[90.337323,23.803831],[90.337104,23.803792],[90.336993,23.803774],[90.336982,23.803772],[90.336861,23.803752],[90.336621,23.803709],[90.336477,23.803682],[90.33639,23.803665],[90.336335,23.803659],[90.336195,23.803634],[90.336053,23.803607],[90.335911,23.803581],[90.335772,23.803555],[90.335779,23.803501],[90.335918,23.803526],[90.33606,23.803552],[90.336202,23.803578],[90.336343,23.803604],[90.336596,23.803648],[90.336717,23.803669],[90.336837,23.80369],[90.336843,23.803691],[90.336873,23.803696],[90.336924,23.803705],[90.336929,23.803705],[90.336933,23.803706],[90.336911,23.803753],[90.336939,23.803748],[90.336952,23.803743],[90.336988,23.803726],[90.336988,23.803716],[90.337409,23.803788],[90.337558,23.803815],[90.3377,23.803841],[90.337842,23.803867]]]}},{"type":"Feature","properties":{"survey":"bds","sheet":"063","dag":"31186","label_bn":"31186","area_sqm":367.5},"geometry":{"type":"Polygon","coordinates":[[[90.336607,23.803818],[90.336595,23.803928],[90.336592,23.803928],[90.336449,23.803903],[90.336463,23.803793],[90.336477,23.803682],[90.336621,23.803709],[90.336607,23.803818]]]}},{"type":"Feature","properties":{"survey":"bds","sheet":"063","dag":"31194","label_bn":"31194","area_sqm":275.7},"geometry":{"type":"Polygon","coordinates":[[[90.337323,23.803831],[90.337308,23.803941],[90.337092,23.8039],[90.337104,23.803792],[90.337323,23.803831]]]}},{"type":"Feature","properties":{"survey":"bds","sheet":"063","dag":"31187","label_bn":"31187","area_sqm":183.0},"geometry":{"type":"Polygon","coordinates":[[[90.336759,23.803845],[90.33673,23.803953],[90.336595,23.803928],[90.336607,23.803818],[90.336759,23.803845]]]}},{"type":"Feature","properties":{"survey":"bds","sheet":"063","dag":"31175","label_bn":"31175","area_sqm":176.4},"geometry":{"type":"Polygon","coordinates":[[[90.335875,23.803855],[90.33586,23.803964],[90.335721,23.803938],[90.335736,23.803828],[90.335875,23.803855]]]}},{"type":"Feature","properties":{"survey":"bds","sheet":"063","dag":"31189","label_bn":"31189","area_sqm":127.3},"geometry":{"type":"Polygon","coordinates":[[[90.33683,23.803969],[90.33683,23.80397],[90.336737,23.803954],[90.33673,23.803953],[90.336759,23.803845],[90.336847,23.803861],[90.336859,23.803863],[90.33683,23.803969]]]}},{"type":"Feature","properties":{"survey":"bds","sheet":"063","dag":"31195","label_bn":"31195","area_sqm":278.3},"geometry":{"type":"Polygon","coordinates":[[[90.337536,23.803868],[90.337523,23.803982],[90.337308,23.803941],[90.337323,23.803831],[90.337536,23.803868]]]}},{"type":"Feature","properties":{"survey":"bds","sheet":"063","dag":"31172","label_bn":"31172","area_sqm":181.7},"geometry":{"type":"Polygon","coordinates":[[[90.336017,23.80388],[90.336002,23.80399],[90.33599,23.803989],[90.33586,23.803964],[90.335875,23.803855],[90.336017,23.80388]]]}},{"type":"Feature","properties":{"survey":"bds","sheet":"063","dag":"31190","label_bn":"31190","area_sqm":232.1},"geometry":{"type":"Polygon","coordinates":[[[90.337037,23.803894],[90.337021,23.804004],[90.336836,23.803971],[90.33683,23.80397],[90.33683,23.803969],[90.336859,23.803863],[90.336969,23.803884],[90.337007,23.803891],[90.337037,23.803894]]]}},{"type":"Feature","properties":{"survey":"bds","sheet":"063","dag":"31198","label_bn":"31198","area_sqm":223.6},"geometry":{"type":"Polygon","coordinates":[[[90.337699,23.803897],[90.337706,23.803899],[90.337698,23.803957],[90.337691,23.804014],[90.337642,23.804004],[90.337523,23.803982],[90.337536,23.803868],[90.337699,23.803897]]]}},{"type":"Feature","properties":{"survey":"bds","sheet":"063","dag":"31171","label_bn":"31171","area_sqm":181.6},"geometry":{"type":"Polygon","coordinates":[[[90.336158,23.803905],[90.336143,23.804018],[90.336123,23.804013],[90.336002,23.80399],[90.336017,23.80388],[90.336158,23.803905]]]}},{"type":"Feature","properties":{"survey":"bds","sheet":"063","dag":"31200","label_bn":"31200","area_sqm":173.6},"geometry":{"type":"Polygon","coordinates":[[[90.337835,23.803921],[90.33782,23.804038],[90.337807,23.804036],[90.337698,23.804015],[90.337691,23.804014],[90.337698,23.803957],[90.337706,23.803899],[90.337835,23.803921]]]}},{"type":"Feature","properties":{"survey":"bds","sheet":"063","dag":"31168","label_bn":"31168","area_sqm":184.4},"geometry":{"type":"Polygon","coordinates":[[[90.3363,23.803933],[90.336287,23.804043],[90.336257,23.804037],[90.336143,23.804018],[90.336158,23.803905],[90.3363,23.803933]]]}},{"type":"Feature","properties":{"survey":"bds","sheet":"063","dag":"31193","label_bn":"31193","area_sqm":357.4},"geometry":{"type":"Polygon","coordinates":[[[90.337307,23.803946],[90.337294,23.804054],[90.337097,23.804018],[90.337027,23.804005],[90.337021,23.804004],[90.337037,23.803894],[90.337053,23.803896],[90.337092,23.8039],[90.337308,23.803941],[90.337307,23.803946]]]}},{"type":"Feature","properties":{"survey":"bds","sheet":"063","dag":"31167","label_bn":"31167","area_sqm":167.4},"geometry":{"type":"Polygon","coordinates":[[[90.336432,23.803957],[90.336418,23.804067],[90.336287,23.804043],[90.3363,23.803933],[90.336432,23.803957]]]}},{"type":"Feature","properties":{"survey":"bds","sheet":"063","dag":"31174","label_bn":"31174","area_sqm":174.4},"geometry":{"type":"Polygon","coordinates":[[[90.33586,23.803964],[90.335843,23.804073],[90.335707,23.804047],[90.335721,23.803938],[90.33586,23.803964]]]}},{"type":"Feature","properties":{"survey":"bds","sheet":"063","dag":"31196","label_bn":"31196","area_sqm":281.6},"geometry":{"type":"Polygon","coordinates":[[[90.337523,23.803982],[90.337512,23.804093],[90.337301,23.804055],[90.337294,23.804054],[90.337307,23.803946],[90.337308,23.803941],[90.337523,23.803982]]]}},{"type":"Feature","properties":{"survey":"bds","sheet":"063","dag":"31166","label_bn":"31166","area_sqm":204.2},"geometry":{"type":"Polygon","coordinates":[[[90.336592,23.803985],[90.336578,23.804094],[90.336499,23.804082],[90.336418,23.804067],[90.336432,23.803957],[90.336592,23.803985]]]}},{"type":"Feature","properties":{"survey":"bds","sheet":"063","dag":"31173","label_bn":"31173","area_sqm":165.6},"geometry":{"type":"Polygon","coordinates":[[[90.33599,23.803989],[90.335975,23.804097],[90.335843,23.804073],[90.33586,23.803964],[90.33599,23.803989]]]}},{"type":"Feature","properties":{"survey":"bds","sheet":"063","dag":"31197","label_bn":"31197","area_sqm":170.0},"geometry":{"type":"Polygon","coordinates":[[[90.337642,23.804004],[90.337657,23.804007],[90.337644,23.804118],[90.337628,23.804115],[90.337512,23.804093],[90.337523,23.803982],[90.337642,23.804004]]]}},{"type":"Feature","properties":{"survey":"bds","sheet":"063","dag":"31170","label_bn":"31170","area_sqm":169.2},"geometry":{"type":"Polygon","coordinates":[[[90.336123,23.804013],[90.336108,23.804122],[90.335975,23.804097],[90.33599,23.803989],[90.336002,23.80399],[90.336123,23.804013]]]}},{"type":"Feature","properties":{"survey":"bds","sheet":"063","dag":"31162","label_bn":"31162","area_sqm":295.4},"geometry":{"type":"Polygon","coordinates":[[[90.336826,23.804025],[90.336809,23.804135],[90.336689,23.804113],[90.336621,23.804101],[90.336578,23.804094],[90.336592,23.803985],[90.336826,23.804025]]]}},{"type":"Feature","properties":{"survey":"bds","sheet":"063","dag":"31201","label_bn":"31201","area_sqm":192.2},"geometry":{"type":"Polygon","coordinates":[[[90.337657,23.804007],[90.337698,23.804015],[90.337807,23.804036],[90.337794,23.804146],[90.337696,23.804128],[90.337644,23.804118],[90.337657,23.804007]]]}},{"type":"Feature","properties":{"survey":"bds","sheet":"063","dag":"31169","label_bn":"31169","area_sqm":168.2},"geometry":{"type":"Polygon","coordinates":[[[90.336257,23.804037],[90.336241,23.804146],[90.336108,23.804122],[90.336123,23.804013],[90.336143,23.804018],[90.336257,23.804037]]]}},{"type":"Feature","properties":{"survey":"bds","sheet":"063","dag":"31161","label_bn":"31161","area_sqm":155.4},"geometry":{"type":"Polygon","coordinates":[[[90.336947,23.804048],[90.336932,23.804157],[90.33693,23.804157],[90.336809,23.804135],[90.336826,23.804025],[90.336947,23.804048]]]}},{"type":"Feature","properties":{"survey":"bds","sheet":"063","dag":"31159","label_bn":"31159","area_sqm":154.7},"geometry":{"type":"Polygon","coordinates":[[[90.337069,23.80407],[90.337052,23.80418],[90.337,23.804171],[90.336932,23.804157],[90.336947,23.804048],[90.337069,23.80407]]]}},{"type":"Feature","properties":{"survey":"bds","sheet":"063","dag":"31205","label_bn":"31205","area_sqm":5861.4},"geometry":{"type":"Polygon","coordinates":[[[90.338597,23.804112],[90.338627,23.804184],[90.338583,23.804181],[90.338524,23.804167],[90.338404,23.804148],[90.338285,23.804126],[90.33782,23.804038],[90.337835,23.803921],[90.337842,23.803867],[90.337855,23.803759],[90.33785,23.803758],[90.337857,23.803645],[90.337861,23.80359],[90.33787,23.803486],[90.337872,23.803441],[90.337873,23.803409],[90.337898,23.803409],[90.337977,23.80341],[90.338077,23.803411],[90.338081,23.803411],[90.338152,23.803412],[90.338235,23.803412],[90.338231,23.803427],[90.338228,23.803439],[90.338314,23.803476],[90.338431,23.803521],[90.338526,23.803552],[90.33864,23.803583],[90.338758,23.803628],[90.338738,23.803677],[90.33873,23.803674],[90.338696,23.803739],[90.338657,23.803813],[90.338641,23.803855],[90.338605,23.803945],[90.338585,23.803995],[90.338581,23.804008],[90.33858,23.804012],[90.338579,23.804044],[90.338589,23.804081],[90.338597,23.804112]]]}},{"type":"Feature","properties":{"survey":"bds","sheet":"063","dag":"31165","label_bn":"31165","area_sqm":306.7},"geometry":{"type":"Polygon","coordinates":[[[90.336499,23.804082],[90.336484,23.804191],[90.336241,23.804146],[90.336257,23.804037],[90.336287,23.804043],[90.336418,23.804067],[90.336499,23.804082]]]}},{"type":"Feature","properties":{"survey":"bds","sheet":"063","dag":"31157","label_bn":"31157","area_sqm":186.7},"geometry":{"type":"Polygon","coordinates":[[[90.337215,23.804097],[90.337197,23.804206],[90.33718,23.804204],[90.33718,23.804204],[90.337052,23.80418],[90.337069,23.80407],[90.337215,23.804097]]]}},{"type":"Feature","properties":{"survey":"bds","sheet":"063","dag":"31164","label_bn":"31164","area_sqm":158.0},"geometry":{"type":"Polygon","coordinates":[[[90.336621,23.804101],[90.336609,23.804213],[90.336484,23.804191],[90.336499,23.804082],[90.336578,23.804094],[90.336621,23.804101]]]}},{"type":"Feature","properties":{"survey":"bds","sheet":"063","dag":"31156","label_bn":"31156","area_sqm":120.9},"geometry":{"type":"Polygon","coordinates":[[[90.33731,23.804115],[90.337292,23.804223],[90.337197,23.804206],[90.337215,23.804097],[90.33731,23.804115]]]}},{"type":"Feature","properties":{"survey":"bds","sheet":"063","dag":"31202","label_bn":"31202","area_sqm":604.9},"geometry":{"type":"Polygon","coordinates":[[[90.338285,23.804126],[90.338266,23.804234],[90.337794,23.804146],[90.337807,23.804036],[90.33782,23.804038],[90.338285,23.804126]]]}},{"type":"Feature","properties":{"survey":"bds","sheet":"063","dag":"31153","label_bn":"31153","area_sqm":141.9},"geometry":{"type":"Polygon","coordinates":[[[90.337422,23.804136],[90.337403,23.804244],[90.337381,23.804241],[90.33738,23.804241],[90.3373,23.804226],[90.3373,23.804226],[90.337292,23.804223],[90.33731,23.804115],[90.337422,23.804136]]]}},{"type":"Feature","properties":{"survey":"bds","sheet":"063","dag":"31163","label_bn":"31163","area_sqm":238.5},"geometry":{"type":"Polygon","coordinates":[[[90.336809,23.804135],[90.336791,23.804246],[90.336656,23.804221],[90.336609,23.804213],[90.336621,23.804101],[90.336689,23.804113],[90.336809,23.804135]]]}},{"type":"Feature","properties":{"survey":"bds","sheet":"063","dag":"31203","label_bn":"31203","area_sqm":152.3},"geometry":{"type":"Polygon","coordinates":[[[90.338396,23.804201],[90.338385,23.804257],[90.338266,23.804234],[90.338285,23.804126],[90.338404,23.804148],[90.338396,23.804201]]]}},{"type":"Feature","properties":{"survey":"bds","sheet":"063","dag":"31152","label_bn":"31152","area_sqm":88.0},"geometry":{"type":"Polygon","coordinates":[[[90.337492,23.804148],[90.337471,23.804257],[90.337461,23.804255],[90.337403,23.804244],[90.337422,23.804136],[90.337492,23.804148]]]}},{"type":"Feature","properties":{"survey":"bds","sheet":"063","dag":"31030","label_bn":"31030","area_sqm":338.1},"geometry":{"type":"Polygon","coordinates":[[[90.335962,23.804152],[90.335949,23.804261],[90.335824,23.804238],[90.335686,23.804212],[90.3357,23.8041],[90.335709,23.804102],[90.33583,23.804126],[90.335962,23.804152]]]}},{"type":"Feature","properties":{"survey":"bds","sheet":"063","dag":"31160","label_bn":"31160","area_sqm":239.8},"geometry":{"type":"Polygon","coordinates":[[[90.337,23.804171],[90.336975,23.804277],[90.336791,23.804246],[90.336809,23.804135],[90.33693,23.804157],[90.336932,23.804157],[90.337,23.804171]]]}},{"type":"Feature","properties":{"survey":"bds","sheet":"063","dag":"31204","label_bn":"31204","area_sqm":153.8},"geometry":{"type":"Polygon","coordinates":[[[90.338524,23.804167],[90.338505,23.804279],[90.338385,23.804257],[90.338396,23.804201],[90.338404,23.804148],[90.338524,23.804167]]]}},{"type":"Feature","properties":{"survey":"bds","sheet":"063","dag":"31033","label_bn":"31033","area_sqm":155.8},"geometry":{"type":"Polygon","coordinates":[[[90.336089,23.804174],[90.336068,23.804282],[90.335953,23.804262],[90.335949,23.804261],[90.335962,23.804152],[90.336089,23.804174]]]}},{"type":"Feature","properties":{"survey":"bds","sheet":"063","dag":"31147","label_bn":"31147","area_sqm":213.5},"geometry":{"type":"Polygon","coordinates":[[[90.33766,23.80418],[90.337641,23.804288],[90.337563,23.804272],[90.337471,23.804257],[90.337492,23.804148],[90.33766,23.80418]]]}},{"type":"Feature","properties":{"survey":"bds","sheet":"063","dag":"31034","label_bn":"31034","area_sqm":77.3},"geometry":{"type":"Polygon","coordinates":[[[90.336148,23.804185],[90.33613,23.804294],[90.336127,23.804293],[90.336088,23.804286],[90.336068,23.804282],[90.336089,23.804174],[90.336142,23.804183],[90.336148,23.804185]]]}},{"type":"Feature","properties":{"survey":"bds","sheet":"063","dag":"31133","label_bn":"31133","area_sqm":89.6},"geometry":{"type":"Polygon","coordinates":[[[90.338651,23.804214],[90.338637,23.804304],[90.338565,23.804291],[90.338583,23.804181],[90.338627,23.804184],[90.338638,23.804211],[90.338651,23.804214]]]}},{"type":"Feature","properties":{"survey":"bds","sheet":"063","dag":"31146","label_bn":"31146","area_sqm":119.6},"geometry":{"type":"Polygon","coordinates":[[[90.337754,23.804197],[90.337735,23.804306],[90.337641,23.804288],[90.33766,23.80418],[90.337754,23.804197]]]}},{"type":"Feature","properties":{"survey":"bds","sheet":"063","dag":"31035","label_bn":"31035","area_sqm":77.4},"geometry":{"type":"Polygon","coordinates":[[[90.336207,23.804195],[90.336192,23.804305],[90.33613,23.804294],[90.336148,23.804185],[90.336207,23.804195]]]}},{"type":"Feature","properties":{"survey":"bds","sheet":"063","dag":"31158","label_bn":"31158","area_sqm":229.1},"geometry":{"type":"Polygon","coordinates":[[[90.33718,23.804204],[90.337157,23.804311],[90.336975,23.804277],[90.337,23.804171],[90.337052,23.80418],[90.33718,23.804204]]]}},{"type":"Feature","properties":{"survey":"bds","sheet":"063","dag":"31145","label_bn":"31145","area_sqm":120.8},"geometry":{"type":"Polygon","coordinates":[[[90.33785,23.804214],[90.33783,23.804323],[90.337741,23.804307],[90.337735,23.804306],[90.337754,23.804197],[90.33785,23.804214]]]}},{"type":"Feature","properties":{"survey":"bds","sheet":"063","dag":"31176","label_bn":"31176","area_sqm":1789.4},"geometry":{"type":"Polygon","coordinates":[[[90.338505,23.804279],[90.338498,23.804334],[90.338257,23.804289],[90.338136,23.804267],[90.33804,23.80425],[90.337945,23.804232],[90.33785,23.804214],[90.337754,23.804197],[90.33766,23.80418],[90.337492,23.804148],[90.337422,23.804136],[90.33731,23.804115],[90.337215,23.804097],[90.337069,23.80407],[90.336947,23.804048],[90.336826,23.804025],[90.336592,23.803985],[90.336432,23.803957],[90.3363,23.803933],[90.336158,23.803905],[90.336017,23.80388],[90.335875,23.803855],[90.335736,23.803828],[90.335745,23.803774],[90.33593,23.803808],[90.336117,23.803843],[90.336307,23.803878],[90.336449,23.803903],[90.336592,23.803928],[90.336595,23.803928],[90.33673,23.803953],[90.336737,23.803954],[90.33683,23.80397],[90.336836,23.803971],[90.337021,23.804004],[90.337027,23.804005],[90.337097,23.804018],[90.337294,23.804054],[90.337301,23.804055],[90.337512,23.804093],[90.337628,23.804115],[90.337696,23.804128],[90.337794,23.804146],[90.338266,23.804234],[90.338385,23.804257],[90.338505,23.804279]]]}},{"type":"Feature","properties":{"survey":"bds","sheet":"063","dag":"31155","label_bn":"31155","area_sqm":153.3},"geometry":{"type":"Polygon","coordinates":[[[90.3373,23.804226],[90.337277,23.804333],[90.337157,23.804311],[90.33718,23.804204],[90.33718,23.804204],[90.337197,23.804206],[90.337292,23.804223],[90.3373,23.804226]]]}},{"type":"Feature","properties":{"survey":"bds","sheet":"063","dag":"31142","label_bn":"31142","area_sqm":121.0},"geometry":{"type":"Polygon","coordinates":[[[90.337945,23.804232],[90.337926,23.80434],[90.337869,23.80433],[90.33783,23.804323],[90.33785,23.804214],[90.337945,23.804232]]]}},{"type":"Feature","properties":{"survey":"bds","sheet":"063","dag":"31154","label_bn":"31154","area_sqm":105.4},"geometry":{"type":"Polygon","coordinates":[[[90.33738,23.804241],[90.337364,23.804349],[90.337277,23.804333],[90.3373,23.804226],[90.3373,23.804226],[90.33738,23.804241]]]}},{"type":"Feature","properties":{"survey":"bds","sheet":"063","dag":"31029","label_bn":"31029","area_sqm":178.3},"geometry":{"type":"Polygon","coordinates":[[[90.335824,23.804238],[90.33581,23.804349],[90.335671,23.804323],[90.335686,23.804212],[90.335824,23.804238]]]}},{"type":"Feature","properties":{"survey":"bds","sheet":"063","dag":"31141","label_bn":"31141","area_sqm":120.8},"geometry":{"type":"Polygon","coordinates":[[[90.33804,23.80425],[90.338021,23.804358],[90.337926,23.80434],[90.337945,23.804232],[90.33804,23.80425]]]}},{"type":"Feature","properties":{"survey":"bds","sheet":"063","dag":"31151","label_bn":"31151","area_sqm":106.3},"geometry":{"type":"Polygon","coordinates":[[[90.337461,23.804255],[90.337451,23.804365],[90.337364,23.804349],[90.33738,23.804241],[90.337381,23.804241],[90.337403,23.804244],[90.337461,23.804255]]]}},{"type":"Feature","properties":{"survey":"bds","sheet":"063","dag":"31031","label_bn":"31031","area_sqm":165.8},"geometry":{"type":"Polygon","coordinates":[[[90.335953,23.804262],[90.335942,23.804372],[90.33581,23.804349],[90.335824,23.804238],[90.335949,23.804261],[90.335953,23.804262]]]}},{"type":"Feature","properties":{"survey":"bds","sheet":"063","dag":"31038","label_bn":"31038","area_sqm":466.5},"geometry":{"type":"Polygon","coordinates":[[[90.336569,23.804262],[90.336556,23.804373],[90.336485,23.80436],[90.33622,23.804311],[90.336192,23.804305],[90.336207,23.804195],[90.336569,23.804262]]]}},{"type":"Feature","properties":{"survey":"bds","sheet":"063","dag":"31140","label_bn":"31140","area_sqm":121.0},"geometry":{"type":"Polygon","coordinates":[[[90.338136,23.804267],[90.338116,23.804375],[90.338021,23.804358],[90.33804,23.80425],[90.338136,23.804267]]]}},{"type":"Feature","properties":{"survey":"bds","sheet":"063","dag":"31150","label_bn":"31150","area_sqm":132.3},"geometry":{"type":"Polygon","coordinates":[[[90.337563,23.804272],[90.337557,23.804384],[90.337557,23.804384],[90.337451,23.804365],[90.337461,23.804255],[90.337471,23.804257],[90.337563,23.804272]]]}},{"type":"Feature","properties":{"survey":"bds","sheet":"063","dag":"31040","label_bn":"31040","area_sqm":91.9},"geometry":{"type":"Polygon","coordinates":[[[90.336641,23.804275],[90.336628,23.804385],[90.336556,23.804373],[90.336569,23.804262],[90.336641,23.804275]]]}},{"type":"Feature","properties":{"survey":"bds","sheet":"063","dag":"31132","label_bn":"31132","area_sqm":451.4},"geometry":{"type":"Polygon","coordinates":[[[90.339099,23.804368],[90.33912,23.804396],[90.338637,23.804304],[90.338651,23.804214],[90.338834,23.804255],[90.339037,23.804283],[90.339068,23.804326],[90.339099,23.804368]]]}},{"type":"Feature","properties":{"survey":"bds","sheet":"063","dag":"31139","label_bn":"31139","area_sqm":154.8},"geometry":{"type":"Polygon","coordinates":[[[90.338257,23.804289],[90.338239,23.804397],[90.338116,23.804375],[90.338136,23.804267],[90.338257,23.804289]]]}},{"type":"Feature","properties":{"survey":"bds","sheet":"063","dag":"31032","label_bn":"31032","area_sqm":170.2},"geometry":{"type":"Polygon","coordinates":[[[90.336088,23.804286],[90.336074,23.804396],[90.335942,23.804372],[90.335953,23.804262],[90.336068,23.804282],[90.336088,23.804286]]]}},{"type":"Feature","properties":{"survey":"bds","sheet":"063","dag":"31041","label_bn":"31041","area_sqm":157.5},"geometry":{"type":"Polygon","coordinates":[[[90.336765,23.804298],[90.336752,23.804407],[90.336628,23.804385],[90.336641,23.804275],[90.336765,23.804298],[90.336765,23.804298]]]}},{"type":"Feature","properties":{"survey":"bds","sheet":"063","dag":"31148","label_bn":"31148","area_sqm":221.7},"geometry":{"type":"Polygon","coordinates":[[[90.337741,23.804307],[90.33773,23.804415],[90.337557,23.804384],[90.337563,23.804272],[90.337641,23.804288],[90.337735,23.804306],[90.337741,23.804307]]]}},{"type":"Feature","properties":{"survey":"bds","sheet":"063","dag":"31042","label_bn":"31042","area_sqm":75.5},"geometry":{"type":"Polygon","coordinates":[[[90.336811,23.804417],[90.336811,23.804417],[90.336783,23.804413],[90.336752,23.804407],[90.336765,23.804298],[90.336765,23.804298],[90.336825,23.804308],[90.336811,23.804417]]]}},{"type":"Feature","properties":{"survey":"bds","sheet":"063","dag":"31036","label_bn":"31036","area_sqm":169.0},"geometry":{"type":"Polygon","coordinates":[[[90.33622,23.804311],[90.336207,23.804421],[90.336074,23.804396],[90.336088,23.804286],[90.336127,23.804293],[90.33613,23.804294],[90.336192,23.804305],[90.33622,23.804311]]]}},{"type":"Feature","properties":{"survey":"bds","sheet":"063","dag":"31043","label_bn":"31043","area_sqm":154.1},"geometry":{"type":"Polygon","coordinates":[[[90.336947,23.804329],[90.336932,23.804438],[90.336811,23.804417],[90.336811,23.804417],[90.336825,23.804308],[90.336947,23.804329]]]}},{"type":"Feature","properties":{"survey":"bds","sheet":"063","dag":"31144","label_bn":"31144","area_sqm":161.5},"geometry":{"type":"Polygon","coordinates":[[[90.337869,23.80433],[90.337857,23.80444],[90.33773,23.804415],[90.337741,23.804307],[90.33783,23.804323],[90.337869,23.80433]]]}},{"type":"Feature","properties":{"survey":"bds","sheet":"063","dag":"31138","label_bn":"31138","area_sqm":305.9},"geometry":{"type":"Polygon","coordinates":[[[90.338498,23.804334],[90.33848,23.804442],[90.33848,23.804442],[90.338384,23.804425],[90.338384,23.804425],[90.338312,23.804411],[90.338312,23.804411],[90.33824,23.804398],[90.338239,23.804397],[90.338257,23.804289],[90.338498,23.804334]]]}},{"type":"Feature","properties":{"survey":"bds","sheet":"063","dag":"31044","label_bn":"31044","area_sqm":106.7},"geometry":{"type":"Polygon","coordinates":[[[90.337031,23.804344],[90.337017,23.804453],[90.336932,23.804438],[90.336947,23.804329],[90.337031,23.804344]]]}},{"type":"Feature","properties":{"survey":"bds","sheet":"063","dag":"31131","label_bn":"31131","area_sqm":364.7},"geometry":{"type":"Polygon","coordinates":[[[90.339161,23.804453],[90.339165,23.804459],[90.339074,23.804443],[90.339071,23.804442],[90.338929,23.804415],[90.338928,23.804415],[90.338784,23.804387],[90.338641,23.80436],[90.338624,23.804357],[90.338556,23.804345],[90.338565,23.804291],[90.338637,23.804304],[90.33912,23.804396],[90.339136,23.804417],[90.339161,23.804453]]]}},{"type":"Feature","properties":{"survey":"bds","sheet":"063","dag":"31126","label_bn":"31126","area_sqm":108.1},"geometry":{"type":"Polygon","coordinates":[[[90.338641,23.80436],[90.338622,23.80447],[90.338538,23.804454],[90.338556,23.804345],[90.338624,23.804357],[90.338641,23.80436]]]}},{"type":"Feature","properties":{"survey":"bds","sheet":"063","dag":"31037","label_bn":"31037","area_sqm":336.7},"geometry":{"type":"Polygon","coordinates":[[[90.336485,23.80436],[90.336472,23.804469],[90.336321,23.804442],[90.336207,23.804421],[90.33622,23.804311],[90.336485,23.80436]]]}},{"type":"Feature","properties":{"survey":"bds","sheet":"063","dag":"31045","label_bn":"31045","area_sqm":122.6},"geometry":{"type":"Polygon","coordinates":[[[90.337127,23.804362],[90.337113,23.804472],[90.337017,23.804453],[90.337031,23.804344],[90.337127,23.804362]]]}},{"type":"Feature","properties":{"survey":"bds","sheet":"063","dag":"31046","label_bn":"31046","area_sqm":156.8},"geometry":{"type":"Polygon","coordinates":[[[90.337251,23.804384],[90.337235,23.804494],[90.337113,23.804472],[90.337127,23.804362],[90.337251,23.804384]]]}},{"type":"Feature","properties":{"survey":"bds","sheet":"063","dag":"31127","label_bn":"31127","area_sqm":183.8},"geometry":{"type":"Polygon","coordinates":[[[90.338784,23.804387],[90.338766,23.804497],[90.338755,23.804495],[90.338755,23.804495],[90.338659,23.804477],[90.338622,23.80447],[90.338641,23.80436],[90.338784,23.804387]]]}},{"type":"Feature","properties":{"survey":"bds","sheet":"063","dag":"31143","label_bn":"31143","area_sqm":466.2},"geometry":{"type":"Polygon","coordinates":[[[90.33824,23.804398],[90.338221,23.804507],[90.33822,23.804507],[90.338055,23.804476],[90.337857,23.80444],[90.337869,23.80433],[90.337926,23.80434],[90.338021,23.804358],[90.338116,23.804375],[90.338239,23.804397],[90.33824,23.804398]]]}},{"type":"Feature","properties":{"survey":"bds","sheet":"063","dag":"31027","label_bn":"31027","area_sqm":156.9},"geometry":{"type":"Polygon","coordinates":[[[90.335783,23.804399],[90.335771,23.80451],[90.335645,23.804486],[90.335662,23.804377],[90.335672,23.804379],[90.335783,23.804399]]]}},{"type":"Feature","properties":{"survey":"bds","sheet":"063","dag":"31047","label_bn":"31047","area_sqm":154.4},"geometry":{"type":"Polygon","coordinates":[[[90.337372,23.804406],[90.337356,23.804515],[90.337235,23.804494],[90.337251,23.804384],[90.337372,23.804406]]]}},{"type":"Feature","properties":{"survey":"bds","sheet":"063","dag":"31137","label_bn":"31137","area_sqm":92.3},"geometry":{"type":"Polygon","coordinates":[[[90.338312,23.804411],[90.338294,23.804519],[90.338221,23.804507],[90.33824,23.804398],[90.338312,23.804411]]]}},{"type":"Feature","properties":{"survey":"bds","sheet":"063","dag":"31128","label_bn":"31128","area_sqm":183.4},"geometry":{"type":"Polygon","coordinates":[[[90.338928,23.804415],[90.338909,23.804523],[90.338804,23.804504],[90.338766,23.804497],[90.338784,23.804387],[90.338928,23.804415]]]}},{"type":"Feature","properties":{"survey":"bds","sheet":"063","dag":"31039","label_bn":"31039","area_sqm":378.7},"geometry":{"type":"Polygon","coordinates":[[[90.336783,23.804413],[90.336773,23.804523],[90.336472,23.804469],[90.336485,23.80436],[90.336556,23.804373],[90.336628,23.804385],[90.336752,23.804407],[90.336783,23.804413]]]}},{"type":"Feature","properties":{"survey":"bds","sheet":"063","dag":"31048","label_bn":"31048","area_sqm":92.9},"geometry":{"type":"Polygon","coordinates":[[[90.337444,23.804419],[90.33743,23.804529],[90.337356,23.804515],[90.337372,23.804406],[90.337443,23.804418],[90.337444,23.804419]]]}},{"type":"Feature","properties":{"survey":"bds","sheet":"063","dag":"31136","label_bn":"31136","area_sqm":90.8},"geometry":{"type":"Polygon","coordinates":[[[90.338384,23.804425],[90.338366,23.804533],[90.338366,23.804533],[90.338294,23.804519],[90.338312,23.804411],[90.338312,23.804411],[90.338384,23.804425]]]}},{"type":"Feature","properties":{"survey":"bds","sheet":"063","dag":"31024","label_bn":"31024","area_sqm":153.6},"geometry":{"type":"Polygon","coordinates":[[[90.335903,23.804422],[90.335889,23.804533],[90.335791,23.804514],[90.335771,23.80451],[90.335783,23.804399],[90.335903,23.804422]]]}},{"type":"Feature","properties":{"survey":"bds","sheet":"063","dag":"31129","label_bn":"31129","area_sqm":183.3},"geometry":{"type":"Polygon","coordinates":[[[90.339071,23.804442],[90.339054,23.804551],[90.339044,23.804549],[90.33899,23.804539],[90.338924,23.804526],[90.338911,23.804523],[90.338909,23.804523],[90.338928,23.804415],[90.338929,23.804415],[90.339071,23.804442]]]}},{"type":"Feature","properties":{"survey":"bds","sheet":"063","dag":"31135","label_bn":"31135","area_sqm":121.6},"geometry":{"type":"Polygon","coordinates":[[[90.33848,23.804442],[90.338462,23.804551],[90.338366,23.804533],[90.338384,23.804425],[90.338384,23.804425],[90.33848,23.804442]]]}},{"type":"Feature","properties":{"survey":"bds","sheet":"063","dag":"31023","label_bn":"31023","area_sqm":154.8},"geometry":{"type":"Polygon","coordinates":[[[90.336024,23.804444],[90.336011,23.804554],[90.335889,23.804533],[90.335903,23.804422],[90.336024,23.804444]]]}},{"type":"Feature","properties":{"survey":"bds","sheet":"063","dag":"31134","label_bn":"31134","area_sqm":262.2},"geometry":{"type":"Polygon","coordinates":[[[90.338538,23.804454],[90.33852,23.804563],[90.338462,23.804551],[90.33848,23.804442],[90.33848,23.804442],[90.338498,23.804334],[90.338505,23.804279],[90.338524,23.804167],[90.338583,23.804181],[90.338565,23.804291],[90.338556,23.804345],[90.338538,23.804454]]]}},{"type":"Feature","properties":{"survey":"bds","sheet":"063","dag":"31130","label_bn":"31130","area_sqm":153.5},"geometry":{"type":"Polygon","coordinates":[[[90.339198,23.804514],[90.339172,23.804572],[90.339129,23.804565],[90.339092,23.804558],[90.339054,23.804551],[90.339071,23.804442],[90.339074,23.804443],[90.339165,23.804459],[90.339198,23.804514]]]}},{"type":"Feature","properties":{"survey":"bds","sheet":"063","dag":"31028","label_bn":"31028","area_sqm":705.2},"geometry":{"type":"Polygon","coordinates":[[[90.336773,23.804523],[90.336765,23.804577],[90.336333,23.8045],[90.336253,23.804486],[90.3361,23.804458],[90.336024,23.804444],[90.335903,23.804422],[90.335783,23.804399],[90.335672,23.804379],[90.335662,23.804377],[90.335671,23.804323],[90.33581,23.804349],[90.335942,23.804372],[90.336074,23.804396],[90.336207,23.804421],[90.336321,23.804442],[90.336472,23.804469],[90.336773,23.804523]]]}},{"type":"Feature","properties":{"survey":"bds","sheet":"063","dag":"31125","label_bn":"31125","area_sqm":154.0},"geometry":{"type":"Polygon","coordinates":[[[90.338659,23.804477],[90.338641,23.804586],[90.33852,23.804563],[90.338538,23.804454],[90.338622,23.80447],[90.338659,23.804477]]]}},{"type":"Feature","properties":{"survey":"bds","sheet":"063","dag":"31124","label_bn":"31124","area_sqm":121.1},"geometry":{"type":"Polygon","coordinates":[[[90.338755,23.804495],[90.338737,23.804603],[90.338737,23.804603],[90.338641,23.804586],[90.338659,23.804477],[90.338755,23.804495]]]}},{"type":"Feature","properties":{"survey":"bds","sheet":"063","dag":"31049","label_bn":"31049","area_sqm":647.7},"geometry":{"type":"Polygon","coordinates":[[[90.338039,23.804531],[90.338013,23.804608],[90.33743,23.804529],[90.337444,23.804419],[90.337443,23.804418],[90.338039,23.804531]]]}},{"type":"Feature","properties":{"survey":"bds","sheet":"063","dag":"31020","label_bn":"31020","area_sqm":100.1},"geometry":{"type":"Polygon","coordinates":[[[90.336333,23.8045],[90.336319,23.804609],[90.33624,23.804595],[90.336253,23.804486],[90.336333,23.8045]]]}},{"type":"Feature","properties":{"survey":"bds","sheet":"063","dag":"31123","label_bn":"31123","area_sqm":62.5},"geometry":{"type":"Polygon","coordinates":[[[90.338804,23.804504],[90.338787,23.804613],[90.338738,23.804603],[90.338737,23.804603],[90.338755,23.804495],[90.338755,23.804495],[90.338766,23.804497],[90.338804,23.804504]]]}},{"type":"Feature","properties":{"survey":"bds","sheet":"063","dag":"31026","label_bn":"31026","area_sqm":196.6},"geometry":{"type":"Polygon","coordinates":[[[90.335791,23.804514],[90.335769,23.80463],[90.335626,23.804603],[90.335645,23.804486],[90.335771,23.80451],[90.335791,23.804514]]]}},{"type":"Feature","properties":{"survey":"bds","sheet":"063","dag":"31122","label_bn":"31122","area_sqm":152.7},"geometry":{"type":"Polygon","coordinates":[[[90.338924,23.804526],[90.338907,23.804635],[90.338787,23.804613],[90.338804,23.804504],[90.338909,23.804523],[90.338911,23.804523],[90.338924,23.804526]]]}},{"type":"Feature","properties":{"survey":"bds","sheet":"063","dag":"31081","label_bn":"31081","area_sqm":153.0},"geometry":{"type":"Polygon","coordinates":[[[90.3382,23.804559],[90.338174,23.80464],[90.338013,23.804608],[90.338039,23.804531],[90.3382,23.804559]]]}},{"type":"Feature","properties":{"survey":"bds","sheet":"063","dag":"31025","label_bn":"31025","area_sqm":132.4},"geometry":{"type":"Polygon","coordinates":[[[90.335889,23.804533],[90.335873,23.804642],[90.335769,23.80463],[90.335791,23.804514],[90.335889,23.804533]]]}},{"type":"Feature","properties":{"survey":"bds","sheet":"063","dag":"31121","label_bn":"31121","area_sqm":153.3},"geometry":{"type":"Polygon","coordinates":[[[90.339044,23.804549],[90.339027,23.804659],[90.338983,23.80465],[90.338982,23.80465],[90.338909,23.804635],[90.338909,23.804635],[90.338909,23.804635],[90.338907,23.804635],[90.338924,23.804526],[90.33899,23.804539],[90.339044,23.804549]]]}},{"type":"Feature","properties":{"survey":"bds","sheet":"063","dag":"31022","label_bn":"31022","area_sqm":157.3},"geometry":{"type":"Polygon","coordinates":[[[90.336011,23.804554],[90.336,23.804663],[90.335873,23.804642],[90.335889,23.804533],[90.336011,23.804554]]]}},{"type":"Feature","properties":{"survey":"bds","sheet":"063","dag":"31149","label_bn":"31149","area_sqm":2082.4},"geometry":{"type":"Polygon","coordinates":[[[90.338982,23.80465],[90.338964,23.804704],[90.338909,23.804693],[90.338906,23.804692],[90.338722,23.804657],[90.338611,23.804635],[90.338552,23.804625],[90.338388,23.804593],[90.338259,23.80457],[90.3382,23.804559],[90.338039,23.804531],[90.337443,23.804418],[90.337372,23.804406],[90.337251,23.804384],[90.337127,23.804362],[90.337031,23.804344],[90.336947,23.804329],[90.336825,23.804308],[90.336765,23.804298],[90.336641,23.804275],[90.336569,23.804262],[90.336207,23.804195],[90.336148,23.804185],[90.336142,23.804183],[90.336089,23.804174],[90.335962,23.804152],[90.33583,23.804126],[90.335709,23.804102],[90.3357,23.8041],[90.335707,23.804047],[90.335843,23.804073],[90.335975,23.804097],[90.336108,23.804122],[90.336241,23.804146],[90.336484,23.804191],[90.336609,23.804213],[90.336656,23.804221],[90.336791,23.804246],[90.336975,23.804277],[90.337157,23.804311],[90.337277,23.804333],[90.337364,23.804349],[90.337451,23.804365],[90.337557,23.804384],[90.337557,23.804384],[90.33773,23.804415],[90.337857,23.80444],[90.338055,23.804476],[90.33822,23.804507],[90.338221,23.804507],[90.338294,23.804519],[90.338366,23.804533],[90.338366,23.804533],[90.338462,23.804551],[90.33852,23.804563],[90.338641,23.804586],[90.338737,23.804603],[90.338737,23.804603],[90.338738,23.804603],[90.338787,23.804613],[90.338907,23.804635],[90.338909,23.804635],[90.338909,23.804635],[90.338909,23.804635],[90.338982,23.80465]]]}},{"type":"Feature","properties":{"survey":"bds","sheet":"063","dag":"31021","label_bn":"31021","area_sqm":578.8},"geometry":{"type":"Polygon","coordinates":[[[90.33624,23.804595],[90.336226,23.804704],[90.336,23.804663],[90.336011,23.804554],[90.336024,23.804444],[90.3361,23.804458],[90.336253,23.804486],[90.33624,23.804595]]]}},{"type":"Feature","properties":{"survey":"bds","sheet":"063","dag":"31099","label_bn":"31099","area_sqm":185.2},"geometry":{"type":"Polygon","coordinates":[[[90.338388,23.804593],[90.338348,23.804714],[90.33822,23.804689],[90.338259,23.80457],[90.338388,23.804593]]]}},{"type":"Feature","properties":{"survey":"bds","sheet":"063","dag":"31080","label_bn":"31080","area_sqm":156.6},"geometry":{"type":"Polygon","coordinates":[[[90.338174,23.80464],[90.338148,23.80472],[90.337986,23.804689],[90.338013,23.804608],[90.338174,23.80464]]]}},{"type":"Feature","properties":{"survey":"bds","sheet":"063","dag":"31019","label_bn":"31019","area_sqm":100.6},"geometry":{"type":"Polygon","coordinates":[[[90.336319,23.804609],[90.336305,23.804719],[90.336226,23.804704],[90.33624,23.804595],[90.336319,23.804609]]]}},{"type":"Feature","properties":{"survey":"bds","sheet":"063","dag":"31120","label_bn":"31120","area_sqm":239.1},"geometry":{"type":"Polygon","coordinates":[[[90.339115,23.804711],[90.339107,23.804731],[90.338964,23.804704],[90.338982,23.80465],[90.338983,23.80465],[90.339027,23.804659],[90.339044,23.804549],[90.339054,23.804551],[90.339092,23.804558],[90.339129,23.804565],[90.339172,23.804572],[90.339149,23.804626],[90.339115,23.804711]]]}},{"type":"Feature","properties":{"survey":"bds","sheet":"063","dag":"31106","label_bn":"31106","area_sqm":122.8},"geometry":{"type":"Polygon","coordinates":[[[90.338722,23.804657],[90.338694,23.804747],[90.33858,23.804726],[90.338611,23.804635],[90.338722,23.804657]]]}},{"type":"Feature","properties":{"survey":"bds","sheet":"063","dag":"31100","label_bn":"31100","area_sqm":307.6},"geometry":{"type":"Polygon","coordinates":[[[90.338501,23.804779],[90.338501,23.80478],[90.338336,23.804748],[90.338348,23.804714],[90.338348,23.804714],[90.338388,23.804593],[90.338552,23.804625],[90.338501,23.804779]]]}},{"type":"Feature","properties":{"survey":"bds","sheet":"063","dag":"31017","label_bn":"31017","area_sqm":760.7},"geometry":{"type":"Polygon","coordinates":[[[90.336305,23.804719],[90.336294,23.804804],[90.335605,23.804706],[90.335626,23.804603],[90.335769,23.80463],[90.335873,23.804642],[90.336,23.804663],[90.336226,23.804704],[90.336305,23.804719]]]}},{"type":"Feature","properties":{"survey":"bds","sheet":"063","dag":"31119","label_bn":"31119","area_sqm":133.2},"geometry":{"type":"Polygon","coordinates":[[[90.339081,23.804795],[90.339077,23.804809],[90.338938,23.804783],[90.338964,23.804704],[90.339107,23.804731],[90.339081,23.804795]]]}},{"type":"Feature","properties":{"survey":"bds","sheet":"063","dag":"31098","label_bn":"31098","area_sqm":151.7},"geometry":{"type":"Polygon","coordinates":[[[90.338336,23.804748],[90.338315,23.804813],[90.338187,23.804786],[90.33822,23.804689],[90.338348,23.804714],[90.338348,23.804714],[90.338336,23.804748]]]}},{"type":"Feature","properties":{"survey":"bds","sheet":"063","dag":"31101","label_bn":"31101","area_sqm":156.7},"geometry":{"type":"Polygon","coordinates":[[[90.338501,23.80478],[90.338476,23.804858],[90.33831,23.804827],[90.338315,23.804813],[90.338336,23.804748],[90.338501,23.80478]]]}},{"type":"Feature","properties":{"survey":"bds","sheet":"063","dag":"31105","label_bn":"31105","area_sqm":156.1},"geometry":{"type":"Polygon","coordinates":[[[90.338665,23.804837],[90.338657,23.804861],[90.338542,23.804838],[90.33858,23.804726],[90.338694,23.804747],[90.338665,23.804836],[90.338665,23.804837]]]}},{"type":"Feature","properties":{"survey":"bds","sheet":"063","dag":"31018","label_bn":"31018","area_sqm":1484.4},"geometry":{"type":"Polygon","coordinates":[[[90.336736,23.804798],[90.336727,23.804868],[90.336678,23.80486],[90.336546,23.80484],[90.336294,23.804804],[90.336305,23.804719],[90.336319,23.804609],[90.336333,23.8045],[90.336765,23.804577],[90.336754,23.804655],[90.336736,23.804798]]]}},{"type":"Feature","properties":{"survey":"bds","sheet":"063","dag":"31107","label_bn":"31107","area_sqm":396.3},"geometry":{"type":"Polygon","coordinates":[[[90.338909,23.804693],[90.338847,23.804871],[90.338665,23.804836],[90.338694,23.804747],[90.338722,23.804657],[90.338906,23.804692],[90.338909,23.804693]]]}},{"type":"Feature","properties":{"survey":"bds","sheet":"063","dag":"31079","label_bn":"31079","area_sqm":327.0},"geometry":{"type":"Polygon","coordinates":[[[90.338148,23.80472],[90.338105,23.804879],[90.338094,23.804877],[90.33793,23.804855],[90.337935,23.804839],[90.337939,23.804827],[90.33796,23.804762],[90.337986,23.804689],[90.338148,23.80472]]]}},{"type":"Feature","properties":{"survey":"bds","sheet":"063","dag":"31082","label_bn":"31082","area_sqm":214.3},"geometry":{"type":"Polygon","coordinates":[[[90.338187,23.804786],[90.338153,23.804888],[90.338105,23.804879],[90.338148,23.80472],[90.338174,23.80464],[90.3382,23.804559],[90.338259,23.80457],[90.33822,23.804689],[90.338187,23.804786]]]}},{"type":"Feature","properties":{"survey":"bds","sheet":"063","dag":"31097","label_bn":"31097","area_sqm":155.9},"geometry":{"type":"Polygon","coordinates":[[[90.33831,23.804827],[90.338283,23.804912],[90.338153,23.804888],[90.338187,23.804786],[90.338315,23.804813],[90.33831,23.804827]]]}},{"type":"Feature","properties":{"survey":"bds","sheet":"063","dag":"31078","label_bn":"31078","area_sqm":163.1},"geometry":{"type":"Polygon","coordinates":[[[90.33793,23.804855],[90.337915,23.804924],[90.337755,23.804901],[90.337771,23.804814],[90.337935,23.804839],[90.33793,23.804855]]]}},{"type":"Feature","properties":{"survey":"bds","sheet":"063","dag":"31102","label_bn":"31102","area_sqm":169.0},"geometry":{"type":"Polygon","coordinates":[[[90.338476,23.804858],[90.338448,23.804943],[90.338283,23.804912],[90.33831,23.804827],[90.338476,23.804858]]]}},{"type":"Feature","properties":{"survey":"bds","sheet":"063","dag":"31103","label_bn":"31103","area_sqm":219.9},"geometry":{"type":"Polygon","coordinates":[[[90.338542,23.804838],[90.338506,23.804954],[90.338448,23.804943],[90.338476,23.804858],[90.338501,23.80478],[90.338501,23.804779],[90.338552,23.804625],[90.338611,23.804635],[90.33858,23.804726],[90.338542,23.804838]]]}},{"type":"Feature","properties":{"survey":"bds","sheet":"063","dag":"31104","label_bn":"31104","area_sqm":156.5},"geometry":{"type":"Polygon","coordinates":[[[90.338657,23.804861],[90.338618,23.804975],[90.338506,23.804954],[90.338542,23.804838],[90.338657,23.804861]]]}},{"type":"Feature","properties":{"survey":"bds","sheet":"063","dag":"31050","label_bn":"31050","area_sqm":5397.5},"geometry":{"type":"Polygon","coordinates":[[[90.337634,23.804886],[90.337619,23.804976],[90.337601,23.804973],[90.337483,23.80496],[90.337162,23.804916],[90.336899,23.804885],[90.336727,23.804868],[90.336736,23.804798],[90.336754,23.804655],[90.336765,23.804577],[90.336773,23.804523],[90.336783,23.804413],[90.336811,23.804417],[90.336932,23.804438],[90.337017,23.804453],[90.337113,23.804472],[90.337235,23.804494],[90.337356,23.804515],[90.33743,23.804529],[90.338013,23.804608],[90.337986,23.804689],[90.33796,23.804762],[90.337939,23.804827],[90.337935,23.804839],[90.337771,23.804814],[90.337755,23.804901],[90.337755,23.804902],[90.337634,23.804886]]]}},{"type":"Feature","properties":{"survey":"bds","sheet":"063","dag":"31118","label_bn":"31118","area_sqm":315.0},"geometry":{"type":"Polygon","coordinates":[[[90.339109,23.804915],[90.339173,23.804986],[90.338895,23.804914],[90.338938,23.804783],[90.339077,23.804809],[90.33907,23.804831],[90.339074,23.804842],[90.339109,23.804915]]]}},{"type":"Feature","properties":{"survey":"bds","sheet":"063","dag":"31072","label_bn":"31072","area_sqm":123.8},"geometry":{"type":"Polygon","coordinates":[[[90.337755,23.804902],[90.337739,23.80499],[90.337718,23.804988],[90.33764,23.804979],[90.337619,23.804976],[90.337634,23.804886],[90.337755,23.804902]]]}},{"type":"Feature","properties":{"survey":"bds","sheet":"063","dag":"31108","label_bn":"31108","area_sqm":304.4},"geometry":{"type":"Polygon","coordinates":[[[90.338847,23.804871],[90.338802,23.805009],[90.338689,23.804988],[90.338618,23.804975],[90.338657,23.804861],[90.338665,23.804837],[90.338665,23.804836],[90.338847,23.804871]]]}},{"type":"Feature","properties":{"survey":"bds","sheet":"063","dag":"31077","label_bn":"31077","area_sqm":162.9},"geometry":{"type":"Polygon","coordinates":[[[90.337912,23.80494],[90.337897,23.805012],[90.337779,23.804995],[90.337739,23.80499],[90.337755,23.804902],[90.337755,23.804901],[90.337915,23.804924],[90.337912,23.80494]]]}},{"type":"Feature","properties":{"survey":"bds","sheet":"063","dag":"31059","label_bn":"31059","area_sqm":289.6},"geometry":{"type":"Polygon","coordinates":[[[90.337162,23.804916],[90.337136,23.805011],[90.336877,23.80498],[90.336899,23.804885],[90.337162,23.804916]]]}},{"type":"Feature","properties":{"survey":"bds","sheet":"063","dag":"31117","label_bn":"31117","area_sqm":220.1},"geometry":{"type":"Polygon","coordinates":[[[90.338895,23.804914],[90.33886,23.80502],[90.338802,23.805009],[90.338847,23.804871],[90.338909,23.804693],[90.338964,23.804704],[90.338938,23.804783],[90.338895,23.804914]]]}},{"type":"Feature","properties":{"survey":"bds","sheet":"063","dag":"31060","label_bn":"31060","area_sqm":412.2},"geometry":{"type":"Polygon","coordinates":[[[90.337483,23.80496],[90.337449,23.805067],[90.337267,23.805045],[90.337132,23.805029],[90.337136,23.805011],[90.337162,23.804916],[90.337483,23.80496]]]}},{"type":"Feature","properties":{"survey":"bds","sheet":"063","dag":"31083","label_bn":"31083","area_sqm":406.6},"geometry":{"type":"Polygon","coordinates":[[[90.338071,23.804959],[90.338017,23.805093],[90.337868,23.805081],[90.337897,23.805012],[90.337912,23.80494],[90.337915,23.804924],[90.33793,23.804855],[90.338094,23.804877],[90.338105,23.804879],[90.338075,23.804948],[90.338071,23.804959]]]}},{"type":"Feature","properties":{"survey":"bds","sheet":"063","dag":"31071","label_bn":"31071","area_sqm":246.5},"geometry":{"type":"Polygon","coordinates":[[[90.33764,23.804979],[90.337599,23.805106],[90.337505,23.805103],[90.337439,23.805096],[90.337449,23.805067],[90.337483,23.80496],[90.337601,23.804973],[90.337619,23.804976],[90.33764,23.804979]]]}},{"type":"Feature","properties":{"survey":"bds","sheet":"063","dag":"31073","label_bn":"31073","area_sqm":202.8},"geometry":{"type":"Polygon","coordinates":[[[90.337779,23.804995],[90.337738,23.805117],[90.337635,23.805109],[90.337599,23.805106],[90.33764,23.804979],[90.337718,23.804988],[90.337739,23.80499],[90.337779,23.804995]]]}},{"type":"Feature","properties":{"survey":"bds","sheet":"063","dag":"31116","label_bn":"31116","area_sqm":440.4},"geometry":{"type":"Polygon","coordinates":[[[90.33896,23.805072],[90.338967,23.80504],[90.33886,23.80502],[90.338895,23.804914],[90.339173,23.804986],[90.339204,23.80502],[90.339169,23.80511],[90.33896,23.805072]]]}},{"type":"Feature","properties":{"survey":"bds","sheet":"063","dag":"31076","label_bn":"31076","area_sqm":160.4},"geometry":{"type":"Polygon","coordinates":[[[90.337867,23.805083],[90.337853,23.805124],[90.337747,23.805118],[90.337738,23.805117],[90.337779,23.804995],[90.337897,23.805012],[90.337868,23.805081],[90.337867,23.805083]]]}},{"type":"Feature","properties":{"survey":"bds","sheet":"063","dag":"31061","label_bn":"31061","area_sqm":144.7},"geometry":{"type":"Polygon","coordinates":[[[90.337267,23.805045],[90.337258,23.805131],[90.337109,23.805119],[90.337132,23.805029],[90.337267,23.805045]]]}},{"type":"Feature","properties":{"survey":"bds","sheet":"063","dag":"31016","label_bn":"31016","area_sqm":3956.6},"geometry":{"type":"Polygon","coordinates":[[[90.336488,23.805146],[90.336441,23.805174],[90.336345,23.805162],[90.336238,23.805156],[90.336158,23.805151],[90.336157,23.805151],[90.336154,23.805151],[90.336101,23.805148],[90.336053,23.805145],[90.336052,23.805145],[90.336023,23.805143],[90.335953,23.805139],[90.335677,23.805123],[90.335564,23.805119],[90.335605,23.804706],[90.336294,23.804804],[90.336546,23.80484],[90.336488,23.805146]]]}},{"type":"Feature","properties":{"survey":"bds","sheet":"063","dag":"31015","label_bn":"31015","area_sqm":476.8},"geometry":{"type":"Polygon","coordinates":[[[90.336678,23.80486],[90.336616,23.805176],[90.336488,23.805146],[90.336546,23.80484],[90.336678,23.80486]]]}},{"type":"Feature","properties":{"survey":"bds","sheet":"063","dag":"31051","label_bn":"31051","area_sqm":772.5},"geometry":{"type":"Polygon","coordinates":[[[90.336877,23.80498],[90.33684,23.80518],[90.336616,23.805176],[90.336678,23.80486],[90.336727,23.804868],[90.336899,23.804885],[90.336877,23.80498]]]}},{"type":"Feature","properties":{"survey":"bds","sheet":"063","dag":"31058","label_bn":"31058","area_sqm":533.2},"geometry":{"type":"Polygon","coordinates":[[[90.337096,23.805173],[90.33684,23.80518],[90.336877,23.80498],[90.337136,23.805011],[90.337132,23.805029],[90.337109,23.805119],[90.337096,23.805173]]]}},{"type":"Feature","properties":{"survey":"bds","sheet":"063","dag":"31084","label_bn":"31084","area_sqm":162.7},"geometry":{"type":"Polygon","coordinates":[[[90.338017,23.805093],[90.337981,23.805184],[90.337827,23.805177],[90.337828,23.805175],[90.33783,23.80517],[90.337853,23.805124],[90.337867,23.805083],[90.337868,23.805081],[90.338017,23.805093]]]}},{"type":"Feature","properties":{"survey":"bds","sheet":"063","dag":"31062","label_bn":"31062","area_sqm":134.9},"geometry":{"type":"Polygon","coordinates":[[[90.337258,23.805131],[90.33725,23.805205],[90.33709,23.805198],[90.337096,23.805173],[90.337109,23.805119],[90.337258,23.805131]]]}},{"type":"Feature","properties":{"survey":"bds","sheet":"063","dag":"31075","label_bn":"31075","area_sqm":129.5},"geometry":{"type":"Polygon","coordinates":[[[90.337808,23.805232],[90.337709,23.805237],[90.337747,23.805118],[90.337853,23.805124],[90.33783,23.80517],[90.337828,23.805175],[90.337827,23.805177],[90.337808,23.805232]]]}},{"type":"Feature","properties":{"survey":"bds","sheet":"063","dag":"31074","label_bn":"31074","area_sqm":161.2},"geometry":{"type":"Polygon","coordinates":[[[90.337709,23.805237],[90.337596,23.805244],[90.337635,23.805109],[90.337738,23.805117],[90.337747,23.805118],[90.337709,23.805237]]]}},{"type":"Feature","properties":{"survey":"bds","sheet":"063","dag":"31115","label_bn":"31115","area_sqm":320.1},"geometry":{"type":"Polygon","coordinates":[[[90.339169,23.80511],[90.339164,23.805121],[90.339138,23.805188],[90.33912,23.805246],[90.338937,23.805213],[90.338958,23.805083],[90.33896,23.805074],[90.33896,23.805072],[90.339169,23.80511]]]}},{"type":"Feature","properties":{"survey":"bds","sheet":"063","dag":"31096","label_bn":"31096","area_sqm":2111.2},"geometry":{"type":"Polygon","coordinates":[[[90.338673,23.805222],[90.338671,23.805249],[90.338277,23.805212],[90.337981,23.805184],[90.338017,23.805093],[90.338071,23.804959],[90.338075,23.804948],[90.338105,23.804879],[90.338153,23.804888],[90.338283,23.804912],[90.338448,23.804943],[90.338506,23.804954],[90.338618,23.804975],[90.338689,23.804988],[90.338682,23.805042],[90.338682,23.805045],[90.338677,23.805158],[90.338673,23.805222]]]}},{"type":"Feature","properties":{"survey":"bds","sheet":"063","dag":"31070","label_bn":"31070","area_sqm":323.7},"geometry":{"type":"Polygon","coordinates":[[[90.337462,23.805245],[90.337392,23.805248],[90.337439,23.805096],[90.337505,23.805103],[90.337599,23.805106],[90.337635,23.805109],[90.337596,23.805244],[90.337489,23.805245],[90.337462,23.805245]]]}},{"type":"Feature","properties":{"survey":"bds","sheet":"063","dag":"31095","label_bn":"31095","area_sqm":424.5},"geometry":{"type":"Polygon","coordinates":[[[90.3389,23.805083],[90.338871,23.805257],[90.338673,23.805222],[90.338677,23.805158],[90.338682,23.805045],[90.338682,23.805042],[90.3389,23.805083]]]}},{"type":"Feature","properties":{"survey":"bds","sheet":"063","dag":"31005","label_bn":"31005","area_sqm":163.3},"geometry":{"type":"Polygon","coordinates":[[[90.336053,23.805145],[90.336039,23.805284],[90.336033,23.805284],[90.335935,23.805281],[90.335953,23.805139],[90.336023,23.805143],[90.336052,23.805145],[90.336053,23.805145]]]}},{"type":"Feature","properties":{"survey":"bds","sheet":"063","dag":"31007","label_bn":"31007","area_sqm":159.8},"geometry":{"type":"Polygon","coordinates":[[[90.336157,23.805151],[90.33614,23.805286],[90.336139,23.805286],[90.336136,23.805286],[90.336057,23.805284],[90.336039,23.805284],[90.336053,23.805145],[90.336101,23.805148],[90.336154,23.805151],[90.336157,23.805151]]]}},{"type":"Feature","properties":{"survey":"bds","sheet":"063","dag":"31063","label_bn":"31063","area_sqm":411.6},"geometry":{"type":"Polygon","coordinates":[[[90.337363,23.805272],[90.33724,23.80529],[90.33725,23.805205],[90.337258,23.805131],[90.337267,23.805045],[90.337449,23.805067],[90.337439,23.805096],[90.337392,23.805248],[90.337363,23.805272]]]}},{"type":"Feature","properties":{"survey":"bds","sheet":"063","dag":"31009","label_bn":"31009","area_sqm":122.1},"geometry":{"type":"Polygon","coordinates":[[[90.336238,23.805156],[90.336218,23.805289],[90.33614,23.805286],[90.336157,23.805151],[90.336158,23.805151],[90.336238,23.805156]]]}},{"type":"Feature","properties":{"survey":"bds","sheet":"063","dag":"31010","label_bn":"31010","area_sqm":160.4},"geometry":{"type":"Polygon","coordinates":[[[90.336345,23.805162],[90.336327,23.80529],[90.336248,23.80529],[90.33624,23.80529],[90.336218,23.805289],[90.336238,23.805156],[90.336345,23.805162]]]}},{"type":"Feature","properties":{"survey":"bds","sheet":"063","dag":"31011","label_bn":"31011","area_sqm":144.4},"geometry":{"type":"Polygon","coordinates":[[[90.336439,23.805289],[90.336327,23.80529],[90.336345,23.805162],[90.336441,23.805174],[90.336439,23.805289]]]}},{"type":"Feature","properties":{"survey":"bds","sheet":"063","dag":"31014","label_bn":"31014","area_sqm":247.7},"geometry":{"type":"Polygon","coordinates":[[[90.336616,23.805176],[90.3366,23.805291],[90.336484,23.80529],[90.336439,23.805289],[90.336441,23.805174],[90.336488,23.805146],[90.336616,23.805176]]]}},{"type":"Feature","properties":{"survey":"bds","sheet":"063","dag":"31114","label_bn":"31114","area_sqm":152.3},"geometry":{"type":"Polygon","coordinates":[[[90.33912,23.805246],[90.3391,23.805313],[90.339099,23.805317],[90.338924,23.805286],[90.338925,23.805281],[90.338937,23.805213],[90.33912,23.805246]]]}},{"type":"Feature","properties":{"survey":"bds","sheet":"063","dag":"31064","label_bn":"31064","area_sqm":193.5},"geometry":{"type":"Polygon","coordinates":[[[90.337139,23.805304],[90.337059,23.805315],[90.337063,23.805302],[90.33709,23.805198],[90.33725,23.805205],[90.33724,23.80529],[90.337139,23.805304]]]}},{"type":"Feature","properties":{"survey":"bds","sheet":"063","dag":"31094","label_bn":"31094","area_sqm":189.6},"geometry":{"type":"Polygon","coordinates":[[[90.338871,23.805257],[90.338856,23.805342],[90.338668,23.805307],[90.338671,23.805249],[90.338673,23.805222],[90.338871,23.805257]]]}},{"type":"Feature","properties":{"survey":"bds","sheet":"063","dag":"31004","label_bn":"31004","area_sqm":652.9},"geometry":{"type":"Polygon","coordinates":[[[90.335935,23.805281],[90.335927,23.805342],[90.335766,23.805336],[90.335649,23.805336],[90.335677,23.805123],[90.335953,23.805139],[90.335935,23.805281]]]}},{"type":"Feature","properties":{"survey":"bds","sheet":"063","dag":"31057","label_bn":"31057","area_sqm":420.3},"geometry":{"type":"Polygon","coordinates":[[[90.337063,23.805302],[90.336807,23.805347],[90.33684,23.80518],[90.337096,23.805173],[90.33709,23.805198],[90.337063,23.805302]]]}},{"type":"Feature","properties":{"survey":"bds","sheet":"063","dag":"31056","label_bn":"31056","area_sqm":35.3},"geometry":{"type":"Polygon","coordinates":[[[90.336931,23.805338],[90.33681,23.805361],[90.336807,23.805347],[90.337063,23.805302],[90.337059,23.805315],[90.337027,23.805319],[90.336931,23.805338]]]}},{"type":"Feature","properties":{"survey":"bds","sheet":"063","dag":"31093","label_bn":"31093","area_sqm":91.5},"geometry":{"type":"Polygon","coordinates":[[[90.338856,23.805342],[90.338849,23.805384],[90.338665,23.80535],[90.338668,23.805307],[90.338856,23.805342]]]}},{"type":"Feature","properties":{"survey":"bds","sheet":"063","dag":"31069","label_bn":"31069","area_sqm":501.4},"geometry":{"type":"Polygon","coordinates":[[[90.337542,23.805391],[90.337469,23.805401],[90.337462,23.805245],[90.337489,23.805245],[90.337596,23.805244],[90.337709,23.805237],[90.337808,23.805232],[90.337727,23.80538],[90.337723,23.805393],[90.337624,23.80538],[90.337542,23.805391]]]}},{"type":"Feature","properties":{"survey":"bds","sheet":"063","dag":"31068","label_bn":"31068","area_sqm":177.4},"geometry":{"type":"Polygon","coordinates":[[[90.337469,23.805401],[90.337371,23.805415],[90.337363,23.805272],[90.337392,23.805248],[90.337462,23.805245],[90.337469,23.805401]]]}},{"type":"Feature","properties":{"survey":"bds","sheet":"063","dag":"31012","label_bn":"31012","area_sqm":360.3},"geometry":{"type":"Polygon","coordinates":[[[90.336476,23.805416],[90.336227,23.805421],[90.33624,23.80529],[90.336248,23.80529],[90.336327,23.80529],[90.336439,23.805289],[90.336484,23.80529],[90.336476,23.805416]]]}},{"type":"Feature","properties":{"survey":"bds","sheet":"063","dag":"31092","label_bn":"31092","area_sqm":92.2},"geometry":{"type":"Polygon","coordinates":[[[90.338849,23.805384],[90.338842,23.805427],[90.338662,23.805394],[90.338665,23.80535],[90.338849,23.805384]]]}},{"type":"Feature","properties":{"survey":"bds","sheet":"063","dag":"31008","label_bn":"31008","area_sqm":286.3},"geometry":{"type":"Polygon","coordinates":[[[90.336227,23.805421],[90.336039,23.805425],[90.336057,23.805284],[90.336136,23.805286],[90.336139,23.805286],[90.33614,23.805286],[90.336218,23.805289],[90.33624,23.80529],[90.336227,23.805421]]]}},{"type":"Feature","properties":{"survey":"bds","sheet":"063","dag":"31006","label_bn":"31006","area_sqm":199.6},"geometry":{"type":"Polygon","coordinates":[[[90.336039,23.805425],[90.335916,23.805427],[90.335927,23.805342],[90.335935,23.805281],[90.336033,23.805284],[90.336039,23.805284],[90.336057,23.805284],[90.336039,23.805425]]]}},{"type":"Feature","properties":{"survey":"bds","sheet":"063","dag":"31067","label_bn":"31067","area_sqm":199.6},"geometry":{"type":"Polygon","coordinates":[[[90.337371,23.805415],[90.337249,23.805431],[90.33724,23.80529],[90.337363,23.805272],[90.337371,23.805415]]]}},{"type":"Feature","properties":{"survey":"bds","sheet":"063","dag":"31085","label_bn":"31085","area_sqm":406.4},"geometry":{"type":"Polygon","coordinates":[[[90.337981,23.805184],[90.337851,23.80544],[90.33785,23.80544],[90.337781,23.805412],[90.337723,23.805393],[90.337727,23.80538],[90.337808,23.805232],[90.337827,23.805177],[90.337981,23.805184]]]}},{"type":"Feature","properties":{"survey":"bds","sheet":"063","dag":"31066","label_bn":"31066","area_sqm":164.2},"geometry":{"type":"Polygon","coordinates":[[[90.337249,23.805431],[90.337146,23.805444],[90.337139,23.805304],[90.33724,23.80529],[90.337249,23.805431]]]}},{"type":"Feature","properties":{"survey":"bds","sheet":"063","dag":"31052","label_bn":"31052","area_sqm":583.7},"geometry":{"type":"Polygon","coordinates":[[[90.336683,23.805416],[90.336578,23.805451],[90.3366,23.805291],[90.336616,23.805176],[90.33684,23.80518],[90.336807,23.805347],[90.33681,23.805361],[90.336812,23.805372],[90.336683,23.805416]]]}},{"type":"Feature","properties":{"survey":"bds","sheet":"063","dag":"31113","label_bn":"31113","area_sqm":290.5},"geometry":{"type":"Polygon","coordinates":[[[90.339099,23.805317],[90.339075,23.805394],[90.339062,23.805454],[90.33906,23.805464],[90.3389,23.805436],[90.338898,23.805435],[90.338924,23.805286],[90.339099,23.805317]]]}},{"type":"Feature","properties":{"survey":"bds","sheet":"063","dag":"31091","label_bn":"31091","area_sqm":67.6},"geometry":{"type":"Polygon","coordinates":[[[90.338842,23.805427],[90.338836,23.80546],[90.33866,23.805427],[90.338662,23.805394],[90.338842,23.805427]]]}},{"type":"Feature","properties":{"survey":"bds","sheet":"063","dag":"31065","label_bn":"31065","area_sqm":333.4},"geometry":{"type":"Polygon","coordinates":[[[90.337146,23.805444],[90.337006,23.805469],[90.336938,23.805465],[90.336931,23.805338],[90.337027,23.805319],[90.337059,23.805315],[90.337139,23.805304],[90.337146,23.805444]]]}},{"type":"Feature","properties":{"survey":"bds","sheet":"063","dag":"31055","label_bn":"31055","area_sqm":161.3},"geometry":{"type":"Polygon","coordinates":[[[90.336853,23.80548],[90.336835,23.805483],[90.336812,23.805372],[90.33681,23.805361],[90.336931,23.805338],[90.336938,23.805465],[90.336932,23.805465],[90.336853,23.80548]]]}},{"type":"Feature","properties":{"survey":"bds","sheet":"063","dag":"31090","label_bn":"31090","area_sqm":66.3},"geometry":{"type":"Polygon","coordinates":[[[90.338836,23.80546],[90.338831,23.805493],[90.338658,23.80546],[90.33866,23.805427],[90.338836,23.80546]]]}},{"type":"Feature","properties":{"survey":"bds","sheet":"063","dag":"31054","label_bn":"31054","area_sqm":156.9},"geometry":{"type":"Polygon","coordinates":[[[90.336707,23.805503],[90.336697,23.805503],[90.336683,23.805416],[90.336812,23.805372],[90.336835,23.805483],[90.336802,23.805487],[90.336707,23.805503]]]}},{"type":"Feature","properties":{"survey":"bds","sheet":"063","dag":"31013","label_bn":"31013","area_sqm":625.0},"geometry":{"type":"Polygon","coordinates":[[[90.335945,23.805505],[90.335906,23.805508],[90.335916,23.805427],[90.336039,23.805425],[90.336227,23.805421],[90.336476,23.805416],[90.336484,23.80529],[90.3366,23.805291],[90.336578,23.805451],[90.336529,23.805465],[90.336076,23.805493],[90.335945,23.805505]]]}},{"type":"Feature","properties":{"survey":"bds","sheet":"063","dag":"31112","label_bn":"31112","area_sqm":125.6},"geometry":{"type":"Polygon","coordinates":[[[90.3389,23.805436],[90.33906,23.805464],[90.339047,23.805522],[90.339045,23.805531],[90.338889,23.805503],[90.338887,23.805503],[90.338898,23.805435],[90.3389,23.805436]]]}},{"type":"Feature","properties":{"survey":"bds","sheet":"063","dag":"31003","label_bn":"31003","area_sqm":313.6},"geometry":{"type":"Polygon","coordinates":[[[90.335906,23.805508],[90.335754,23.805525],[90.335766,23.805336],[90.335927,23.805342],[90.335916,23.805427],[90.335906,23.805508]]]}},{"type":"Feature","properties":{"survey":"bds","sheet":"063","dag":"31089","label_bn":"31089","area_sqm":86.3},"geometry":{"type":"Polygon","coordinates":[[[90.338831,23.805493],[90.338824,23.805536],[90.338656,23.805504],[90.338658,23.80546],[90.338831,23.805493]]]}},{"type":"Feature","properties":{"survey":"bds","sheet":"063","dag":"31053","label_bn":"31053","area_sqm":159.3},"geometry":{"type":"Polygon","coordinates":[[[90.33665,23.805537],[90.336536,23.805539],[90.336529,23.805465],[90.336578,23.805451],[90.336683,23.805416],[90.336697,23.805503],[90.336647,23.805505],[90.33665,23.805537]]]}},{"type":"Feature","properties":{"survey":"bds","sheet":"063","dag":"31002","label_bn":"31002","area_sqm":844.5},"geometry":{"type":"Polygon","coordinates":[[[90.335754,23.805525],[90.335492,23.805541],[90.335561,23.80514],[90.335564,23.805119],[90.335677,23.805123],[90.335649,23.805336],[90.335766,23.805336],[90.335754,23.805525]]]}},{"type":"Feature","properties":{"survey":"bds","sheet":"063","dag":"31111","label_bn":"31111","area_sqm":117.8},"geometry":{"type":"Polygon","coordinates":[[[90.338889,23.805503],[90.339045,23.805531],[90.339032,23.805587],[90.339031,23.805595],[90.338878,23.805567],[90.338875,23.805567],[90.338887,23.805503],[90.338889,23.805503]]]}},{"type":"Feature","properties":{"survey":"bds","sheet":"063","dag":"31001","label_bn":"31001","area_sqm":2199.3},"geometry":{"type":"Polygon","coordinates":[[[90.335492,23.805541],[90.335409,23.805587],[90.335474,23.805126],[90.335487,23.805018],[90.335501,23.804907],[90.335508,23.804853],[90.335522,23.804744],[90.335537,23.804634],[90.335559,23.80447],[90.335563,23.804367],[90.335584,23.80436],[90.335592,23.804304],[90.335619,23.804085],[90.335626,23.80403],[90.33564,23.803922],[90.335654,23.803812],[90.335661,23.803756],[90.335681,23.803613],[90.335692,23.803538],[90.335697,23.803483],[90.335711,23.803373],[90.335726,23.803262],[90.335812,23.80328],[90.335796,23.803393],[90.335779,23.803501],[90.335772,23.803555],[90.335762,23.803666],[90.335745,23.803774],[90.335736,23.803828],[90.335721,23.803938],[90.335707,23.804047],[90.3357,23.8041],[90.335686,23.804212],[90.335671,23.804323],[90.335662,23.804377],[90.335645,23.804486],[90.335626,23.804603],[90.335605,23.804706],[90.335564,23.805119],[90.335561,23.80514],[90.335492,23.805541]]]}},{"type":"Feature","properties":{"survey":"bds","sheet":"063","dag":"31086","label_bn":"31086","area_sqm":1304.3},"geometry":{"type":"Polygon","coordinates":[[[90.338277,23.805212],[90.338224,23.805594],[90.337851,23.80544],[90.337981,23.805184],[90.338277,23.805212]]]}},{"type":"Feature","properties":{"survey":"bds","sheet":"063","dag":"31087","label_bn":"31087","area_sqm":1838.0},"geometry":{"type":"Polygon","coordinates":[[[90.338656,23.805504],[90.338647,23.805651],[90.338224,23.805594],[90.338277,23.805212],[90.338671,23.805249],[90.338668,23.805307],[90.338665,23.80535],[90.338662,23.805394],[90.33866,23.805427],[90.338658,23.80546],[90.338656,23.805504]]]}},{"type":"Feature","properties":{"survey":"bds","sheet":"063","dag":"31088","label_bn":"31088","area_sqm":263.6},"geometry":{"type":"Polygon","coordinates":[[[90.338824,23.805536],[90.338801,23.805672],[90.338647,23.805651],[90.338656,23.805504],[90.338824,23.805536]]]}},{"type":"Feature","properties":{"survey":"bds","sheet":"063","dag":"31109","label_bn":"31109","area_sqm":561.2},"geometry":{"type":"Polygon","coordinates":[[[90.338937,23.805213],[90.338856,23.80568],[90.338801,23.805672],[90.338824,23.805536],[90.338831,23.805493],[90.338836,23.80546],[90.338842,23.805427],[90.338849,23.805384],[90.338856,23.805342],[90.338871,23.805257],[90.3389,23.805083],[90.338682,23.805042],[90.338689,23.804988],[90.338802,23.805009],[90.33886,23.80502],[90.338967,23.80504],[90.33896,23.805074],[90.338958,23.805083],[90.338937,23.805213]]]}},{"type":"Feature","properties":{"survey":"bds","sheet":"063","dag":"31110","label_bn":"31110","area_sqm":206.0},"geometry":{"type":"Polygon","coordinates":[[[90.338878,23.805567],[90.339031,23.805595],[90.339023,23.80563],[90.339036,23.805632],[90.339018,23.805702],[90.33886,23.80568],[90.338856,23.80568],[90.338875,23.805567],[90.338878,23.805567]]]}}]}