{"type":"FeatureCollection","features":[{"type":"Feature","properties":{"survey":"bds","sheet":"064","dag":"31713","label_bn":"31713","area_sqm":109.1},"geometry":{"type":"Polygon","coordinates":[[[90.337128,23.7998],[90.337144,23.799869],[90.337027,23.799865],[90.337028,23.799829],[90.33703,23.799794],[90.337031,23.799772],[90.337123,23.799777],[90.337128,23.7998]]]}},{"type":"Feature","properties":{"survey":"bds","sheet":"064","dag":"31682","label_bn":"31682","area_sqm":57.0},"geometry":{"type":"Polygon","coordinates":[[[90.336531,23.799902],[90.336451,23.799906],[90.336451,23.799905],[90.336452,23.799897],[90.336452,23.799895],[90.336455,23.799842],[90.336538,23.799842],[90.336531,23.799896],[90.336531,23.799897],[90.336531,23.799902]]]}},{"type":"Feature","properties":{"survey":"bds","sheet":"064","dag":"31681","label_bn":"31681","area_sqm":45.8},"geometry":{"type":"Polygon","coordinates":[[[90.336451,23.799906],[90.336449,23.799918],[90.336401,23.799908],[90.336408,23.799828],[90.336457,23.799832],[90.336455,23.799841],[90.336455,23.799842],[90.336452,23.799895],[90.336452,23.799897],[90.336451,23.799905],[90.336451,23.799906]]]}},{"type":"Feature","properties":{"survey":"bds","sheet":"064","dag":"31680","label_bn":"31680","area_sqm":81.3},"geometry":{"type":"Polygon","coordinates":[[[90.336401,23.799908],[90.336398,23.799933],[90.336327,23.799932],[90.336336,23.799892],[90.336338,23.79984],[90.336356,23.799824],[90.336408,23.799828],[90.336401,23.799908]]]}},{"type":"Feature","properties":{"survey":"bds","sheet":"064","dag":"31687","label_bn":"31687","area_sqm":184.2},"geometry":{"type":"Polygon","coordinates":[[[90.336847,23.79983],[90.336827,23.799944],[90.336689,23.799937],[90.336697,23.799825],[90.336777,23.799828],[90.336847,23.79983]]]}},{"type":"Feature","properties":{"survey":"bds","sheet":"064","dag":"31693","label_bn":"31693","area_sqm":177.9},"geometry":{"type":"Polygon","coordinates":[[[90.336998,23.799828],[90.336992,23.799947],[90.336857,23.799943],[90.336863,23.799872],[90.336878,23.799823],[90.336998,23.799828]]]}},{"type":"Feature","properties":{"survey":"bds","sheet":"064","dag":"31714","label_bn":"31714","area_sqm":105.1},"geometry":{"type":"Polygon","coordinates":[[[90.337214,23.799829],[90.337222,23.799954],[90.337157,23.799935],[90.337144,23.799869],[90.337128,23.7998],[90.337169,23.799808],[90.337169,23.79982],[90.337214,23.799829]]]}},{"type":"Feature","properties":{"survey":"bds","sheet":"064","dag":"31715","label_bn":"31715","area_sqm":107.1},"geometry":{"type":"Polygon","coordinates":[[[90.3373,23.799846],[90.337294,23.79996],[90.337222,23.799954],[90.337214,23.799829],[90.3373,23.799846]]]}},{"type":"Feature","properties":{"survey":"bds","sheet":"064","dag":"31651","label_bn":"31651","area_sqm":107.5},"geometry":{"type":"Polygon","coordinates":[[[90.336009,23.799862],[90.336,23.79996],[90.335893,23.799946],[90.335919,23.799855],[90.336009,23.799862]]]}},{"type":"Feature","properties":{"survey":"bds","sheet":"064","dag":"31643","label_bn":"31643","area_sqm":121.9},"geometry":{"type":"Polygon","coordinates":[[[90.335889,23.799854],[90.335859,23.799964],[90.335752,23.79995],[90.335783,23.799884],[90.335797,23.79985],[90.335889,23.799854]]]}},{"type":"Feature","properties":{"survey":"bds","sheet":"064","dag":"31716","label_bn":"31716","area_sqm":105.2},"geometry":{"type":"Polygon","coordinates":[[[90.337391,23.799863],[90.337368,23.799969],[90.337341,23.799966],[90.337314,23.799963],[90.337294,23.79996],[90.3373,23.799846],[90.337391,23.799863]]]}},{"type":"Feature","properties":{"survey":"bds","sheet":"064","dag":"31684","label_bn":"31684","area_sqm":270.1},"geometry":{"type":"Polygon","coordinates":[[[90.336678,23.799818],[90.336662,23.799992],[90.336527,23.799985],[90.336531,23.799941],[90.336531,23.799902],[90.336531,23.799897],[90.336531,23.799896],[90.336538,23.799842],[90.336542,23.799812],[90.336678,23.799818]]]}},{"type":"Feature","properties":{"survey":"bds","sheet":"064","dag":"31712","label_bn":"31712","area_sqm":187.8},"geometry":{"type":"Polygon","coordinates":[[[90.337155,23.799943],[90.337147,23.799998],[90.33702,23.799995],[90.337027,23.799865],[90.337144,23.799869],[90.337157,23.799935],[90.337155,23.799943]]]}},{"type":"Feature","properties":{"survey":"bds","sheet":"064","dag":"31642","label_bn":"31642","area_sqm":175.5},"geometry":{"type":"Polygon","coordinates":[[[90.335752,23.79995],[90.33573,23.799999],[90.335607,23.799982],[90.335651,23.799866],[90.335783,23.799884],[90.335752,23.79995]]]}},{"type":"Feature","properties":{"survey":"bds","sheet":"064","dag":"31717","label_bn":"31717","area_sqm":151.5},"geometry":{"type":"Polygon","coordinates":[[[90.337496,23.799884],[90.337473,23.800016],[90.337368,23.799969],[90.337391,23.799863],[90.337496,23.799884]]]}},{"type":"Feature","properties":{"survey":"bds","sheet":"064","dag":"31845","label_bn":"31845","area_sqm":148.6},"geometry":{"type":"Polygon","coordinates":[[[90.337659,23.799929],[90.337607,23.800036],[90.33753,23.799989],[90.337507,23.799982],[90.337527,23.799888],[90.337659,23.799929]]]}},{"type":"Feature","properties":{"survey":"bds","sheet":"064","dag":"31650","label_bn":"31650","area_sqm":126.2},"geometry":{"type":"Polygon","coordinates":[[[90.335994,23.800023],[90.33599,23.800055],[90.335868,23.800041],[90.335893,23.799946],[90.336,23.79996],[90.335995,23.800012],[90.335994,23.800023]]]}},{"type":"Feature","properties":{"survey":"bds","sheet":"064","dag":"31688","label_bn":"31688","area_sqm":180.9},"geometry":{"type":"Polygon","coordinates":[[[90.336827,23.799944],[90.33682,23.80006],[90.336683,23.800053],[90.336689,23.799937],[90.336827,23.799944]]]}},{"type":"Feature","properties":{"survey":"bds","sheet":"064","dag":"31694","label_bn":"31694","area_sqm":181.8},"geometry":{"type":"Polygon","coordinates":[[[90.336992,23.799947],[90.336986,23.800065],[90.336849,23.800062],[90.336857,23.799943],[90.336992,23.799947]]]}},{"type":"Feature","properties":{"survey":"bds","sheet":"064","dag":"31846","label_bn":"31846","area_sqm":310.4},"geometry":{"type":"Polygon","coordinates":[[[90.338102,23.80007],[90.338102,23.80007],[90.3381,23.80007],[90.338004,23.800038],[90.337979,23.80003],[90.337916,23.800009],[90.337819,23.79998],[90.337659,23.799929],[90.337527,23.799888],[90.337496,23.799884],[90.337391,23.799863],[90.3373,23.799846],[90.337214,23.799829],[90.337169,23.79982],[90.337169,23.799808],[90.337169,23.799796],[90.337295,23.799817],[90.337418,23.79984],[90.337529,23.799859],[90.337559,23.799867],[90.337647,23.799894],[90.337743,23.799927],[90.337796,23.79994],[90.337931,23.799986],[90.337933,23.799987],[90.338021,23.800015],[90.338113,23.800046],[90.338102,23.80007]]]}},{"type":"Feature","properties":{"survey":"bds","sheet":"064","dag":"31685","label_bn":"31685","area_sqm":127.0},"geometry":{"type":"Polygon","coordinates":[[[90.33666,23.80007],[90.33652,23.80007],[90.336527,23.799985],[90.336662,23.799992],[90.33666,23.80007]]]}},{"type":"Feature","properties":{"survey":"bds","sheet":"064","dag":"31686","label_bn":"31686","area_sqm":63.3},"geometry":{"type":"Polygon","coordinates":[[[90.336683,23.800053],[90.336682,23.800072],[90.33666,23.80007],[90.336662,23.799992],[90.336678,23.799818],[90.336697,23.799825],[90.336689,23.799937],[90.336683,23.800053]]]}},{"type":"Feature","properties":{"survey":"bds","sheet":"064","dag":"31641","label_bn":"31641","area_sqm":103.7},"geometry":{"type":"Polygon","coordinates":[[[90.33573,23.799999],[90.335702,23.800072],[90.33559,23.80006],[90.335607,23.799982],[90.33573,23.799999]]]}},{"type":"Feature","properties":{"survey":"bds","sheet":"064","dag":"31711","label_bn":"31711","area_sqm":193.7},"geometry":{"type":"Polygon","coordinates":[[[90.337314,23.799963],[90.337293,23.800074],[90.337141,23.800045],[90.337141,23.800044],[90.337147,23.799998],[90.337155,23.799943],[90.337157,23.799935],[90.337222,23.799954],[90.337294,23.79996],[90.337314,23.799963]]]}},{"type":"Feature","properties":{"survey":"bds","sheet":"064","dag":"31718","label_bn":"31718","area_sqm":158.7},"geometry":{"type":"Polygon","coordinates":[[[90.337488,23.800019],[90.337472,23.800094],[90.337323,23.800068],[90.337341,23.799966],[90.337368,23.799969],[90.337473,23.800016],[90.337488,23.800019]]]}},{"type":"Feature","properties":{"survey":"bds","sheet":"064","dag":"31844","label_bn":"31844","area_sqm":68.4},"geometry":{"type":"Polygon","coordinates":[[[90.337607,23.800036],[90.337585,23.800099],[90.337511,23.800062],[90.33753,23.799989],[90.337607,23.800036]]]}},{"type":"Feature","properties":{"survey":"bds","sheet":"064","dag":"31652","label_bn":"31652","area_sqm":544.7},"geometry":{"type":"Polygon","coordinates":[[[90.336249,23.79983],[90.336204,23.800108],[90.336159,23.800079],[90.336135,23.800063],[90.335994,23.800023],[90.335995,23.800012],[90.336,23.79996],[90.336009,23.799862],[90.336101,23.799851],[90.336214,23.799837],[90.336249,23.79983]]]}},{"type":"Feature","properties":{"survey":"bds","sheet":"064","dag":"31847","label_bn":"31847","area_sqm":275.9},"geometry":{"type":"Polygon","coordinates":[[[90.337819,23.79998],[90.337774,23.800118],[90.337711,23.800101],[90.337607,23.800036],[90.337659,23.799929],[90.337819,23.79998]]]}},{"type":"Feature","properties":{"survey":"bds","sheet":"064","dag":"31709","label_bn":"31709","area_sqm":182.3},"geometry":{"type":"Polygon","coordinates":[[[90.337141,23.800045],[90.337129,23.80013],[90.337011,23.800125],[90.33702,23.799995],[90.337147,23.799998],[90.337141,23.800044],[90.337141,23.800045]]]}},{"type":"Feature","properties":{"survey":"bds","sheet":"064","dag":"31640","label_bn":"31640","area_sqm":236.3},"geometry":{"type":"Polygon","coordinates":[[[90.33582,23.800109],[90.335813,23.800135],[90.335684,23.800115],[90.335702,23.800072],[90.33573,23.799999],[90.335752,23.79995],[90.335859,23.799964],[90.33582,23.800109]]]}},{"type":"Feature","properties":{"survey":"bds","sheet":"064","dag":"31649","label_bn":"31649","area_sqm":117.0},"geometry":{"type":"Polygon","coordinates":[[[90.33599,23.800055],[90.33598,23.800136],[90.335848,23.800118],[90.335868,23.800041],[90.33599,23.800055]]]}},{"type":"Feature","properties":{"survey":"bds","sheet":"064","dag":"31678","label_bn":"31678","area_sqm":127.0},"geometry":{"type":"Polygon","coordinates":[[[90.336682,23.800072],[90.336679,23.800139],[90.336514,23.800138],[90.33652,23.80007],[90.33666,23.80007],[90.336682,23.800072]]]}},{"type":"Feature","properties":{"survey":"bds","sheet":"064","dag":"31848","label_bn":"31848","area_sqm":167.3},"geometry":{"type":"Polygon","coordinates":[[[90.337916,23.800009],[90.337873,23.800145],[90.337816,23.800131],[90.337774,23.800118],[90.337819,23.79998],[90.337916,23.800009]]]}},{"type":"Feature","properties":{"survey":"bds","sheet":"064","dag":"31654","label_bn":"31654","area_sqm":286.7},"geometry":{"type":"Polygon","coordinates":[[[90.336321,23.799821],[90.336293,23.800145],[90.336252,23.800141],[90.336204,23.800108],[90.336249,23.79983],[90.33628,23.799826],[90.336321,23.799821]]]}},{"type":"Feature","properties":{"survey":"bds","sheet":"064","dag":"31655","label_bn":"31655","area_sqm":65.7},"geometry":{"type":"Polygon","coordinates":[[[90.336326,23.799938],[90.336309,23.800145],[90.336293,23.800145],[90.336321,23.799821],[90.336342,23.799812],[90.336356,23.799824],[90.336338,23.79984],[90.336336,23.799892],[90.336327,23.799932],[90.336326,23.799938]]]}},{"type":"Feature","properties":{"survey":"bds","sheet":"064","dag":"31679","label_bn":"31679","area_sqm":523.0},"geometry":{"type":"Polygon","coordinates":[[[90.33647,23.80014],[90.336309,23.800145],[90.336326,23.799938],[90.336327,23.799932],[90.336398,23.799933],[90.336401,23.799908],[90.336449,23.799918],[90.336451,23.799906],[90.336531,23.799902],[90.336531,23.799941],[90.336527,23.799985],[90.33652,23.80007],[90.336514,23.800138],[90.336496,23.800138],[90.33647,23.80014]]]}},{"type":"Feature","properties":{"survey":"bds","sheet":"064","dag":"31638","label_bn":"31638","area_sqm":103.8},"geometry":{"type":"Polygon","coordinates":[[[90.335669,23.800148],[90.335667,23.800152],[90.335564,23.800143],[90.33559,23.80006],[90.335702,23.800072],[90.335684,23.800115],[90.335669,23.800148]]]}},{"type":"Feature","properties":{"survey":"bds","sheet":"064","dag":"31843","label_bn":"31843","area_sqm":102.3},"geometry":{"type":"Polygon","coordinates":[[[90.337711,23.800101],[90.337693,23.800162],[90.337592,23.800111],[90.337509,23.800071],[90.33751,23.800066],[90.337511,23.800062],[90.337585,23.800099],[90.337607,23.800036],[90.337711,23.800101]]]}},{"type":"Feature","properties":{"survey":"bds","sheet":"064","dag":"31854","label_bn":"31854","area_sqm":145.4},"geometry":{"type":"Polygon","coordinates":[[[90.338004,23.800038],[90.337963,23.800167],[90.337891,23.80015],[90.337873,23.800145],[90.337916,23.800009],[90.337979,23.80003],[90.338004,23.800038]]]}},{"type":"Feature","properties":{"survey":"bds","sheet":"064","dag":"31689","label_bn":"31689","area_sqm":181.7},"geometry":{"type":"Polygon","coordinates":[[[90.33682,23.80006],[90.336812,23.800176],[90.336677,23.800172],[90.336679,23.800139],[90.336682,23.800072],[90.336683,23.800053],[90.33682,23.80006]]]}},{"type":"Feature","properties":{"survey":"bds","sheet":"064","dag":"31719","label_bn":"31719","area_sqm":143.2},"geometry":{"type":"Polygon","coordinates":[[[90.337472,23.800094],[90.337456,23.800177],[90.337312,23.800152],[90.337323,23.800068],[90.337472,23.800094]]]}},{"type":"Feature","properties":{"survey":"bds","sheet":"064","dag":"31695","label_bn":"31695","area_sqm":180.3},"geometry":{"type":"Polygon","coordinates":[[[90.336986,23.800065],[90.336977,23.800181],[90.336841,23.800177],[90.336849,23.800062],[90.336986,23.800065]]]}},{"type":"Feature","properties":{"survey":"bds","sheet":"064","dag":"31855","label_bn":"31855","area_sqm":146.0},"geometry":{"type":"Polygon","coordinates":[[[90.3381,23.80007],[90.338054,23.80019],[90.337963,23.800167],[90.338004,23.800038],[90.3381,23.80007]]]}},{"type":"Feature","properties":{"survey":"bds","sheet":"064","dag":"31647","label_bn":"31647","area_sqm":232.6},"geometry":{"type":"Polygon","coordinates":[[[90.336159,23.800079],[90.336091,23.80019],[90.336062,23.800186],[90.335975,23.800173],[90.33598,23.800136],[90.33599,23.800055],[90.335994,23.800023],[90.336135,23.800063],[90.336159,23.800079]]]}},{"type":"Feature","properties":{"survey":"bds","sheet":"064","dag":"31710","label_bn":"31710","area_sqm":218.7},"geometry":{"type":"Polygon","coordinates":[[[90.337293,23.800074],[90.337277,23.800192],[90.337124,23.800174],[90.337129,23.80013],[90.337141,23.800045],[90.337293,23.800074]]]}},{"type":"Feature","properties":{"survey":"bds","sheet":"064","dag":"31653","label_bn":"31653","area_sqm":116.8},"geometry":{"type":"Polygon","coordinates":[[[90.336252,23.800141],[90.336171,23.800202],[90.336159,23.8002],[90.336091,23.80019],[90.336159,23.800079],[90.336204,23.800108],[90.336252,23.800141]]]}},{"type":"Feature","properties":{"survey":"bds","sheet":"064","dag":"31849","label_bn":"31849","area_sqm":87.5},"geometry":{"type":"Polygon","coordinates":[[[90.337816,23.800131],[90.337793,23.800204],[90.337693,23.800162],[90.337711,23.800101],[90.337774,23.800118],[90.337816,23.800131]]]}},{"type":"Feature","properties":{"survey":"bds","sheet":"064","dag":"31639","label_bn":"31639","area_sqm":108.7},"geometry":{"type":"Polygon","coordinates":[[[90.335813,23.800135],[90.335795,23.800204],[90.335656,23.80018],[90.335667,23.800152],[90.335669,23.800148],[90.335684,23.800115],[90.335813,23.800135]]]}},{"type":"Feature","properties":{"survey":"bds","sheet":"064","dag":"31648","label_bn":"31648","area_sqm":112.4},"geometry":{"type":"Polygon","coordinates":[[[90.335975,23.800173],[90.335971,23.800208],[90.33583,23.800189],[90.335848,23.800118],[90.33598,23.800136],[90.335975,23.800173]]]}},{"type":"Feature","properties":{"survey":"bds","sheet":"064","dag":"31850","label_bn":"31850","area_sqm":67.9},"geometry":{"type":"Polygon","coordinates":[[[90.337891,23.80015],[90.33787,23.800223],[90.33782,23.800211],[90.337793,23.800204],[90.337816,23.800131],[90.337873,23.800145],[90.337891,23.80015]]]}},{"type":"Feature","properties":{"survey":"bds","sheet":"064","dag":"31657","label_bn":"31657","area_sqm":49.9},"geometry":{"type":"Polygon","coordinates":[[[90.336189,23.800212],[90.336164,23.800226],[90.336086,23.800217],[90.336091,23.80019],[90.336159,23.8002],[90.336171,23.800202],[90.336252,23.800141],[90.336268,23.80016],[90.336189,23.800212]]]}},{"type":"Feature","properties":{"survey":"bds","sheet":"064","dag":"31842","label_bn":"31842","area_sqm":159.4},"geometry":{"type":"Polygon","coordinates":[[[90.337693,23.800162],[90.337672,23.800229],[90.337495,23.800142],[90.337509,23.800071],[90.337592,23.800111],[90.337693,23.800162]]]}},{"type":"Feature","properties":{"survey":"bds","sheet":"064","dag":"31707","label_bn":"31707","area_sqm":74.9},"geometry":{"type":"Polygon","coordinates":[[[90.337277,23.800192],[90.33727,23.800234],[90.337119,23.800217],[90.337124,23.800174],[90.337277,23.800192]]]}},{"type":"Feature","properties":{"survey":"bds","sheet":"064","dag":"31665","label_bn":"31665","area_sqm":184.0},"geometry":{"type":"Polygon","coordinates":[[[90.336482,23.800237],[90.336303,23.800247],[90.336297,23.800234],[90.336268,23.80016],[90.33647,23.800155],[90.336482,23.800237]]]}},{"type":"Feature","properties":{"survey":"bds","sheet":"064","dag":"31636","label_bn":"31636","area_sqm":74.0},"geometry":{"type":"Polygon","coordinates":[[[90.335795,23.800204],[90.335783,23.800248],[90.335637,23.800223],[90.335656,23.80018],[90.335795,23.800204]]]}},{"type":"Feature","properties":{"survey":"bds","sheet":"064","dag":"31853","label_bn":"31853","area_sqm":145.4},"geometry":{"type":"Polygon","coordinates":[[[90.338054,23.80019],[90.338027,23.800263],[90.33787,23.800223],[90.337891,23.80015],[90.337963,23.800167],[90.338054,23.80019]]]}},{"type":"Feature","properties":{"survey":"bds","sheet":"064","dag":"31637","label_bn":"31637","area_sqm":128.2},"geometry":{"type":"Polygon","coordinates":[[[90.335628,23.800243],[90.335618,23.800265],[90.335529,23.800257],[90.335564,23.800143],[90.335667,23.800152],[90.335656,23.80018],[90.335637,23.800223],[90.335628,23.800243]]]}},{"type":"Feature","properties":{"survey":"bds","sheet":"064","dag":"31708","label_bn":"31708","area_sqm":182.8},"geometry":{"type":"Polygon","coordinates":[[[90.337119,23.800217],[90.337112,23.80027],[90.337001,23.800265],[90.337011,23.800125],[90.337129,23.80013],[90.337124,23.800174],[90.337119,23.800217]]]}},{"type":"Feature","properties":{"survey":"bds","sheet":"064","dag":"31677","label_bn":"31677","area_sqm":251.8},"geometry":{"type":"Polygon","coordinates":[[[90.336671,23.80027],[90.336517,23.80027],[90.336496,23.800138],[90.336514,23.800138],[90.336679,23.800139],[90.336677,23.800172],[90.336671,23.80027]]]}},{"type":"Feature","properties":{"survey":"bds","sheet":"064","dag":"31664","label_bn":"31664","area_sqm":75.4},"geometry":{"type":"Polygon","coordinates":[[[90.336297,23.800234],[90.336217,23.800273],[90.336189,23.800212],[90.336268,23.80016],[90.336297,23.800234]]]}},{"type":"Feature","properties":{"survey":"bds","sheet":"064","dag":"31851","label_bn":"31851","area_sqm":67.3},"geometry":{"type":"Polygon","coordinates":[[[90.338027,23.800263],[90.338019,23.800285],[90.337924,23.800262],[90.337899,23.800256],[90.337812,23.800235],[90.337784,23.800227],[90.337793,23.800204],[90.33782,23.800211],[90.33787,23.800223],[90.338027,23.800263]]]}},{"type":"Feature","properties":{"survey":"bds","sheet":"064","dag":"31720","label_bn":"31720","area_sqm":179.1},"geometry":{"type":"Polygon","coordinates":[[[90.337434,23.800283],[90.337433,23.800286],[90.337296,23.800262],[90.337296,23.800259],[90.337312,23.800152],[90.337456,23.800177],[90.337434,23.800283]]]}},{"type":"Feature","properties":{"survey":"bds","sheet":"064","dag":"31852","label_bn":"31852","area_sqm":49.3},"geometry":{"type":"Polygon","coordinates":[[[90.338079,23.800196],[90.338043,23.800293],[90.338019,23.800285],[90.338027,23.800263],[90.338054,23.80019],[90.3381,23.80007],[90.338102,23.80007],[90.338079,23.800196]]]}},{"type":"Feature","properties":{"survey":"bds","sheet":"064","dag":"31840","label_bn":"31840","area_sqm":126.3},"geometry":{"type":"Polygon","coordinates":[[[90.337784,23.800227],[90.337762,23.800295],[90.337658,23.80027],[90.337672,23.800229],[90.337693,23.800162],[90.337793,23.800204],[90.337784,23.800227]]]}},{"type":"Feature","properties":{"survey":"bds","sheet":"064","dag":"31690","label_bn":"31690","area_sqm":181.5},"geometry":{"type":"Polygon","coordinates":[[[90.336812,23.800176],[90.336804,23.800295],[90.336668,23.800291],[90.336671,23.80027],[90.336677,23.800172],[90.336812,23.800176]]]}},{"type":"Feature","properties":{"survey":"bds","sheet":"064","dag":"31696","label_bn":"31696","area_sqm":179.3},"geometry":{"type":"Polygon","coordinates":[[[90.336977,23.800181],[90.336965,23.800299],[90.336833,23.800293],[90.336841,23.800177],[90.336977,23.800181]]]}},{"type":"Feature","properties":{"survey":"bds","sheet":"064","dag":"31841","label_bn":"31841","area_sqm":176.8},"geometry":{"type":"Polygon","coordinates":[[[90.337658,23.80027],[90.337648,23.800303],[90.337478,23.800228],[90.337495,23.800142],[90.337672,23.800229],[90.337658,23.80027]]]}},{"type":"Feature","properties":{"survey":"bds","sheet":"064","dag":"31635","label_bn":"31635","area_sqm":115.7},"geometry":{"type":"Polygon","coordinates":[[[90.335783,23.800248],[90.335764,23.800314],[90.335608,23.800284],[90.335618,23.800265],[90.335628,23.800243],[90.335637,23.800223],[90.335783,23.800248]]]}},{"type":"Feature","properties":{"survey":"bds","sheet":"064","dag":"31706","label_bn":"31706","area_sqm":143.5},"geometry":{"type":"Polygon","coordinates":[[[90.33727,23.800234],[90.337257,23.800316],[90.337108,23.800301],[90.337112,23.80027],[90.337119,23.800217],[90.33727,23.800234]]]}},{"type":"Feature","properties":{"survey":"bds","sheet":"064","dag":"31644","label_bn":"31644","area_sqm":157.1},"geometry":{"type":"Polygon","coordinates":[[[90.33583,23.800189],[90.335792,23.800316],[90.335764,23.800314],[90.335783,23.800248],[90.335795,23.800204],[90.335813,23.800135],[90.33582,23.800109],[90.335859,23.799964],[90.335889,23.799854],[90.335919,23.799855],[90.335893,23.799946],[90.335868,23.800041],[90.335848,23.800118],[90.33583,23.800189]]]}},{"type":"Feature","properties":{"survey":"bds","sheet":"064","dag":"31646","label_bn":"31646","area_sqm":151.6},"geometry":{"type":"Polygon","coordinates":[[[90.336062,23.800186],[90.336039,23.800337],[90.335951,23.800323],[90.335971,23.800208],[90.335975,23.800173],[90.336062,23.800186]]]}},{"type":"Feature","properties":{"survey":"bds","sheet":"064","dag":"31666","label_bn":"31666","area_sqm":177.9},"geometry":{"type":"Polygon","coordinates":[[[90.336497,23.800332],[90.336343,23.800338],[90.336335,23.80032],[90.336303,23.800247],[90.336482,23.800237],[90.336494,23.800313],[90.336497,23.800332]]]}},{"type":"Feature","properties":{"survey":"bds","sheet":"064","dag":"31645","label_bn":"31645","area_sqm":224.7},"geometry":{"type":"Polygon","coordinates":[[[90.335951,23.800323],[90.335948,23.800339],[90.335792,23.800316],[90.33583,23.800189],[90.335971,23.800208],[90.335951,23.800323]]]}},{"type":"Feature","properties":{"survey":"bds","sheet":"064","dag":"31676","label_bn":"31676","area_sqm":144.4},"geometry":{"type":"Polygon","coordinates":[[[90.336667,23.800359],[90.336531,23.800359],[90.336517,23.80027],[90.336671,23.80027],[90.336668,23.800291],[90.336667,23.800359]]]}},{"type":"Feature","properties":{"survey":"bds","sheet":"064","dag":"31658","label_bn":"31658","area_sqm":217.8},"geometry":{"type":"Polygon","coordinates":[[[90.33623,23.800376],[90.33606,23.800378],[90.336086,23.800217],[90.336164,23.800226],[90.33623,23.800376]]]}},{"type":"Feature","properties":{"survey":"bds","sheet":"064","dag":"31838","label_bn":"31838","area_sqm":206.9},"geometry":{"type":"Polygon","coordinates":[[[90.337648,23.800303],[90.337615,23.800399],[90.337458,23.800332],[90.337478,23.800228],[90.337648,23.800303]]]}},{"type":"Feature","properties":{"survey":"bds","sheet":"064","dag":"31705","label_bn":"31705","area_sqm":144.6},"geometry":{"type":"Polygon","coordinates":[[[90.337257,23.800316],[90.337243,23.8004],[90.337093,23.800384],[90.337108,23.800301],[90.337257,23.800316]]]}},{"type":"Feature","properties":{"survey":"bds","sheet":"064","dag":"31633","label_bn":"31633","area_sqm":113.8},"geometry":{"type":"Polygon","coordinates":[[[90.335948,23.800339],[90.335936,23.8004],[90.335774,23.800377],[90.335792,23.800316],[90.335948,23.800339]]]}},{"type":"Feature","properties":{"survey":"bds","sheet":"064","dag":"31668","label_bn":"31668","area_sqm":151.4},"geometry":{"type":"Polygon","coordinates":[[[90.336361,23.800382],[90.336277,23.800403],[90.336217,23.800273],[90.336297,23.800234],[90.336303,23.800247],[90.336335,23.80032],[90.336343,23.800338],[90.336361,23.800382]]]}},{"type":"Feature","properties":{"survey":"bds","sheet":"064","dag":"31656","label_bn":"31656","area_sqm":136.9},"geometry":{"type":"Polygon","coordinates":[[[90.336531,23.800359],[90.336538,23.800409],[90.336507,23.800407],[90.336475,23.800405],[90.336473,23.800378],[90.336503,23.800376],[90.336497,23.800332],[90.336494,23.800313],[90.336482,23.800237],[90.33647,23.800155],[90.336268,23.80016],[90.336252,23.800141],[90.336293,23.800145],[90.336309,23.800145],[90.33647,23.80014],[90.336496,23.800138],[90.336517,23.80027],[90.336531,23.800359]]]}},{"type":"Feature","properties":{"survey":"bds","sheet":"064","dag":"31675","label_bn":"31675","area_sqm":73.5},"geometry":{"type":"Polygon","coordinates":[[[90.336663,23.800408],[90.336538,23.800409],[90.336531,23.800359],[90.336667,23.800359],[90.336663,23.800408]]]}},{"type":"Feature","properties":{"survey":"bds","sheet":"064","dag":"31667","label_bn":"31667","area_sqm":108.7},"geometry":{"type":"Polygon","coordinates":[[[90.336475,23.800405],[90.336373,23.800409],[90.336361,23.800382],[90.336343,23.800338],[90.336497,23.800332],[90.336503,23.800376],[90.336473,23.800378],[90.336475,23.800405]]]}},{"type":"Feature","properties":{"survey":"bds","sheet":"064","dag":"31691","label_bn":"31691","area_sqm":179.7},"geometry":{"type":"Polygon","coordinates":[[[90.336804,23.800295],[90.336797,23.800413],[90.336663,23.800408],[90.336667,23.800359],[90.336668,23.800291],[90.336804,23.800295]]]}},{"type":"Feature","properties":{"survey":"bds","sheet":"064","dag":"31692","label_bn":"31692","area_sqm":191.8},"geometry":{"type":"Polygon","coordinates":[[[90.336833,23.800295],[90.336826,23.800414],[90.336797,23.800413],[90.336804,23.800295],[90.336812,23.800176],[90.33682,23.80006],[90.336827,23.799944],[90.336847,23.79983],[90.336878,23.799823],[90.336863,23.799872],[90.336857,23.799943],[90.336849,23.800062],[90.336841,23.800177],[90.336833,23.800293],[90.336833,23.800295]]]}},{"type":"Feature","properties":{"survey":"bds","sheet":"064","dag":"31697","label_bn":"31697","area_sqm":179.0},"geometry":{"type":"Polygon","coordinates":[[[90.336965,23.800301],[90.336959,23.800417],[90.336826,23.800414],[90.336833,23.800295],[90.336833,23.800293],[90.336965,23.800299],[90.336965,23.800301]]]}},{"type":"Feature","properties":{"survey":"bds","sheet":"064","dag":"31704","label_bn":"31704","area_sqm":182.5},"geometry":{"type":"Polygon","coordinates":[[[90.337093,23.800384],[90.337087,23.800423],[90.336989,23.800419],[90.337001,23.800265],[90.337112,23.80027],[90.337108,23.800301],[90.337093,23.800384]]]}},{"type":"Feature","properties":{"survey":"bds","sheet":"064","dag":"31825","label_bn":"31825","area_sqm":202.3},"geometry":{"type":"Polygon","coordinates":[[[90.337984,23.800411],[90.337981,23.800427],[90.337861,23.800398],[90.337899,23.800256],[90.337924,23.800262],[90.338019,23.800285],[90.338007,23.800317],[90.337984,23.800411]]]}},{"type":"Feature","properties":{"survey":"bds","sheet":"064","dag":"31839","label_bn":"31839","area_sqm":181.7},"geometry":{"type":"Polygon","coordinates":[[[90.337762,23.800295],[90.337717,23.800438],[90.337612,23.800412],[90.337615,23.800399],[90.337648,23.800303],[90.337658,23.80027],[90.337762,23.800295]]]}},{"type":"Feature","properties":{"survey":"bds","sheet":"064","dag":"31721","label_bn":"31721","area_sqm":270.6},"geometry":{"type":"Polygon","coordinates":[[[90.337402,23.800451],[90.337402,23.800451],[90.337267,23.800437],[90.337272,23.800403],[90.337296,23.800262],[90.337433,23.800286],[90.337402,23.800451]]]}},{"type":"Feature","properties":{"survey":"bds","sheet":"064","dag":"31659","label_bn":"31659","area_sqm":175.4},"geometry":{"type":"Polygon","coordinates":[[[90.336248,23.800408],[90.336254,23.800459],[90.336164,23.800458],[90.336051,23.800457],[90.33606,23.800378],[90.33623,23.800376],[90.336248,23.800408]]]}},{"type":"Feature","properties":{"survey":"bds","sheet":"064","dag":"31632","label_bn":"31632","area_sqm":169.0},"geometry":{"type":"Polygon","coordinates":[[[90.336039,23.800337],[90.33602,23.800491],[90.33592,23.800478],[90.335936,23.8004],[90.335948,23.800339],[90.335951,23.800323],[90.336039,23.800337]]]}},{"type":"Feature","properties":{"survey":"bds","sheet":"064","dag":"31837","label_bn":"31837","area_sqm":189.7},"geometry":{"type":"Polygon","coordinates":[[[90.337612,23.800412],[90.337585,23.800496],[90.33744,23.800437],[90.337458,23.800332],[90.337615,23.800399],[90.337612,23.800412]]]}},{"type":"Feature","properties":{"survey":"bds","sheet":"064","dag":"31630","label_bn":"31630","area_sqm":234.8},"geometry":{"type":"Polygon","coordinates":[[[90.33592,23.800478],[90.335911,23.800516],[90.335725,23.800488],[90.335774,23.800377],[90.335936,23.8004],[90.33592,23.800478]]]}},{"type":"Feature","properties":{"survey":"bds","sheet":"064","dag":"31818","label_bn":"31818","area_sqm":48.0},"geometry":{"type":"Polygon","coordinates":[[[90.337914,23.800513],[90.337909,23.800535],[90.337816,23.800513],[90.337723,23.800491],[90.33773,23.80047],[90.337914,23.800513]]]}},{"type":"Feature","properties":{"survey":"bds","sheet":"064","dag":"31670","label_bn":"31670","area_sqm":142.5},"geometry":{"type":"Polygon","coordinates":[[[90.336498,23.80053],[90.336402,23.800535],[90.336373,23.800409],[90.336475,23.800405],[90.336498,23.80053]]]}},{"type":"Feature","properties":{"survey":"bds","sheet":"064","dag":"31703","label_bn":"31703","area_sqm":135.7},"geometry":{"type":"Polygon","coordinates":[[[90.337087,23.800423],[90.337066,23.800545],[90.336968,23.800541],[90.336989,23.800419],[90.337087,23.800423]]]}},{"type":"Feature","properties":{"survey":"bds","sheet":"064","dag":"31631","label_bn":"31631","area_sqm":88.4},"geometry":{"type":"Polygon","coordinates":[[[90.33602,23.800491],[90.336011,23.800559],[90.335901,23.800557],[90.335911,23.800516],[90.33592,23.800478],[90.33602,23.800491]]]}},{"type":"Feature","properties":{"survey":"bds","sheet":"064","dag":"31660","label_bn":"31660","area_sqm":155.4},"geometry":{"type":"Polygon","coordinates":[[[90.336164,23.800458],[90.336166,23.800573],[90.336038,23.800571],[90.336051,23.800457],[90.336164,23.800458]]]}},{"type":"Feature","properties":{"survey":"bds","sheet":"064","dag":"31835","label_bn":"31835","area_sqm":180.3},"geometry":{"type":"Polygon","coordinates":[[[90.337717,23.800438],[90.337671,23.800577],[90.337567,23.800553],[90.337585,23.800496],[90.337612,23.800412],[90.337717,23.800438]]]}},{"type":"Feature","properties":{"survey":"bds","sheet":"064","dag":"31674","label_bn":"31674","area_sqm":286.4},"geometry":{"type":"Polygon","coordinates":[[[90.336683,23.80057],[90.336537,23.80058],[90.336507,23.800407],[90.336538,23.800409],[90.336663,23.800408],[90.336683,23.80057]]]}},{"type":"Feature","properties":{"survey":"bds","sheet":"064","dag":"31702","label_bn":"31702","area_sqm":312.1},"geometry":{"type":"Polygon","coordinates":[[[90.337243,23.8004],[90.337204,23.800585],[90.337061,23.800568],[90.337066,23.800545],[90.337087,23.800423],[90.337093,23.800384],[90.337243,23.8004]]]}},{"type":"Feature","properties":{"survey":"bds","sheet":"064","dag":"31836","label_bn":"31836","area_sqm":182.6},"geometry":{"type":"Polygon","coordinates":[[[90.337567,23.800553],[90.337555,23.800587],[90.337414,23.800551],[90.33744,23.800437],[90.337585,23.800496],[90.337567,23.800553]]]}},{"type":"Feature","properties":{"survey":"bds","sheet":"064","dag":"31629","label_bn":"31629","area_sqm":170.3},"geometry":{"type":"Polygon","coordinates":[[[90.335901,23.800557],[90.33589,23.800596],[90.335698,23.800559],[90.335725,23.800488],[90.335911,23.800516],[90.335901,23.800557]]]}},{"type":"Feature","properties":{"survey":"bds","sheet":"064","dag":"31817","label_bn":"31817","area_sqm":106.9},"geometry":{"type":"Polygon","coordinates":[[[90.337816,23.800513],[90.337792,23.800605],[90.337694,23.800582],[90.337723,23.800491],[90.337816,23.800513]]]}},{"type":"Feature","properties":{"survey":"bds","sheet":"064","dag":"31819","label_bn":"31819","area_sqm":106.7},"geometry":{"type":"Polygon","coordinates":[[[90.337909,23.800535],[90.33789,23.80063],[90.337845,23.800618],[90.337792,23.800605],[90.337816,23.800513],[90.337909,23.800535]]]}},{"type":"Feature","properties":{"survey":"bds","sheet":"064","dag":"31826","label_bn":"31826","area_sqm":494.8},"geometry":{"type":"Polygon","coordinates":[[[90.337981,23.800427],[90.337945,23.800642],[90.33789,23.80063],[90.337909,23.800535],[90.337914,23.800513],[90.33773,23.80047],[90.337812,23.800235],[90.337899,23.800256],[90.337861,23.800398],[90.337981,23.800427]]]}},{"type":"Feature","properties":{"survey":"bds","sheet":"064","dag":"31698","label_bn":"31698","area_sqm":733.0},"geometry":{"type":"Polygon","coordinates":[[[90.336942,23.800527],[90.33692,23.800664],[90.336852,23.800662],[90.336696,23.800659],[90.336683,23.80057],[90.336663,23.800408],[90.336797,23.800413],[90.336826,23.800414],[90.336959,23.800417],[90.336955,23.800449],[90.336942,23.800527]]]}},{"type":"Feature","properties":{"survey":"bds","sheet":"064","dag":"31699","label_bn":"31699","area_sqm":287.5},"geometry":{"type":"Polygon","coordinates":[[[90.336968,23.800541],[90.33695,23.800664],[90.33692,23.800664],[90.336942,23.800527],[90.336955,23.800449],[90.336959,23.800417],[90.336965,23.800301],[90.336965,23.800299],[90.336977,23.800181],[90.336986,23.800065],[90.336992,23.799947],[90.336998,23.799828],[90.337028,23.799829],[90.337027,23.799865],[90.33702,23.799995],[90.337011,23.800125],[90.337001,23.800265],[90.336989,23.800419],[90.336968,23.800541]]]}},{"type":"Feature","properties":{"survey":"bds","sheet":"064","dag":"31700","label_bn":"31700","area_sqm":133.6},"geometry":{"type":"Polygon","coordinates":[[[90.337061,23.800568],[90.337044,23.800667],[90.33695,23.800664],[90.336968,23.800541],[90.337066,23.800545],[90.337061,23.800568]]]}},{"type":"Feature","properties":{"survey":"bds","sheet":"064","dag":"31701","label_bn":"31701","area_sqm":145.9},"geometry":{"type":"Polygon","coordinates":[[[90.337204,23.800585],[90.337182,23.800667],[90.337044,23.800667],[90.337061,23.800568],[90.337204,23.800585]]]}},{"type":"Feature","properties":{"survey":"bds","sheet":"064","dag":"31724","label_bn":"31724","area_sqm":288.7},"geometry":{"type":"Polygon","coordinates":[[[90.337261,23.800464],[90.337221,23.800667],[90.337182,23.800667],[90.337204,23.800585],[90.337243,23.8004],[90.337257,23.800316],[90.33727,23.800234],[90.337277,23.800192],[90.337293,23.800074],[90.337314,23.799963],[90.337341,23.799966],[90.337323,23.800068],[90.337312,23.800152],[90.337296,23.800259],[90.337296,23.800262],[90.337272,23.800403],[90.337267,23.800437],[90.337402,23.800451],[90.337397,23.800478],[90.337261,23.800464]]]}},{"type":"Feature","properties":{"survey":"bds","sheet":"064","dag":"31673","label_bn":"31673","area_sqm":146.4},"geometry":{"type":"Polygon","coordinates":[[[90.336696,23.800659],[90.336552,23.800667],[90.336537,23.80058],[90.336683,23.80057],[90.336696,23.800659]]]}},{"type":"Feature","properties":{"survey":"bds","sheet":"064","dag":"31672","label_bn":"31672","area_sqm":92.6},"geometry":{"type":"Polygon","coordinates":[[[90.336552,23.800667],[90.336521,23.800669],[90.336498,23.80053],[90.336475,23.800405],[90.336507,23.800407],[90.336537,23.80058],[90.336552,23.800667]]]}},{"type":"Feature","properties":{"survey":"bds","sheet":"064","dag":"31661","label_bn":"31661","area_sqm":145.1},"geometry":{"type":"Polygon","coordinates":[[[90.336166,23.800573],[90.336163,23.80067],[90.336028,23.800668],[90.336038,23.800571],[90.336166,23.800573]]]}},{"type":"Feature","properties":{"survey":"bds","sheet":"064","dag":"31627","label_bn":"31627","area_sqm":186.1},"geometry":{"type":"Polygon","coordinates":[[[90.335872,23.800664],[90.33587,23.800671],[90.335664,23.800641],[90.335698,23.800559],[90.33589,23.800596],[90.335872,23.800664]]]}},{"type":"Feature","properties":{"survey":"bds","sheet":"064","dag":"31662","label_bn":"31662","area_sqm":244.2},"geometry":{"type":"Polygon","coordinates":[[[90.336254,23.800459],[90.336278,23.800672],[90.336163,23.80067],[90.336166,23.800573],[90.336164,23.800458],[90.336254,23.800459]]]}},{"type":"Feature","properties":{"survey":"bds","sheet":"064","dag":"31663","label_bn":"31663","area_sqm":159.1},"geometry":{"type":"Polygon","coordinates":[[[90.336277,23.800403],[90.336308,23.800672],[90.336278,23.800672],[90.336254,23.800459],[90.336248,23.800408],[90.33623,23.800376],[90.336164,23.800226],[90.336189,23.800212],[90.336217,23.800273],[90.336277,23.800403]]]}},{"type":"Feature","properties":{"survey":"bds","sheet":"064","dag":"31669","label_bn":"31669","area_sqm":348.2},"geometry":{"type":"Polygon","coordinates":[[[90.336402,23.800535],[90.336434,23.800674],[90.336308,23.800672],[90.336277,23.800403],[90.336361,23.800382],[90.336373,23.800409],[90.336402,23.800535]]]}},{"type":"Feature","properties":{"survey":"bds","sheet":"064","dag":"31671","label_bn":"31671","area_sqm":145.1},"geometry":{"type":"Polygon","coordinates":[[[90.336521,23.800669],[90.336434,23.800674],[90.336402,23.800535],[90.336498,23.80053],[90.336521,23.800669]]]}},{"type":"Feature","properties":{"survey":"bds","sheet":"064","dag":"31820","label_bn":"31820","area_sqm":44.2},"geometry":{"type":"Polygon","coordinates":[[[90.337945,23.800642],[90.337941,23.800679],[90.337837,23.800656],[90.337845,23.800618],[90.33789,23.80063],[90.337945,23.800642]]]}},{"type":"Feature","properties":{"survey":"bds","sheet":"064","dag":"31628","label_bn":"31628","area_sqm":166.7},"geometry":{"type":"Polygon","coordinates":[[[90.335998,23.800667],[90.335995,23.80068],[90.335867,23.800679],[90.33587,23.800671],[90.335872,23.800664],[90.33589,23.800596],[90.335901,23.800557],[90.336011,23.800559],[90.335998,23.800667]]]}},{"type":"Feature","properties":{"survey":"bds","sheet":"064","dag":"31824","label_bn":"31824","area_sqm":661.1},"geometry":{"type":"Polygon","coordinates":[[[90.338146,23.800567],[90.338134,23.800684],[90.338037,23.800662],[90.337945,23.800642],[90.337981,23.800427],[90.337984,23.800411],[90.338007,23.800317],[90.338019,23.800285],[90.338043,23.800293],[90.338032,23.800323],[90.338163,23.800384],[90.338146,23.800567]]]}},{"type":"Feature","properties":{"survey":"bds","sheet":"064","dag":"31834","label_bn":"31834","area_sqm":133.4},"geometry":{"type":"Polygon","coordinates":[[[90.337671,23.800577],[90.337631,23.800683],[90.337533,23.800661],[90.337555,23.800587],[90.337567,23.800553],[90.337671,23.800577]]]}},{"type":"Feature","properties":{"survey":"bds","sheet":"064","dag":"31725","label_bn":"31725","area_sqm":369.6},"geometry":{"type":"Polygon","coordinates":[[[90.336554,23.800696],[90.336441,23.800701],[90.336327,23.800699],[90.336299,23.8007],[90.33618,23.800697],[90.336018,23.800695],[90.336028,23.800668],[90.336163,23.80067],[90.336278,23.800672],[90.336308,23.800672],[90.336434,23.800674],[90.336521,23.800669],[90.336552,23.800667],[90.336696,23.800659],[90.336852,23.800662],[90.33692,23.800664],[90.33695,23.800664],[90.337044,23.800667],[90.337182,23.800667],[90.337221,23.800667],[90.337219,23.800676],[90.337215,23.800699],[90.337039,23.800693],[90.336946,23.800691],[90.336883,23.800689],[90.336852,23.800687],[90.336699,23.800686],[90.336583,23.800693],[90.336554,23.800696]]]}},{"type":"Feature","properties":{"survey":"bds","sheet":"064","dag":"31833","label_bn":"31833","area_sqm":223.1},"geometry":{"type":"Polygon","coordinates":[[[90.337515,23.800715],[90.337512,23.800721],[90.337383,23.800687],[90.337414,23.800551],[90.337555,23.800587],[90.337533,23.800661],[90.337515,23.800715]]]}},{"type":"Feature","properties":{"survey":"bds","sheet":"064","dag":"31626","label_bn":"31626","area_sqm":153.6},"geometry":{"type":"Polygon","coordinates":[[[90.335867,23.800679],[90.33585,23.800731],[90.335638,23.800703],[90.335664,23.800641],[90.33587,23.800671],[90.335867,23.800679]]]}},{"type":"Feature","properties":{"survey":"bds","sheet":"064","dag":"31832","label_bn":"31832","area_sqm":63.5},"geometry":{"type":"Polygon","coordinates":[[[90.337631,23.800683],[90.337613,23.800737],[90.337515,23.800715],[90.337533,23.800661],[90.337631,23.800683]]]}},{"type":"Feature","properties":{"survey":"bds","sheet":"064","dag":"31750","label_bn":"31750","area_sqm":105.0},"geometry":{"type":"Polygon","coordinates":[[[90.337039,23.800693],[90.337028,23.800758],[90.33688,23.800746],[90.336883,23.800689],[90.336946,23.800691],[90.337039,23.800693]]]}},{"type":"Feature","properties":{"survey":"bds","sheet":"064","dag":"31816","label_bn":"31816","area_sqm":310.8},"geometry":{"type":"Polygon","coordinates":[[[90.337827,23.800764],[90.337826,23.800776],[90.337643,23.800741],[90.337694,23.800582],[90.337792,23.800605],[90.337845,23.800618],[90.337837,23.800656],[90.337827,23.800764]]]}},{"type":"Feature","properties":{"survey":"bds","sheet":"064","dag":"31727","label_bn":"31727","area_sqm":101.5},"geometry":{"type":"Polygon","coordinates":[[[90.336564,23.800777],[90.33646,23.800784],[90.336441,23.800701],[90.336554,23.800696],[90.336554,23.800698],[90.336559,23.800738],[90.336564,23.800777]]]}},{"type":"Feature","properties":{"survey":"bds","sheet":"064","dag":"31723","label_bn":"31723","area_sqm":479.1},"geometry":{"type":"Polygon","coordinates":[[[90.337356,23.80068],[90.337333,23.800786],[90.337199,23.800771],[90.337215,23.800699],[90.337219,23.800676],[90.337221,23.800667],[90.337261,23.800464],[90.337397,23.800478],[90.337356,23.80068]]]}},{"type":"Feature","properties":{"survey":"bds","sheet":"064","dag":"31821","label_bn":"31821","area_sqm":130.3},"geometry":{"type":"Polygon","coordinates":[[[90.337941,23.800679],[90.33793,23.800789],[90.337827,23.800764],[90.337837,23.800656],[90.337941,23.800679]]]}},{"type":"Feature","properties":{"survey":"bds","sheet":"064","dag":"31831","label_bn":"31831","area_sqm":64.7},"geometry":{"type":"Polygon","coordinates":[[[90.337613,23.800737],[90.337596,23.80079],[90.337497,23.800768],[90.337512,23.800721],[90.337515,23.800715],[90.337613,23.800737]]]}},{"type":"Feature","properties":{"survey":"bds","sheet":"064","dag":"31747","label_bn":"31747","area_sqm":127.5},"geometry":{"type":"Polygon","coordinates":[[[90.336706,23.800787],[90.336599,23.800793],[90.336583,23.800693],[90.336699,23.800686],[90.336706,23.800787]]]}},{"type":"Feature","properties":{"survey":"bds","sheet":"064","dag":"31726","label_bn":"31726","area_sqm":144.0},"geometry":{"type":"Polygon","coordinates":[[[90.33646,23.800784],[90.336463,23.800797],[90.336314,23.800796],[90.336327,23.800699],[90.336441,23.800701],[90.33646,23.800784]]]}},{"type":"Feature","properties":{"survey":"bds","sheet":"064","dag":"31614","label_bn":"31614","area_sqm":164.9},"geometry":{"type":"Polygon","coordinates":[[[90.33618,23.800697],[90.336168,23.800799],[90.335999,23.800766],[90.336018,23.800695],[90.33618,23.800697]]]}},{"type":"Feature","properties":{"survey":"bds","sheet":"064","dag":"31823","label_bn":"31823","area_sqm":171.2},"geometry":{"type":"Polygon","coordinates":[[[90.338037,23.800662],[90.338039,23.800811],[90.33793,23.800789],[90.337941,23.800679],[90.337945,23.800642],[90.338037,23.800662]]]}},{"type":"Feature","properties":{"survey":"bds","sheet":"064","dag":"31625","label_bn":"31625","area_sqm":163.8},"geometry":{"type":"Polygon","coordinates":[[[90.335991,23.800694],[90.335955,23.80081],[90.335832,23.800769],[90.33585,23.800731],[90.335867,23.800679],[90.335995,23.80068],[90.335991,23.800694]]]}},{"type":"Feature","properties":{"survey":"bds","sheet":"064","dag":"31830","label_bn":"31830","area_sqm":148.6},"geometry":{"type":"Polygon","coordinates":[[[90.337497,23.800768],[90.337483,23.800816],[90.337361,23.800789],[90.337383,23.800687],[90.337512,23.800721],[90.337497,23.800768]]]}},{"type":"Feature","properties":{"survey":"bds","sheet":"064","dag":"31613","label_bn":"31613","area_sqm":29.7},"geometry":{"type":"Polygon","coordinates":[[[90.336168,23.800799],[90.336166,23.800815],[90.336108,23.800803],[90.335995,23.800779],[90.335999,23.800766],[90.336168,23.800799]]]}},{"type":"Feature","properties":{"survey":"bds","sheet":"064","dag":"31822","label_bn":"31822","area_sqm":65.4},"geometry":{"type":"Polygon","coordinates":[[[90.338039,23.800811],[90.338041,23.800838],[90.337927,23.800815],[90.337824,23.800792],[90.337826,23.800776],[90.337827,23.800764],[90.33793,23.800789],[90.338039,23.800811]]]}},{"type":"Feature","properties":{"survey":"bds","sheet":"064","dag":"31751","label_bn":"31751","area_sqm":139.1},"geometry":{"type":"Polygon","coordinates":[[[90.337028,23.800758],[90.337012,23.800847],[90.336876,23.800828],[90.33688,23.800746],[90.337028,23.800758]]]}},{"type":"Feature","properties":{"survey":"bds","sheet":"064","dag":"31748","label_bn":"31748","area_sqm":275.0},"geometry":{"type":"Polygon","coordinates":[[[90.336852,23.800687],[90.336844,23.800857],[90.336709,23.800855],[90.336708,23.800824],[90.336706,23.800787],[90.336699,23.800686],[90.336852,23.800687]]]}},{"type":"Feature","properties":{"survey":"bds","sheet":"064","dag":"31752","label_bn":"31752","area_sqm":41.9},"geometry":{"type":"Polygon","coordinates":[[[90.337012,23.800847],[90.337007,23.800874],[90.336875,23.800855],[90.336876,23.800828],[90.337012,23.800847]]]}},{"type":"Feature","properties":{"survey":"bds","sheet":"064","dag":"31611","label_bn":"31611","area_sqm":96.9},"geometry":{"type":"Polygon","coordinates":[[[90.336108,23.800803],[90.336088,23.800879],[90.335977,23.800847],[90.335995,23.800779],[90.336108,23.800803]]]}},{"type":"Feature","properties":{"survey":"bds","sheet":"064","dag":"31828","label_bn":"31828","area_sqm":128.1},"geometry":{"type":"Polygon","coordinates":[[[90.337596,23.80079],[90.337565,23.800896],[90.337463,23.800875],[90.337483,23.800816],[90.337497,23.800768],[90.337596,23.80079]]]}},{"type":"Feature","properties":{"survey":"bds","sheet":"064","dag":"31612","label_bn":"31612","area_sqm":59.9},"geometry":{"type":"Polygon","coordinates":[[[90.336166,23.800815],[90.336156,23.800898],[90.336088,23.800879],[90.336108,23.800803],[90.336166,23.800815]]]}},{"type":"Feature","properties":{"survey":"bds","sheet":"064","dag":"31729","label_bn":"31729","area_sqm":177.7},"geometry":{"type":"Polygon","coordinates":[[[90.336475,23.800852],[90.336468,23.800898],[90.336302,23.800888],[90.336314,23.800796],[90.336314,23.800796],[90.336463,23.800797],[90.336475,23.800852]]]}},{"type":"Feature","properties":{"survey":"bds","sheet":"064","dag":"31827","label_bn":"31827","area_sqm":211.4},"geometry":{"type":"Polygon","coordinates":[[[90.337643,23.800741],[90.337595,23.800902],[90.337565,23.800896],[90.337596,23.80079],[90.337613,23.800737],[90.337631,23.800683],[90.337671,23.800577],[90.337717,23.800438],[90.337762,23.800295],[90.337784,23.800227],[90.337812,23.800235],[90.33773,23.80047],[90.337723,23.800491],[90.337694,23.800582],[90.337643,23.800741]]]}},{"type":"Feature","properties":{"survey":"bds","sheet":"064","dag":"31624","label_bn":"31624","area_sqm":138.7},"geometry":{"type":"Polygon","coordinates":[[[90.335955,23.80081],[90.335934,23.8009],[90.335795,23.800844],[90.335832,23.800769],[90.335955,23.80081]]]}},{"type":"Feature","properties":{"survey":"bds","sheet":"064","dag":"31722","label_bn":"31722","area_sqm":369.7},"geometry":{"type":"Polygon","coordinates":[[[90.337337,23.800893],[90.337333,23.80091],[90.33732,23.800907],[90.337305,23.800905],[90.337333,23.800786],[90.337356,23.80068],[90.337397,23.800478],[90.337402,23.800451],[90.337402,23.800451],[90.337433,23.800286],[90.337434,23.800283],[90.337456,23.800177],[90.337472,23.800094],[90.337488,23.800019],[90.337473,23.800016],[90.337496,23.799884],[90.337527,23.799888],[90.337507,23.799982],[90.33753,23.799989],[90.337511,23.800062],[90.33751,23.800066],[90.337509,23.800071],[90.337495,23.800142],[90.337478,23.800228],[90.337458,23.800332],[90.33744,23.800437],[90.337414,23.800551],[90.337383,23.800687],[90.337361,23.800789],[90.337337,23.800893]]]}},{"type":"Feature","properties":{"survey":"bds","sheet":"064","dag":"31829","label_bn":"31829","area_sqm":145.7},"geometry":{"type":"Polygon","coordinates":[[[90.337463,23.800875],[90.337458,23.800917],[90.337337,23.800893],[90.337361,23.800789],[90.337483,23.800816],[90.337463,23.800875]]]}},{"type":"Feature","properties":{"survey":"bds","sheet":"064","dag":"31813","label_bn":"31813","area_sqm":131.6},"geometry":{"type":"Polygon","coordinates":[[[90.337927,23.800815],[90.337915,23.800924],[90.337811,23.800901],[90.337824,23.800792],[90.337927,23.800815]]]}},{"type":"Feature","properties":{"survey":"bds","sheet":"064","dag":"31728","label_bn":"31728","area_sqm":180.0},"geometry":{"type":"Polygon","coordinates":[[[90.336578,23.800925],[90.336463,23.800932],[90.336468,23.800898],[90.336475,23.800852],[90.336463,23.800797],[90.33646,23.800784],[90.336564,23.800777],[90.336577,23.800839],[90.336578,23.800925]]]}},{"type":"Feature","properties":{"survey":"bds","sheet":"064","dag":"31815","label_bn":"31815","area_sqm":382.3},"geometry":{"type":"Polygon","coordinates":[[[90.337811,23.800901],[90.337807,23.800943],[90.33763,23.80091],[90.337595,23.800902],[90.337643,23.800741],[90.337826,23.800776],[90.337824,23.800792],[90.337811,23.800901]]]}},{"type":"Feature","properties":{"survey":"bds","sheet":"064","dag":"31745","label_bn":"31745","area_sqm":140.5},"geometry":{"type":"Polygon","coordinates":[[[90.336844,23.800857],[90.336842,23.800949],[90.336715,23.800948],[90.336712,23.800948],[90.33671,23.800937],[90.336709,23.800855],[90.336844,23.800857]]]}},{"type":"Feature","properties":{"survey":"bds","sheet":"064","dag":"31746","label_bn":"31746","area_sqm":179.8},"geometry":{"type":"Polygon","coordinates":[[[90.33671,23.800937],[90.336608,23.800951],[90.336607,23.800835],[90.336599,23.800793],[90.336706,23.800787],[90.336708,23.800824],[90.336709,23.800855],[90.33671,23.800937]]]}},{"type":"Feature","properties":{"survey":"bds","sheet":"064","dag":"31814","label_bn":"31814","area_sqm":45.9},"geometry":{"type":"Polygon","coordinates":[[[90.337915,23.800924],[90.337911,23.800962],[90.337835,23.800946],[90.337807,23.800943],[90.337811,23.800901],[90.337915,23.800924]]]}},{"type":"Feature","properties":{"survey":"bds","sheet":"064","dag":"31610","label_bn":"31610","area_sqm":171.0},"geometry":{"type":"Polygon","coordinates":[[[90.336156,23.800898],[90.336146,23.80098],[90.335961,23.800923],[90.335977,23.800847],[90.336088,23.800879],[90.336156,23.800898]]]}},{"type":"Feature","properties":{"survey":"bds","sheet":"064","dag":"31812","label_bn":"31812","area_sqm":204.9},"geometry":{"type":"Polygon","coordinates":[[[90.338041,23.800838],[90.338042,23.800984],[90.33799,23.800975],[90.337927,23.800963],[90.337911,23.800962],[90.337915,23.800924],[90.337927,23.800815],[90.338041,23.800838]]]}},{"type":"Feature","properties":{"survey":"bds","sheet":"064","dag":"31753","label_bn":"31753","area_sqm":160.6},"geometry":{"type":"Polygon","coordinates":[[[90.337007,23.800874],[90.336987,23.800986],[90.33687,23.800969],[90.336875,23.800855],[90.337007,23.800874]]]}},{"type":"Feature","properties":{"survey":"bds","sheet":"064","dag":"31775","label_bn":"31775","area_sqm":83.0},"geometry":{"type":"Polygon","coordinates":[[[90.337443,23.800934],[90.337436,23.800991],[90.337306,23.800961],[90.33732,23.800907],[90.337333,23.80091],[90.337443,23.800934]]]}},{"type":"Feature","properties":{"survey":"bds","sheet":"064","dag":"31623","label_bn":"31623","area_sqm":190.1},"geometry":{"type":"Polygon","coordinates":[[[90.335916,23.800967],[90.335906,23.801002],[90.335748,23.800938],[90.335795,23.800844],[90.335934,23.8009],[90.335916,23.800967]]]}},{"type":"Feature","properties":{"survey":"bds","sheet":"064","dag":"31622","label_bn":"31622","area_sqm":627.4},"geometry":{"type":"Polygon","coordinates":[[[90.335748,23.800938],[90.335705,23.801004],[90.335614,23.800976],[90.33554,23.800954],[90.335638,23.800703],[90.33585,23.800731],[90.335832,23.800769],[90.335795,23.800844],[90.335748,23.800938]]]}},{"type":"Feature","properties":{"survey":"bds","sheet":"064","dag":"31811","label_bn":"31811","area_sqm":403.6},"geometry":{"type":"Polygon","coordinates":[[[90.338153,23.800868],[90.338179,23.801011],[90.338042,23.800984],[90.338041,23.800838],[90.338039,23.800811],[90.338037,23.800662],[90.338134,23.800684],[90.33813,23.800725],[90.338153,23.800868]]]}},{"type":"Feature","properties":{"survey":"bds","sheet":"064","dag":"31731","label_bn":"31731","area_sqm":106.6},"geometry":{"type":"Polygon","coordinates":[[[90.336578,23.800925],[90.336564,23.801014],[90.336451,23.801008],[90.336463,23.800932],[90.336578,23.800925]]]}},{"type":"Feature","properties":{"survey":"bds","sheet":"064","dag":"31744","label_bn":"31744","area_sqm":103.4},"geometry":{"type":"Polygon","coordinates":[[[90.336842,23.800949],[90.336841,23.801021],[90.336706,23.801016],[90.336713,23.800992],[90.336712,23.800948],[90.336715,23.800948],[90.336842,23.800949]]]}},{"type":"Feature","properties":{"survey":"bds","sheet":"064","dag":"31806","label_bn":"31806","area_sqm":232.1},"geometry":{"type":"Polygon","coordinates":[[[90.33763,23.80091],[90.337614,23.801028],[90.337462,23.801015],[90.337465,23.800994],[90.337472,23.800921],[90.337458,23.800917],[90.337463,23.800875],[90.337565,23.800896],[90.337595,23.800902],[90.33763,23.80091]]]}},{"type":"Feature","properties":{"survey":"bds","sheet":"064","dag":"31609","label_bn":"31609","area_sqm":441.8},"geometry":{"type":"Polygon","coordinates":[[[90.336299,23.8007],[90.336252,23.801047],[90.336141,23.801017],[90.336146,23.80098],[90.336156,23.800898],[90.336166,23.800815],[90.336168,23.800799],[90.33618,23.800697],[90.336299,23.8007]]]}},{"type":"Feature","properties":{"survey":"bds","sheet":"064","dag":"31730","label_bn":"31730","area_sqm":291.2},"geometry":{"type":"Polygon","coordinates":[[[90.336451,23.801008],[90.336443,23.801053],[90.336281,23.801042],[90.336302,23.800888],[90.336468,23.800898],[90.336463,23.800932],[90.336451,23.801008]]]}},{"type":"Feature","properties":{"survey":"bds","sheet":"064","dag":"31807","label_bn":"31807","area_sqm":271.0},"geometry":{"type":"Polygon","coordinates":[[[90.337835,23.800946],[90.337819,23.801057],[90.337614,23.801028],[90.33763,23.80091],[90.337807,23.800943],[90.337835,23.800946]]]}},{"type":"Feature","properties":{"survey":"bds","sheet":"064","dag":"31774","label_bn":"31774","area_sqm":126.8},"geometry":{"type":"Polygon","coordinates":[[[90.337436,23.800991],[90.337429,23.801071],[90.337289,23.801042],[90.337306,23.800961],[90.337436,23.800991]]]}},{"type":"Feature","properties":{"survey":"bds","sheet":"064","dag":"31808","label_bn":"31808","area_sqm":119.6},"geometry":{"type":"Polygon","coordinates":[[[90.337927,23.800963],[90.337912,23.801075],[90.337819,23.801057],[90.337835,23.800946],[90.337911,23.800962],[90.337927,23.800963]]]}},{"type":"Feature","properties":{"survey":"bds","sheet":"064","dag":"31754","label_bn":"31754","area_sqm":109.0},"geometry":{"type":"Polygon","coordinates":[[[90.336987,23.800986],[90.336971,23.801076],[90.336867,23.801049],[90.33687,23.800969],[90.336987,23.800986]]]}},{"type":"Feature","properties":{"survey":"bds","sheet":"064","dag":"31742","label_bn":"31742","area_sqm":150.4},"geometry":{"type":"Polygon","coordinates":[[[90.336681,23.801065],[90.336675,23.801078],[90.336586,23.80106],[90.336608,23.800951],[90.33671,23.800937],[90.336712,23.800948],[90.336713,23.800992],[90.336706,23.801016],[90.336681,23.801065]]]}},{"type":"Feature","properties":{"survey":"bds","sheet":"064","dag":"31809","label_bn":"31809","area_sqm":83.0},"geometry":{"type":"Polygon","coordinates":[[[90.33799,23.800975],[90.337975,23.801088],[90.337932,23.80108],[90.337912,23.801075],[90.337927,23.800963],[90.33799,23.800975]]]}},{"type":"Feature","properties":{"survey":"bds","sheet":"064","dag":"31621","label_bn":"31621","area_sqm":111.2},"geometry":{"type":"Polygon","coordinates":[[[90.335614,23.800976],[90.335572,23.801095],[90.335498,23.801072],[90.33554,23.800954],[90.335614,23.800976]]]}},{"type":"Feature","properties":{"survey":"bds","sheet":"064","dag":"31607","label_bn":"31607","area_sqm":245.2},"geometry":{"type":"Polygon","coordinates":[[[90.336141,23.801017],[90.336129,23.801097],[90.336045,23.801063],[90.335932,23.801015],[90.335961,23.800923],[90.336146,23.80098],[90.336141,23.801017]]]}},{"type":"Feature","properties":{"survey":"bds","sheet":"064","dag":"31743","label_bn":"31743","area_sqm":105.9},"geometry":{"type":"Polygon","coordinates":[[[90.336829,23.80106],[90.336803,23.801102],[90.336681,23.801065],[90.336706,23.801016],[90.336841,23.801021],[90.336839,23.801039],[90.336837,23.801046],[90.336829,23.80106]]]}},{"type":"Feature","properties":{"survey":"bds","sheet":"064","dag":"31810","label_bn":"31810","area_sqm":179.3},"geometry":{"type":"Polygon","coordinates":[[[90.33805,23.801106],[90.33805,23.801107],[90.338048,23.801107],[90.337975,23.801088],[90.33799,23.800975],[90.338042,23.800984],[90.338179,23.801011],[90.338179,23.801011],[90.338102,23.801069],[90.33805,23.801106]]]}},{"type":"Feature","properties":{"survey":"bds","sheet":"064","dag":"31732","label_bn":"31732","area_sqm":115.0},"geometry":{"type":"Polygon","coordinates":[[[90.336564,23.801014],[90.336547,23.801109],[90.336437,23.801092],[90.336443,23.801053],[90.336451,23.801008],[90.336564,23.801014]]]}},{"type":"Feature","properties":{"survey":"bds","sheet":"064","dag":"31634","label_bn":"31634","area_sqm":298.3},"geometry":{"type":"Polygon","coordinates":[[[90.335572,23.801095],[90.335565,23.801115],[90.335526,23.801105],[90.335503,23.801096],[90.335469,23.801085],[90.335506,23.800978],[90.335498,23.800961],[90.335505,23.800948],[90.33554,23.800863],[90.335579,23.800767],[90.33562,23.80067],[90.335655,23.800591],[90.335686,23.80051],[90.335764,23.800314],[90.335792,23.800316],[90.335774,23.800377],[90.335725,23.800488],[90.335698,23.800559],[90.335664,23.800641],[90.335638,23.800703],[90.33554,23.800954],[90.335498,23.801072],[90.335572,23.801095]]]}},{"type":"Feature","properties":{"survey":"bds","sheet":"064","dag":"31758","label_bn":"31758","area_sqm":67.9},"geometry":{"type":"Polygon","coordinates":[[[90.336964,23.801087],[90.336937,23.801126],[90.336839,23.801102],[90.336867,23.801049],[90.336971,23.801076],[90.336964,23.801087]]]}},{"type":"Feature","properties":{"survey":"bds","sheet":"064","dag":"31608","label_bn":"31608","area_sqm":104.9},"geometry":{"type":"Polygon","coordinates":[[[90.336252,23.801047],[90.336242,23.801126],[90.336129,23.801097],[90.336141,23.801017],[90.336252,23.801047]]]}},{"type":"Feature","properties":{"survey":"bds","sheet":"064","dag":"31620","label_bn":"31620","area_sqm":125.1},"geometry":{"type":"Polygon","coordinates":[[[90.335625,23.80111],[90.335618,23.80113],[90.335565,23.801115],[90.335572,23.801095],[90.335614,23.800976],[90.335705,23.801004],[90.335633,23.801112],[90.335625,23.80111]]]}},{"type":"Feature","properties":{"survey":"bds","sheet":"064","dag":"31735","label_bn":"31735","area_sqm":137.3},"geometry":{"type":"Polygon","coordinates":[[[90.336281,23.801042],[90.336268,23.801135],[90.336242,23.801126],[90.336252,23.801047],[90.336299,23.8007],[90.336327,23.800699],[90.336314,23.800796],[90.336314,23.800796],[90.336302,23.800888],[90.336281,23.801042]]]}},{"type":"Feature","properties":{"survey":"bds","sheet":"064","dag":"31755","label_bn":"31755","area_sqm":769.5},"geometry":{"type":"Polygon","coordinates":[[[90.337136,23.801006],[90.3371,23.801141],[90.336964,23.801087],[90.336971,23.801076],[90.336987,23.800986],[90.337007,23.800874],[90.337012,23.800847],[90.337028,23.800758],[90.337039,23.800693],[90.337215,23.800699],[90.337199,23.800771],[90.337136,23.801006]]]}},{"type":"Feature","properties":{"survey":"bds","sheet":"064","dag":"31773","label_bn":"31773","area_sqm":129.7},"geometry":{"type":"Polygon","coordinates":[[[90.337429,23.801071],[90.337421,23.801146],[90.337272,23.801121],[90.337289,23.801042],[90.337429,23.801071]]]}},{"type":"Feature","properties":{"survey":"bds","sheet":"064","dag":"31805","label_bn":"31805","area_sqm":206.3},"geometry":{"type":"Polygon","coordinates":[[[90.337604,23.801135],[90.337449,23.801147],[90.337457,23.801073],[90.337462,23.801016],[90.337462,23.801015],[90.337614,23.801028],[90.337604,23.801135]]]}},{"type":"Feature","properties":{"survey":"bds","sheet":"064","dag":"31856","label_bn":"31856","area_sqm":71.6},"geometry":{"type":"Polygon","coordinates":[[[90.336803,23.801102],[90.336774,23.801147],[90.336661,23.801112],[90.336675,23.801078],[90.336681,23.801065],[90.336803,23.801102]]]}},{"type":"Feature","properties":{"survey":"bds","sheet":"064","dag":"31734","label_bn":"31734","area_sqm":185.1},"geometry":{"type":"Polygon","coordinates":[[[90.336437,23.801092],[90.336426,23.80116],[90.336268,23.801135],[90.336281,23.801042],[90.336443,23.801053],[90.336437,23.801092]]]}},{"type":"Feature","properties":{"survey":"bds","sheet":"064","dag":"31802","label_bn":"31802","area_sqm":259.8},"geometry":{"type":"Polygon","coordinates":[[[90.337806,23.801165],[90.337804,23.801171],[90.337604,23.801135],[90.337614,23.801028],[90.337819,23.801057],[90.337806,23.801165]]]}},{"type":"Feature","properties":{"survey":"bds","sheet":"064","dag":"31733","label_bn":"31733","area_sqm":86.3},"geometry":{"type":"Polygon","coordinates":[[[90.336547,23.801109],[90.336535,23.801176],[90.33653,23.801175],[90.336426,23.80116],[90.336437,23.801092],[90.336547,23.801109]]]}},{"type":"Feature","properties":{"survey":"bds","sheet":"064","dag":"31741","label_bn":"31741","area_sqm":169.3},"geometry":{"type":"Polygon","coordinates":[[[90.336586,23.80106],[90.336565,23.801178],[90.336535,23.801176],[90.336547,23.801109],[90.336564,23.801014],[90.336578,23.800925],[90.336577,23.800839],[90.336564,23.800777],[90.336559,23.800738],[90.336554,23.800698],[90.336554,23.800696],[90.336583,23.800693],[90.336599,23.800793],[90.336607,23.800835],[90.336608,23.800951],[90.336586,23.80106]]]}},{"type":"Feature","properties":{"survey":"bds","sheet":"064","dag":"31801","label_bn":"31801","area_sqm":123.3},"geometry":{"type":"Polygon","coordinates":[[[90.337932,23.80108],[90.337892,23.801181],[90.337806,23.801165],[90.337819,23.801057],[90.337912,23.801075],[90.337932,23.80108]]]}},{"type":"Feature","properties":{"survey":"bds","sheet":"064","dag":"31740","label_bn":"31740","area_sqm":103.8},"geometry":{"type":"Polygon","coordinates":[[[90.336635,23.801166],[90.336628,23.801184],[90.336565,23.801178],[90.336586,23.80106],[90.336675,23.801078],[90.336661,23.801112],[90.336643,23.801168],[90.336635,23.801166]]]}},{"type":"Feature","properties":{"survey":"bds","sheet":"064","dag":"31759","label_bn":"31759","area_sqm":70.6},"geometry":{"type":"Polygon","coordinates":[[[90.336928,23.80114],[90.336899,23.801184],[90.336805,23.801151],[90.336839,23.801102],[90.336937,23.801126],[90.336928,23.80114]]]}},{"type":"Feature","properties":{"survey":"bds","sheet":"064","dag":"31739","label_bn":"31739","area_sqm":71.5},"geometry":{"type":"Polygon","coordinates":[[[90.336774,23.801147],[90.336743,23.801196],[90.336645,23.801169],[90.336643,23.801168],[90.336661,23.801112],[90.336774,23.801147]]]}},{"type":"Feature","properties":{"survey":"bds","sheet":"064","dag":"31757","label_bn":"31757","area_sqm":106.7},"geometry":{"type":"Polygon","coordinates":[[[90.3371,23.801141],[90.337086,23.801197],[90.336928,23.80114],[90.336937,23.801126],[90.336964,23.801087],[90.3371,23.801141]]]}},{"type":"Feature","properties":{"survey":"bds","sheet":"064","dag":"31756","label_bn":"31756","area_sqm":771.2},"geometry":{"type":"Polygon","coordinates":[[[90.337272,23.801121],[90.337254,23.801229],[90.337086,23.801197],[90.3371,23.801141],[90.337136,23.801006],[90.337199,23.800771],[90.337333,23.800786],[90.337305,23.800905],[90.33732,23.800907],[90.337306,23.800961],[90.337289,23.801042],[90.337272,23.801121]]]}},{"type":"Feature","properties":{"survey":"bds","sheet":"064","dag":"31761","label_bn":"31761","area_sqm":76.7},"geometry":{"type":"Polygon","coordinates":[[[90.336899,23.801184],[90.336863,23.801238],[90.336764,23.801214],[90.336805,23.801151],[90.336899,23.801184]]]}},{"type":"Feature","properties":{"survey":"bds","sheet":"064","dag":"31804","label_bn":"31804","area_sqm":161.0},"geometry":{"type":"Polygon","coordinates":[[[90.337604,23.801135],[90.337592,23.801241],[90.337441,23.801226],[90.337441,23.801226],[90.337449,23.801149],[90.337449,23.801147],[90.337604,23.801135]]]}},{"type":"Feature","properties":{"survey":"bds","sheet":"064","dag":"31772","label_bn":"31772","area_sqm":179.5},"geometry":{"type":"Polygon","coordinates":[[[90.337412,23.801224],[90.337409,23.801242],[90.337254,23.801229],[90.337272,23.801121],[90.337421,23.801146],[90.337412,23.801224]]]}},{"type":"Feature","properties":{"survey":"bds","sheet":"064","dag":"31760","label_bn":"31760","area_sqm":108.4},"geometry":{"type":"Polygon","coordinates":[[[90.337086,23.801197],[90.337072,23.801252],[90.336899,23.801184],[90.336928,23.80114],[90.337086,23.801197]]]}},{"type":"Feature","properties":{"survey":"bds","sheet":"064","dag":"31737","label_bn":"31737","area_sqm":108.8},"geometry":{"type":"Polygon","coordinates":[[[90.336639,23.801185],[90.336625,23.801235],[90.336618,23.801259],[90.336615,23.80127],[90.336524,23.801278],[90.336524,23.801268],[90.336526,23.801242],[90.33653,23.801175],[90.336535,23.801176],[90.336565,23.801178],[90.336628,23.801184],[90.336635,23.801166],[90.336643,23.801168],[90.336645,23.801169],[90.336639,23.801185]]]}},{"type":"Feature","properties":{"survey":"bds","sheet":"064","dag":"31803","label_bn":"31803","area_sqm":243.5},"geometry":{"type":"Polygon","coordinates":[[[90.337804,23.801171],[90.337793,23.801277],[90.337695,23.801258],[90.337592,23.801241],[90.337604,23.801135],[90.337804,23.801171]]]}},{"type":"Feature","properties":{"survey":"bds","sheet":"064","dag":"31736","label_bn":"31736","area_sqm":447.9},"geometry":{"type":"Polygon","coordinates":[[[90.336268,23.801135],[90.336426,23.80116],[90.33653,23.801175],[90.336526,23.801242],[90.336524,23.801268],[90.336524,23.801278],[90.336449,23.801279],[90.336249,23.801283],[90.3362,23.801284],[90.336242,23.801126],[90.336268,23.801135]]]}},{"type":"Feature","properties":{"survey":"bds","sheet":"064","dag":"31738","label_bn":"31738","area_sqm":106.7},"geometry":{"type":"Polygon","coordinates":[[[90.336698,23.80129],[90.336637,23.801266],[90.336615,23.80127],[90.336618,23.801259],[90.336625,23.801235],[90.336639,23.801185],[90.336645,23.801169],[90.336743,23.801196],[90.336698,23.80129]]]}},{"type":"Feature","properties":{"survey":"bds","sheet":"064","dag":"31749","label_bn":"31749","area_sqm":208.0},"geometry":{"type":"Polygon","coordinates":[[[90.336764,23.801214],[90.336714,23.801296],[90.336698,23.80129],[90.336743,23.801196],[90.336774,23.801147],[90.336803,23.801102],[90.336829,23.80106],[90.336837,23.801046],[90.336839,23.801039],[90.336841,23.801021],[90.336842,23.800949],[90.336844,23.800857],[90.336852,23.800687],[90.336883,23.800689],[90.33688,23.800746],[90.336876,23.800828],[90.336875,23.800855],[90.33687,23.800969],[90.336867,23.801049],[90.336839,23.801102],[90.336805,23.801151],[90.336764,23.801214]]]}},{"type":"Feature","properties":{"survey":"bds","sheet":"064","dag":"31800","label_bn":"31800","area_sqm":340.5},"geometry":{"type":"Polygon","coordinates":[[[90.337965,23.801224],[90.337899,23.801314],[90.337811,23.801297],[90.337793,23.801277],[90.337804,23.801171],[90.337806,23.801165],[90.337892,23.801181],[90.337932,23.80108],[90.337975,23.801088],[90.338048,23.801107],[90.33805,23.801107],[90.337965,23.801224]]]}},{"type":"Feature","properties":{"survey":"bds","sheet":"064","dag":"31619","label_bn":"31619","area_sqm":788.2},"geometry":{"type":"Polygon","coordinates":[[[90.335906,23.801002],[90.335773,23.801319],[90.335675,23.801286],[90.335581,23.801257],[90.335593,23.801212],[90.335618,23.80113],[90.335625,23.80111],[90.335633,23.801112],[90.335705,23.801004],[90.335748,23.800938],[90.335906,23.801002]]]}},{"type":"Feature","properties":{"survey":"bds","sheet":"064","dag":"31771","label_bn":"31771","area_sqm":141.3},"geometry":{"type":"Polygon","coordinates":[[[90.337409,23.801242],[90.337405,23.801326],[90.337259,23.801311],[90.337254,23.801229],[90.337409,23.801242]]]}},{"type":"Feature","properties":{"survey":"bds","sheet":"064","dag":"31762","label_bn":"31762","area_sqm":110.7},"geometry":{"type":"Polygon","coordinates":[[[90.33681,23.801319],[90.336802,23.80133],[90.336714,23.801296],[90.336764,23.801214],[90.336863,23.801238],[90.33681,23.801319]]]}},{"type":"Feature","properties":{"survey":"bds","sheet":"064","dag":"31783","label_bn":"31783","area_sqm":127.7},"geometry":{"type":"Polygon","coordinates":[[[90.337695,23.801258],[90.33768,23.801364],[90.33765,23.801361],[90.33758,23.801352],[90.337592,23.801241],[90.337695,23.801258]]]}},{"type":"Feature","properties":{"survey":"bds","sheet":"064","dag":"31618","label_bn":"31618","area_sqm":72.7},"geometry":{"type":"Polygon","coordinates":[[[90.335773,23.801319],[90.335751,23.801378],[90.335655,23.801345],[90.335675,23.801286],[90.335773,23.801319]]]}},{"type":"Feature","properties":{"survey":"bds","sheet":"064","dag":"31784","label_bn":"31784","area_sqm":130.7},"geometry":{"type":"Polygon","coordinates":[[[90.337793,23.801277],[90.337791,23.801387],[90.33768,23.801364],[90.337695,23.801258],[90.337793,23.801277]]]}},{"type":"Feature","properties":{"survey":"bds","sheet":"064","dag":"31799","label_bn":"31799","area_sqm":67.0},"geometry":{"type":"Polygon","coordinates":[[[90.337887,23.801334],[90.337866,23.801388],[90.337804,23.801376],[90.337807,23.801339],[90.337811,23.801297],[90.337899,23.801314],[90.337885,23.801332],[90.337887,23.801334]]]}},{"type":"Feature","properties":{"survey":"bds","sheet":"064","dag":"31798","label_bn":"31798","area_sqm":8.9},"geometry":{"type":"Polygon","coordinates":[[[90.337898,23.801345],[90.337882,23.801389],[90.337866,23.801388],[90.337887,23.801334],[90.337898,23.801345]]]}},{"type":"Feature","properties":{"survey":"bds","sheet":"064","dag":"31797","label_bn":"31797","area_sqm":20.0},"geometry":{"type":"Polygon","coordinates":[[[90.337898,23.801345],[90.337957,23.801404],[90.337882,23.801389],[90.337898,23.801345]]]}},{"type":"Feature","properties":{"survey":"bds","sheet":"064","dag":"31617","label_bn":"31617","area_sqm":31.5},"geometry":{"type":"Polygon","coordinates":[[[90.335751,23.801378],[90.335741,23.801403],[90.335646,23.801372],[90.335655,23.801345],[90.335751,23.801378]]]}},{"type":"Feature","properties":{"survey":"bds","sheet":"064","dag":"31770","label_bn":"31770","area_sqm":146.2},"geometry":{"type":"Polygon","coordinates":[[[90.337405,23.801326],[90.3374,23.801422],[90.337265,23.801399],[90.337259,23.801311],[90.337405,23.801326]]]}},{"type":"Feature","properties":{"survey":"bds","sheet":"064","dag":"31606","label_bn":"31606","area_sqm":1247.8},"geometry":{"type":"Polygon","coordinates":[[[90.336098,23.801421],[90.336097,23.801425],[90.335802,23.801328],[90.335932,23.801015],[90.336045,23.801063],[90.336129,23.801097],[90.336242,23.801126],[90.3362,23.801284],[90.336098,23.801421]]]}},{"type":"Feature","properties":{"survey":"bds","sheet":"064","dag":"31782","label_bn":"31782","area_sqm":324.7},"geometry":{"type":"Polygon","coordinates":[[[90.33758,23.801352],[90.337571,23.801433],[90.337442,23.801424],[90.33743,23.801424],[90.337441,23.801226],[90.337592,23.801241],[90.33758,23.801352]]]}},{"type":"Feature","properties":{"survey":"bds","sheet":"064","dag":"31786","label_bn":"31786","area_sqm":80.4},"geometry":{"type":"Polygon","coordinates":[[[90.33765,23.801361],[90.337641,23.801461],[90.337573,23.801451],[90.337571,23.801433],[90.33758,23.801352],[90.33765,23.801361]]]}},{"type":"Feature","properties":{"survey":"bds","sheet":"064","dag":"31781","label_bn":"31781","area_sqm":61.2},"geometry":{"type":"Polygon","coordinates":[[[90.337573,23.801451],[90.33757,23.801473],[90.337444,23.801468],[90.337442,23.801424],[90.337571,23.801433],[90.337573,23.801451]]]}},{"type":"Feature","properties":{"survey":"bds","sheet":"064","dag":"31785","label_bn":"31785","area_sqm":161.9},"geometry":{"type":"Polygon","coordinates":[[[90.337791,23.801387],[90.337792,23.80148],[90.337685,23.801467],[90.337641,23.801461],[90.33765,23.801361],[90.33768,23.801364],[90.337791,23.801387]]]}},{"type":"Feature","properties":{"survey":"bds","sheet":"064","dag":"31789","label_bn":"31789","area_sqm":76.8},"geometry":{"type":"Polygon","coordinates":[[[90.337883,23.801473],[90.337792,23.80148],[90.337791,23.801387],[90.337865,23.801401],[90.337883,23.801473]]]}},{"type":"Feature","properties":{"survey":"bds","sheet":"064","dag":"31763","label_bn":"31763","area_sqm":511.0},"geometry":{"type":"Polygon","coordinates":[[[90.337072,23.801252],[90.337006,23.801488],[90.336802,23.80133],[90.33681,23.801319],[90.336863,23.801238],[90.336899,23.801184],[90.337072,23.801252]]]}},{"type":"Feature","properties":{"survey":"bds","sheet":"064","dag":"31616","label_bn":"31616","area_sqm":167.2},"geometry":{"type":"Polygon","coordinates":[[[90.335741,23.801403],[90.335702,23.801505],[90.335575,23.801457],[90.335606,23.801358],[90.335646,23.801372],[90.335741,23.801403]]]}},{"type":"Feature","properties":{"survey":"bds","sheet":"064","dag":"31605","label_bn":"31605","area_sqm":316.9},"geometry":{"type":"Polygon","coordinates":[[[90.336097,23.801425],[90.336055,23.801507],[90.335766,23.801412],[90.335782,23.801379],[90.335801,23.801329],[90.335802,23.801328],[90.336097,23.801425]]]}},{"type":"Feature","properties":{"survey":"bds","sheet":"064","dag":"31796","label_bn":"31796","area_sqm":98.7},"geometry":{"type":"Polygon","coordinates":[[[90.33798,23.801512],[90.337909,23.801519],[90.337882,23.801389],[90.337957,23.801404],[90.337958,23.801405],[90.337962,23.801423],[90.33798,23.801512]]]}},{"type":"Feature","properties":{"survey":"bds","sheet":"064","dag":"31615","label_bn":"31615","area_sqm":450.5},"geometry":{"type":"Polygon","coordinates":[[[90.335757,23.801441],[90.335725,23.801525],[90.335698,23.801516],[90.335702,23.801505],[90.335741,23.801403],[90.335751,23.801378],[90.335773,23.801319],[90.335906,23.801002],[90.335916,23.800967],[90.335934,23.8009],[90.335955,23.80081],[90.335991,23.800694],[90.335995,23.80068],[90.335998,23.800667],[90.336011,23.800559],[90.33602,23.800491],[90.336039,23.800337],[90.336062,23.800186],[90.336091,23.80019],[90.336086,23.800217],[90.33606,23.800378],[90.336051,23.800457],[90.336038,23.800571],[90.336028,23.800668],[90.336018,23.800695],[90.335999,23.800766],[90.335995,23.800779],[90.335977,23.800847],[90.335961,23.800923],[90.335932,23.801015],[90.335802,23.801328],[90.335801,23.801329],[90.335782,23.801379],[90.335766,23.801412],[90.335757,23.801441]]]}},{"type":"Feature","properties":{"survey":"bds","sheet":"064","dag":"31769","label_bn":"31769","area_sqm":173.1},"geometry":{"type":"Polygon","coordinates":[[[90.337413,23.801449],[90.33742,23.801528],[90.337272,23.80151],[90.337265,23.801399],[90.3374,23.801422],[90.337398,23.801448],[90.337413,23.801449]]]}},{"type":"Feature","properties":{"survey":"bds","sheet":"064","dag":"31604","label_bn":"31604","area_sqm":100.6},"geometry":{"type":"Polygon","coordinates":[[[90.336055,23.801507],[90.336041,23.801533],[90.335881,23.80148],[90.335853,23.801472],[90.335757,23.801441],[90.335766,23.801412],[90.336055,23.801507]]]}},{"type":"Feature","properties":{"survey":"bds","sheet":"064","dag":"31790","label_bn":"31790","area_sqm":69.9},"geometry":{"type":"Polygon","coordinates":[[[90.337897,23.801534],[90.337793,23.801544],[90.337792,23.80148],[90.337883,23.801473],[90.337897,23.801534]]]}},{"type":"Feature","properties":{"survey":"bds","sheet":"064","dag":"31780","label_bn":"31780","area_sqm":119.0},"geometry":{"type":"Polygon","coordinates":[[[90.33757,23.801473],[90.337577,23.801556],[90.33745,23.801551],[90.337444,23.801468],[90.33757,23.801473]]]}},{"type":"Feature","properties":{"survey":"bds","sheet":"064","dag":"31603","label_bn":"31603","area_sqm":101.7},"geometry":{"type":"Polygon","coordinates":[[[90.335853,23.801472],[90.335818,23.801555],[90.335725,23.801525],[90.335757,23.801441],[90.335853,23.801472]]]}},{"type":"Feature","properties":{"survey":"bds","sheet":"064","dag":"31768","label_bn":"31768","area_sqm":108.5},"geometry":{"type":"Polygon","coordinates":[[[90.33742,23.801528],[90.337424,23.801592],[90.337278,23.801576],[90.337272,23.80151],[90.33742,23.801528]]]}},{"type":"Feature","properties":{"survey":"bds","sheet":"064","dag":"31779","label_bn":"31779","area_sqm":59.2},"geometry":{"type":"Polygon","coordinates":[[[90.337577,23.801556],[90.33758,23.801597],[90.337454,23.801594],[90.33745,23.801551],[90.337577,23.801556]]]}},{"type":"Feature","properties":{"survey":"bds","sheet":"064","dag":"31794","label_bn":"31794","area_sqm":75.1},"geometry":{"type":"Polygon","coordinates":[[[90.337992,23.801604],[90.337923,23.801612],[90.337912,23.801534],[90.337909,23.801519],[90.33798,23.801512],[90.337983,23.801526],[90.337992,23.801604]]]}},{"type":"Feature","properties":{"survey":"bds","sheet":"064","dag":"31601","label_bn":"31601","area_sqm":171.0},"geometry":{"type":"Polygon","coordinates":[[[90.336041,23.801533],[90.336001,23.801614],[90.335845,23.801566],[90.335881,23.80148],[90.336041,23.801533]]]}},{"type":"Feature","properties":{"survey":"bds","sheet":"064","dag":"31778","label_bn":"31778","area_sqm":40.1},"geometry":{"type":"Polygon","coordinates":[[[90.33758,23.801597],[90.337581,23.801624],[90.337456,23.801623],[90.337454,23.801594],[90.33758,23.801597]]]}},{"type":"Feature","properties":{"survey":"bds","sheet":"064","dag":"31767","label_bn":"31767","area_sqm":117.5},"geometry":{"type":"Polygon","coordinates":[[[90.337424,23.801592],[90.337429,23.80166],[90.337283,23.801651],[90.337278,23.801576],[90.337424,23.801592]]]}},{"type":"Feature","properties":{"survey":"bds","sheet":"064","dag":"31600","label_bn":"31600","area_sqm":87.5},"geometry":{"type":"Polygon","coordinates":[[[90.336001,23.801614],[90.335978,23.801659],[90.335827,23.801609],[90.335845,23.801566],[90.336001,23.801614]]]}},{"type":"Feature","properties":{"survey":"bds","sheet":"064","dag":"31793","label_bn":"31793","area_sqm":75.2},"geometry":{"type":"Polygon","coordinates":[[[90.337993,23.801612],[90.337999,23.801642],[90.338004,23.801673],[90.338009,23.801697],[90.337937,23.801705],[90.337933,23.801679],[90.337928,23.801648],[90.337924,23.801619],[90.337923,23.801612],[90.337992,23.801604],[90.337993,23.801612]]]}},{"type":"Feature","properties":{"survey":"bds","sheet":"064","dag":"31792","label_bn":"31792","area_sqm":82.5},"geometry":{"type":"Polygon","coordinates":[[[90.337811,23.801297],[90.337807,23.801339],[90.337804,23.801376],[90.337866,23.801388],[90.337882,23.801389],[90.337909,23.801519],[90.337912,23.801534],[90.337923,23.801612],[90.337924,23.801619],[90.337928,23.801648],[90.337933,23.801679],[90.337937,23.801705],[90.337922,23.801707],[90.337918,23.80168],[90.337915,23.801651],[90.337911,23.801621],[90.337897,23.801534],[90.337883,23.801473],[90.337865,23.801401],[90.337791,23.801387],[90.337793,23.801277],[90.337811,23.801297]]]}},{"type":"Feature","properties":{"survey":"bds","sheet":"064","dag":"31795","label_bn":"31795","area_sqm":379.4},"geometry":{"type":"Polygon","coordinates":[[[90.337978,23.801424],[90.338029,23.801474],[90.338029,23.801474],[90.338085,23.801483],[90.338117,23.801489],[90.338162,23.801684],[90.33815,23.801685],[90.338009,23.801697],[90.338004,23.801673],[90.337999,23.801642],[90.337993,23.801612],[90.337992,23.801604],[90.337983,23.801526],[90.33798,23.801512],[90.337962,23.801423],[90.337958,23.801405],[90.337978,23.801424]]]}},{"type":"Feature","properties":{"survey":"bds","sheet":"064","dag":"31791","label_bn":"31791","area_sqm":240.0},"geometry":{"type":"Polygon","coordinates":[[[90.337911,23.801621],[90.337915,23.801651],[90.337918,23.80168],[90.337922,23.801707],[90.337797,23.801733],[90.337796,23.801709],[90.337795,23.80168],[90.337793,23.801544],[90.337897,23.801534],[90.337911,23.801621]]]}},{"type":"Feature","properties":{"survey":"bds","sheet":"064","dag":"31596","label_bn":"31596","area_sqm":403.8},"geometry":{"type":"Polygon","coordinates":[[[90.33674,23.801719],[90.33674,23.801719],[90.33661,23.801694],[90.336648,23.801496],[90.33667,23.801399],[90.336715,23.801419],[90.33675,23.801439],[90.336777,23.801459],[90.336781,23.801463],[90.33677,23.80152],[90.336762,23.801559],[90.336751,23.801639],[90.33674,23.801719]]]}},{"type":"Feature","properties":{"survey":"bds","sheet":"064","dag":"31595","label_bn":"31595","area_sqm":284.2},"geometry":{"type":"Polygon","coordinates":[[[90.336867,23.801637],[90.336847,23.801739],[90.33674,23.801719],[90.33674,23.801719],[90.336751,23.801639],[90.336762,23.801559],[90.33677,23.80152],[90.336781,23.801463],[90.336825,23.801505],[90.336881,23.80157],[90.336867,23.801637]]]}},{"type":"Feature","properties":{"survey":"bds","sheet":"064","dag":"31788","label_bn":"31788","area_sqm":329.0},"geometry":{"type":"Polygon","coordinates":[[[90.337792,23.80148],[90.337793,23.801544],[90.337795,23.80168],[90.337796,23.801709],[90.337797,23.801733],[90.337696,23.801773],[90.337695,23.801747],[90.337694,23.801719],[90.337685,23.801467],[90.337792,23.80148]]]}},{"type":"Feature","properties":{"survey":"bds","sheet":"064","dag":"31766","label_bn":"31766","area_sqm":167.9},"geometry":{"type":"Polygon","coordinates":[[[90.337429,23.80166],[90.337436,23.801763],[90.33729,23.801753],[90.337283,23.801651],[90.337429,23.80166]]]}},{"type":"Feature","properties":{"survey":"bds","sheet":"064","dag":"31521","label_bn":"31521","area_sqm":1636.9},"geometry":{"type":"Polygon","coordinates":[[[90.336509,23.801754],[90.336503,23.801781],[90.336132,23.801717],[90.336081,23.801709],[90.336121,23.801622],[90.336156,23.801548],[90.336193,23.801436],[90.336251,23.801413],[90.336355,23.801377],[90.336496,23.801369],[90.336572,23.801374],[90.336582,23.801376],[90.336509,23.801754]]]}},{"type":"Feature","properties":{"survey":"bds","sheet":"064","dag":"31787","label_bn":"31787","area_sqm":416.1},"geometry":{"type":"Polygon","coordinates":[[[90.337641,23.801461],[90.337685,23.801467],[90.337694,23.801719],[90.337695,23.801747],[90.337696,23.801773],[90.337642,23.80179],[90.337589,23.801808],[90.337588,23.801788],[90.337587,23.80176],[90.337581,23.801624],[90.33758,23.801597],[90.337577,23.801556],[90.33757,23.801473],[90.337573,23.801451],[90.337641,23.801461]]]}},{"type":"Feature","properties":{"survey":"bds","sheet":"064","dag":"31764","label_bn":"31764","area_sqm":1190.5},"geometry":{"type":"Polygon","coordinates":[[[90.33729,23.801753],[90.337293,23.801799],[90.337235,23.801757],[90.33715,23.801663],[90.337075,23.801574],[90.337006,23.801488],[90.337072,23.801252],[90.337086,23.801197],[90.337254,23.801229],[90.337259,23.801311],[90.337265,23.801399],[90.337272,23.80151],[90.337278,23.801576],[90.337283,23.801651],[90.33729,23.801753]]]}},{"type":"Feature","properties":{"survey":"bds","sheet":"064","dag":"31599","label_bn":"31599","area_sqm":269.7},"geometry":{"type":"Polygon","coordinates":[[[90.335967,23.801681],[90.335902,23.8018],[90.335766,23.801754],[90.335827,23.801609],[90.335978,23.801659],[90.335967,23.801681]]]}},{"type":"Feature","properties":{"survey":"bds","sheet":"064","dag":"31765","label_bn":"31765","area_sqm":80.8},"geometry":{"type":"Polygon","coordinates":[[[90.337439,23.8018],[90.33744,23.801815],[90.337293,23.801799],[90.33729,23.801753],[90.337436,23.801763],[90.337439,23.8018]]]}},{"type":"Feature","properties":{"survey":"bds","sheet":"064","dag":"31776","label_bn":"31776","area_sqm":324.8},"geometry":{"type":"Polygon","coordinates":[[[90.337466,23.801797],[90.337467,23.801817],[90.33744,23.801815],[90.337439,23.8018],[90.337436,23.801763],[90.337429,23.80166],[90.337424,23.801592],[90.33742,23.801528],[90.337413,23.801449],[90.337398,23.801448],[90.3374,23.801422],[90.337405,23.801326],[90.337409,23.801242],[90.337412,23.801224],[90.337421,23.801146],[90.337429,23.801071],[90.337436,23.800991],[90.337443,23.800934],[90.337333,23.80091],[90.337337,23.800893],[90.337458,23.800917],[90.337472,23.800921],[90.337465,23.800994],[90.337462,23.801015],[90.337462,23.801016],[90.337457,23.801073],[90.337449,23.801147],[90.337449,23.801149],[90.337441,23.801226],[90.337441,23.801226],[90.33743,23.801424],[90.337442,23.801424],[90.337444,23.801468],[90.33745,23.801551],[90.337454,23.801594],[90.337456,23.801623],[90.337466,23.801797]]]}},{"type":"Feature","properties":{"survey":"bds","sheet":"064","dag":"31777","label_bn":"31777","area_sqm":264.3},"geometry":{"type":"Polygon","coordinates":[[[90.337581,23.801624],[90.337587,23.80176],[90.337588,23.801788],[90.337589,23.801808],[90.337502,23.801815],[90.337467,23.801817],[90.337466,23.801797],[90.337456,23.801623],[90.337581,23.801624]]]}},{"type":"Feature","properties":{"survey":"bds","sheet":"064","dag":"31594","label_bn":"31594","area_sqm":276.4},"geometry":{"type":"Polygon","coordinates":[[[90.336847,23.801739],[90.336829,23.801839],[90.336705,23.801814],[90.33659,23.801794],[90.33661,23.801694],[90.33674,23.801719],[90.336847,23.801739]]]}},{"type":"Feature","properties":{"survey":"bds","sheet":"064","dag":"31593","label_bn":"31593","area_sqm":61.1},"geometry":{"type":"Polygon","coordinates":[[[90.336705,23.801814],[90.336696,23.801859],[90.336581,23.801839],[90.33659,23.801794],[90.336705,23.801814]]]}},{"type":"Feature","properties":{"survey":"bds","sheet":"064","dag":"31562","label_bn":"31562","area_sqm":246.0},"geometry":{"type":"Polygon","coordinates":[[[90.338263,23.801871],[90.33802,23.801902],[90.338024,23.801781],[90.338174,23.801779],[90.338263,23.801871]]]}},{"type":"Feature","properties":{"survey":"bds","sheet":"064","dag":"31592","label_bn":"31592","area_sqm":60.9},"geometry":{"type":"Polygon","coordinates":[[[90.336696,23.801859],[90.336686,23.801905],[90.336572,23.801884],[90.336581,23.801839],[90.336696,23.801859]]]}},{"type":"Feature","properties":{"survey":"bds","sheet":"064","dag":"31563","label_bn":"31563","area_sqm":239.1},"geometry":{"type":"Polygon","coordinates":[[[90.33802,23.801902],[90.337841,23.801924],[90.337853,23.801809],[90.337978,23.801781],[90.338024,23.801781],[90.33802,23.801902]]]}},{"type":"Feature","properties":{"survey":"bds","sheet":"064","dag":"31598","label_bn":"31598","area_sqm":208.1},"geometry":{"type":"Polygon","coordinates":[[[90.335737,23.801919],[90.335703,23.801925],[90.335766,23.801754],[90.335902,23.8018],[90.335899,23.801805],[90.335849,23.801874],[90.335807,23.801903],[90.335737,23.801919]]]}},{"type":"Feature","properties":{"survey":"bds","sheet":"064","dag":"31602","label_bn":"31602","area_sqm":153.2},"geometry":{"type":"Polygon","coordinates":[[[90.335703,23.801925],[90.335676,23.801929],[90.335725,23.801781],[90.335789,23.801627],[90.335818,23.801555],[90.335853,23.801472],[90.335881,23.80148],[90.335845,23.801566],[90.335827,23.801609],[90.335766,23.801754],[90.335703,23.801925]]]}},{"type":"Feature","properties":{"survey":"bds","sheet":"064","dag":"31519","label_bn":"31519","area_sqm":220.1},"geometry":{"type":"Polygon","coordinates":[[[90.336132,23.801717],[90.336086,23.801935],[90.335941,23.801906],[90.336044,23.801798],[90.336081,23.801709],[90.336132,23.801717]]]}},{"type":"Feature","properties":{"survey":"bds","sheet":"064","dag":"31565","label_bn":"31565","area_sqm":158.8},"geometry":{"type":"Polygon","coordinates":[[[90.337781,23.801928],[90.337633,23.80195],[90.33764,23.801866],[90.337792,23.801822],[90.337781,23.801928]]]}},{"type":"Feature","properties":{"survey":"bds","sheet":"064","dag":"31577","label_bn":"31577","area_sqm":654.2},"geometry":{"type":"Polygon","coordinates":[[[90.33714,23.801811],[90.337104,23.801971],[90.336979,23.801946],[90.336869,23.801926],[90.336931,23.801618],[90.337117,23.801789],[90.33714,23.801811]]]}},{"type":"Feature","properties":{"survey":"bds","sheet":"064","dag":"31561","label_bn":"31561","area_sqm":276.2},"geometry":{"type":"Polygon","coordinates":[[[90.338144,23.80194],[90.337835,23.801979],[90.337841,23.801924],[90.33802,23.801902],[90.338263,23.801871],[90.33831,23.801919],[90.338242,23.801928],[90.338144,23.80194]]]}},{"type":"Feature","properties":{"survey":"bds","sheet":"064","dag":"31520","label_bn":"31520","area_sqm":951.7},"geometry":{"type":"Polygon","coordinates":[[[90.336498,23.801808],[90.336461,23.801998],[90.336228,23.801958],[90.336086,23.801935],[90.336132,23.801717],[90.336503,23.801781],[90.336498,23.801808]]]}},{"type":"Feature","properties":{"survey":"bds","sheet":"064","dag":"31591","label_bn":"31591","area_sqm":153.3},"geometry":{"type":"Polygon","coordinates":[[[90.336686,23.801905],[90.336667,23.802019],[90.336552,23.801999],[90.336572,23.801884],[90.336686,23.801905]]]}},{"type":"Feature","properties":{"survey":"bds","sheet":"064","dag":"31597","label_bn":"31597","area_sqm":2936.1},"geometry":{"type":"Polygon","coordinates":[[[90.33582,23.801997],[90.335674,23.802022],[90.335676,23.801929],[90.335703,23.801925],[90.335737,23.801919],[90.335807,23.801903],[90.335849,23.801874],[90.335899,23.801805],[90.335902,23.8018],[90.335967,23.801681],[90.335978,23.801659],[90.336001,23.801614],[90.336041,23.801533],[90.336055,23.801507],[90.336097,23.801425],[90.336098,23.801421],[90.3362,23.801284],[90.336249,23.801283],[90.336449,23.801279],[90.336524,23.801278],[90.336615,23.80127],[90.336637,23.801266],[90.336698,23.80129],[90.336714,23.801296],[90.336802,23.80133],[90.337006,23.801488],[90.337075,23.801574],[90.33715,23.801663],[90.337235,23.801757],[90.337293,23.801799],[90.33744,23.801815],[90.337467,23.801817],[90.337502,23.801815],[90.337589,23.801808],[90.337642,23.80179],[90.33764,23.801866],[90.337556,23.801875],[90.337411,23.801892],[90.337299,23.801874],[90.337215,23.80186],[90.337187,23.801856],[90.33714,23.801811],[90.337117,23.801789],[90.336931,23.801618],[90.33692,23.801609],[90.336881,23.80157],[90.336825,23.801505],[90.336781,23.801463],[90.336777,23.801459],[90.33675,23.801439],[90.336715,23.801419],[90.33667,23.801399],[90.336645,23.801392],[90.336582,23.801376],[90.336572,23.801374],[90.336496,23.801369],[90.336355,23.801377],[90.336251,23.801413],[90.336193,23.801436],[90.336156,23.801548],[90.336121,23.801622],[90.336081,23.801709],[90.336044,23.801798],[90.335941,23.801906],[90.335903,23.801946],[90.335885,23.801957],[90.33582,23.801997]]]}},{"type":"Feature","properties":{"survey":"bds","sheet":"064","dag":"31575","label_bn":"31575","area_sqm":203.4},"geometry":{"type":"Polygon","coordinates":[[[90.337215,23.80186],[90.337299,23.801874],[90.337297,23.801883],[90.337265,23.80203],[90.337155,23.80201],[90.337187,23.801856],[90.337215,23.80186]]]}},{"type":"Feature","properties":{"survey":"bds","sheet":"064","dag":"31566","label_bn":"31566","area_sqm":160.7},"geometry":{"type":"Polygon","coordinates":[[[90.337771,23.802025],[90.337624,23.802047],[90.337633,23.80195],[90.337781,23.801928],[90.337771,23.802025]]]}},{"type":"Feature","properties":{"survey":"bds","sheet":"064","dag":"31590","label_bn":"31590","area_sqm":305.5},"geometry":{"type":"Polygon","coordinates":[[[90.336829,23.801839],[90.336786,23.802054],[90.336667,23.802019],[90.336686,23.801905],[90.336696,23.801859],[90.336705,23.801814],[90.336829,23.801839]]]}},{"type":"Feature","properties":{"survey":"bds","sheet":"064","dag":"31518","label_bn":"31518","area_sqm":366.1},"geometry":{"type":"Polygon","coordinates":[[[90.336461,23.801998],[90.33645,23.802057],[90.336215,23.802016],[90.336156,23.802005],[90.335986,23.801975],[90.335908,23.801961],[90.335885,23.801957],[90.335903,23.801946],[90.335941,23.801906],[90.336086,23.801935],[90.336228,23.801958],[90.336461,23.801998]]]}},{"type":"Feature","properties":{"survey":"bds","sheet":"064","dag":"31560","label_bn":"31560","area_sqm":167.9},"geometry":{"type":"Polygon","coordinates":[[[90.33826,23.802061],[90.338248,23.802063],[90.338242,23.801928],[90.33831,23.801919],[90.338376,23.801986],[90.338361,23.802048],[90.33826,23.802061]]]}},{"type":"Feature","properties":{"survey":"bds","sheet":"064","dag":"31579","label_bn":"31579","area_sqm":154.1},"geometry":{"type":"Polygon","coordinates":[[[90.336979,23.801946],[90.336955,23.802065],[90.336844,23.802044],[90.336869,23.801926],[90.336979,23.801946]]]}},{"type":"Feature","properties":{"survey":"bds","sheet":"064","dag":"31559","label_bn":"31559","area_sqm":154.5},"geometry":{"type":"Polygon","coordinates":[[[90.338248,23.802063],[90.338145,23.802075],[90.338144,23.80194],[90.338242,23.801928],[90.338248,23.802063]]]}},{"type":"Feature","properties":{"survey":"bds","sheet":"064","dag":"31558","label_bn":"31558","area_sqm":482.8},"geometry":{"type":"Polygon","coordinates":[[[90.337934,23.802102],[90.337822,23.802113],[90.337835,23.801979],[90.338144,23.80194],[90.338145,23.802075],[90.338042,23.802089],[90.337934,23.802102]]]}},{"type":"Feature","properties":{"survey":"bds","sheet":"064","dag":"31578","label_bn":"31578","area_sqm":214.2},"geometry":{"type":"Polygon","coordinates":[[[90.337104,23.801971],[90.337073,23.802117],[90.33695,23.802091],[90.336955,23.802065],[90.336979,23.801946],[90.337104,23.801971]]]}},{"type":"Feature","properties":{"survey":"bds","sheet":"064","dag":"31574","label_bn":"31574","area_sqm":120.9},"geometry":{"type":"Polygon","coordinates":[[[90.337265,23.80203],[90.337248,23.802123],[90.337136,23.802103],[90.337155,23.80201],[90.337265,23.80203]]]}},{"type":"Feature","properties":{"survey":"bds","sheet":"064","dag":"31580","label_bn":"31580","area_sqm":76.1},"geometry":{"type":"Polygon","coordinates":[[[90.33695,23.802091],[90.336944,23.802124],[90.336833,23.802102],[90.336844,23.802044],[90.336955,23.802065],[90.33695,23.802091]]]}},{"type":"Feature","properties":{"survey":"bds","sheet":"064","dag":"31588","label_bn":"31588","area_sqm":152.6},"geometry":{"type":"Polygon","coordinates":[[[90.336667,23.802019],[90.336645,23.802133],[90.33653,23.802112],[90.336552,23.801999],[90.336667,23.802019]]]}},{"type":"Feature","properties":{"survey":"bds","sheet":"064","dag":"31567","label_bn":"31567","area_sqm":160.1},"geometry":{"type":"Polygon","coordinates":[[[90.337762,23.802124],[90.337615,23.802143],[90.337624,23.802047],[90.337771,23.802025],[90.337762,23.802124]]]}},{"type":"Feature","properties":{"survey":"bds","sheet":"064","dag":"31589","label_bn":"31589","area_sqm":151.4},"geometry":{"type":"Polygon","coordinates":[[[90.336786,23.802054],[90.336765,23.802153],[90.336645,23.802133],[90.336667,23.802019],[90.336786,23.802054]]]}},{"type":"Feature","properties":{"survey":"bds","sheet":"064","dag":"31505","label_bn":"31505","area_sqm":461.5},"geometry":{"type":"Polygon","coordinates":[[[90.336156,23.802005],[90.336126,23.802171],[90.335899,23.802132],[90.335908,23.801961],[90.335986,23.801975],[90.336156,23.802005]]]}},{"type":"Feature","properties":{"survey":"bds","sheet":"064","dag":"31581","label_bn":"31581","area_sqm":78.2},"geometry":{"type":"Polygon","coordinates":[[[90.336944,23.802124],[90.336933,23.802183],[90.336821,23.802162],[90.336833,23.802102],[90.336944,23.802124]]]}},{"type":"Feature","properties":{"survey":"bds","sheet":"064","dag":"31553","label_bn":"31553","area_sqm":136.9},"geometry":{"type":"Polygon","coordinates":[[[90.338332,23.802183],[90.338248,23.802191],[90.33826,23.802061],[90.338361,23.802048],[90.338332,23.802183]]]}},{"type":"Feature","properties":{"survey":"bds","sheet":"064","dag":"31554","label_bn":"31554","area_sqm":158.0},"geometry":{"type":"Polygon","coordinates":[[[90.338248,23.802191],[90.338144,23.802202],[90.338145,23.802075],[90.338248,23.802063],[90.33826,23.802061],[90.338248,23.802191]]]}},{"type":"Feature","properties":{"survey":"bds","sheet":"064","dag":"31555","label_bn":"31555","area_sqm":152.5},"geometry":{"type":"Polygon","coordinates":[[[90.338144,23.802202],[90.338034,23.802216],[90.338042,23.802089],[90.338145,23.802075],[90.338144,23.802202]]]}},{"type":"Feature","properties":{"survey":"bds","sheet":"064","dag":"31582","label_bn":"31582","area_sqm":155.6},"geometry":{"type":"Polygon","coordinates":[[[90.337073,23.802117],[90.337054,23.802223],[90.33693,23.802199],[90.336933,23.802183],[90.336944,23.802124],[90.33695,23.802091],[90.337073,23.802117]]]}},{"type":"Feature","properties":{"survey":"bds","sheet":"064","dag":"31504","label_bn":"31504","area_sqm":955.1},"geometry":{"type":"Polygon","coordinates":[[[90.335899,23.802132],[90.335872,23.802225],[90.335393,23.802167],[90.335396,23.80216],[90.335386,23.80206],[90.335673,23.802055],[90.335674,23.802022],[90.33582,23.801997],[90.335885,23.801957],[90.335908,23.801961],[90.335899,23.802132]]]}},{"type":"Feature","properties":{"survey":"bds","sheet":"064","dag":"31556","label_bn":"31556","area_sqm":157.6},"geometry":{"type":"Polygon","coordinates":[[[90.338034,23.802216],[90.337922,23.80223],[90.337934,23.802102],[90.338042,23.802089],[90.338034,23.802216]]]}},{"type":"Feature","properties":{"survey":"bds","sheet":"064","dag":"31568","label_bn":"31568","area_sqm":160.5},"geometry":{"type":"Polygon","coordinates":[[[90.337752,23.802223],[90.337606,23.80224],[90.337615,23.802143],[90.337762,23.802124],[90.337752,23.802223]]]}},{"type":"Feature","properties":{"survey":"bds","sheet":"064","dag":"31573","label_bn":"31573","area_sqm":153.6},"geometry":{"type":"Polygon","coordinates":[[[90.337248,23.802123],[90.33723,23.80224],[90.337117,23.80222],[90.337136,23.802103],[90.337248,23.802123]]]}},{"type":"Feature","properties":{"survey":"bds","sheet":"064","dag":"31557","label_bn":"31557","area_sqm":162.3},"geometry":{"type":"Polygon","coordinates":[[[90.337922,23.80223],[90.337809,23.802243],[90.337822,23.802113],[90.337934,23.802102],[90.337922,23.80223]]]}},{"type":"Feature","properties":{"survey":"bds","sheet":"064","dag":"31587","label_bn":"31587","area_sqm":155.1},"geometry":{"type":"Polygon","coordinates":[[[90.336645,23.802133],[90.336625,23.802249],[90.336509,23.802227],[90.33653,23.802112],[90.336645,23.802133]]]}},{"type":"Feature","properties":{"survey":"bds","sheet":"064","dag":"31586","label_bn":"31586","area_sqm":164.6},"geometry":{"type":"Polygon","coordinates":[[[90.336764,23.802161],[90.336747,23.80227],[90.336625,23.802249],[90.336645,23.802133],[90.336765,23.802153],[90.336764,23.802161]]]}},{"type":"Feature","properties":{"survey":"bds","sheet":"064","dag":"31585","label_bn":"31585","area_sqm":449.4},"geometry":{"type":"Polygon","coordinates":[[[90.336821,23.802162],[90.336804,23.802283],[90.336747,23.80227],[90.336764,23.802161],[90.336765,23.802153],[90.336786,23.802054],[90.336829,23.801839],[90.336847,23.801739],[90.336867,23.801637],[90.336881,23.80157],[90.33692,23.801609],[90.336931,23.801618],[90.336869,23.801926],[90.336844,23.802044],[90.336833,23.802102],[90.336821,23.802162]]]}},{"type":"Feature","properties":{"survey":"bds","sheet":"064","dag":"31552","label_bn":"31552","area_sqm":322.6},"geometry":{"type":"Polygon","coordinates":[[[90.337922,23.802286],[90.337804,23.802299],[90.337809,23.802243],[90.337922,23.80223],[90.338034,23.802216],[90.338144,23.802202],[90.338248,23.802191],[90.338332,23.802183],[90.338319,23.802238],[90.338171,23.802254],[90.338047,23.802268],[90.337925,23.802285],[90.337922,23.802286]]]}},{"type":"Feature","properties":{"survey":"bds","sheet":"064","dag":"31569","label_bn":"31569","area_sqm":97.0},"geometry":{"type":"Polygon","coordinates":[[[90.337745,23.802283],[90.3376,23.802299],[90.337606,23.80224],[90.337752,23.802223],[90.337745,23.802283]]]}},{"type":"Feature","properties":{"survey":"bds","sheet":"064","dag":"31584","label_bn":"31584","area_sqm":156.0},"geometry":{"type":"Polygon","coordinates":[[[90.33693,23.802199],[90.336914,23.802305],[90.336804,23.802283],[90.336821,23.802162],[90.336933,23.802183],[90.33693,23.802199]]]}},{"type":"Feature","properties":{"survey":"bds","sheet":"064","dag":"31517","label_bn":"31517","area_sqm":719.8},"geometry":{"type":"Polygon","coordinates":[[[90.336408,23.802294],[90.336403,23.802316],[90.336166,23.802277],[90.336215,23.802016],[90.33645,23.802057],[90.336418,23.802242],[90.336408,23.802294]]]}},{"type":"Feature","properties":{"survey":"bds","sheet":"064","dag":"31583","label_bn":"31583","area_sqm":152.7},"geometry":{"type":"Polygon","coordinates":[[[90.337054,23.802223],[90.33704,23.802326],[90.336914,23.802305],[90.33693,23.802199],[90.337054,23.802223]]]}},{"type":"Feature","properties":{"survey":"bds","sheet":"064","dag":"31503","label_bn":"31503","area_sqm":404.7},"geometry":{"type":"Polygon","coordinates":[[[90.335872,23.802225],[90.335841,23.80233],[90.335782,23.802318],[90.335667,23.802295],[90.335557,23.802245],[90.335498,23.802232],[90.335389,23.802198],[90.335381,23.802196],[90.335393,23.802167],[90.335872,23.802225]]]}},{"type":"Feature","properties":{"survey":"bds","sheet":"064","dag":"31576","label_bn":"31576","area_sqm":338.1},"geometry":{"type":"Polygon","coordinates":[[[90.337117,23.80222],[90.337098,23.802337],[90.33704,23.802326],[90.337054,23.802223],[90.337073,23.802117],[90.337104,23.801971],[90.33714,23.801811],[90.337187,23.801856],[90.337155,23.80201],[90.337136,23.802103],[90.337117,23.80222]]]}},{"type":"Feature","properties":{"survey":"bds","sheet":"064","dag":"31572","label_bn":"31572","area_sqm":154.0},"geometry":{"type":"Polygon","coordinates":[[[90.33723,23.80224],[90.337209,23.802358],[90.337098,23.802337],[90.337117,23.80222],[90.33723,23.80224]]]}},{"type":"Feature","properties":{"survey":"bds","sheet":"064","dag":"31502","label_bn":"31502","area_sqm":111.6},"geometry":{"type":"Polygon","coordinates":[[[90.335667,23.802295],[90.335656,23.80236],[90.335537,23.802342],[90.335557,23.802245],[90.335667,23.802295]]]}},{"type":"Feature","properties":{"survey":"bds","sheet":"064","dag":"31548","label_bn":"31548","area_sqm":170.2},"geometry":{"type":"Polygon","coordinates":[[[90.338311,23.802266],[90.338288,23.802356],[90.338272,23.802358],[90.338261,23.802359],[90.338173,23.802368],[90.338171,23.802254],[90.338319,23.802238],[90.338311,23.802266]]]}},{"type":"Feature","properties":{"survey":"bds","sheet":"064","dag":"31506","label_bn":"31506","area_sqm":569.0},"geometry":{"type":"Polygon","coordinates":[[[90.336126,23.802171],[90.336089,23.802378],[90.335971,23.802355],[90.335841,23.80233],[90.335872,23.802225],[90.335899,23.802132],[90.336126,23.802171]]]}},{"type":"Feature","properties":{"survey":"bds","sheet":"064","dag":"31549","label_bn":"31549","area_sqm":161.7},"geometry":{"type":"Polygon","coordinates":[[[90.338099,23.802377],[90.338047,23.802384],[90.338047,23.802268],[90.338171,23.802254],[90.338173,23.802368],[90.338099,23.802377]]]}},{"type":"Feature","properties":{"survey":"bds","sheet":"064","dag":"31550","label_bn":"31550","area_sqm":161.9},"geometry":{"type":"Polygon","coordinates":[[[90.338047,23.802384],[90.337923,23.802398],[90.337922,23.802286],[90.337925,23.802285],[90.338047,23.802268],[90.338047,23.802384]]]}},{"type":"Feature","properties":{"survey":"bds","sheet":"064","dag":"31551","label_bn":"31551","area_sqm":157.1},"geometry":{"type":"Polygon","coordinates":[[[90.337923,23.802398],[90.337794,23.802412],[90.337804,23.802299],[90.337922,23.802286],[90.337923,23.802398]]]}},{"type":"Feature","properties":{"survey":"bds","sheet":"064","dag":"31524","label_bn":"31524","area_sqm":156.7},"geometry":{"type":"Polygon","coordinates":[[[90.33662,23.802301],[90.336601,23.802413],[90.336576,23.802409],[90.336481,23.802391],[90.336498,23.802282],[90.33662,23.802301]]]}},{"type":"Feature","properties":{"survey":"bds","sheet":"064","dag":"31564","label_bn":"31564","area_sqm":406.0},"geometry":{"type":"Polygon","coordinates":[[[90.337794,23.802412],[90.337733,23.80242],[90.337745,23.802283],[90.337752,23.802223],[90.337762,23.802124],[90.337771,23.802025],[90.337781,23.801928],[90.337792,23.801822],[90.337853,23.801809],[90.337841,23.801924],[90.337835,23.801979],[90.337822,23.802113],[90.337809,23.802243],[90.337804,23.802299],[90.337794,23.802412]]]}},{"type":"Feature","properties":{"survey":"bds","sheet":"064","dag":"31516","label_bn":"31516","area_sqm":308.3},"geometry":{"type":"Polygon","coordinates":[[[90.336403,23.802316],[90.336381,23.802429],[90.336147,23.802387],[90.336166,23.802277],[90.336403,23.802316]]]}},{"type":"Feature","properties":{"survey":"bds","sheet":"064","dag":"31525","label_bn":"31525","area_sqm":156.5},"geometry":{"type":"Polygon","coordinates":[[[90.336741,23.802324],[90.336722,23.802434],[90.336601,23.802413],[90.33662,23.802301],[90.336741,23.802324]]]}},{"type":"Feature","properties":{"survey":"bds","sheet":"064","dag":"31571","label_bn":"31571","area_sqm":2154.2},"geometry":{"type":"Polygon","coordinates":[[[90.337633,23.80195],[90.337624,23.802047],[90.337615,23.802143],[90.337606,23.80224],[90.3376,23.802299],[90.337587,23.802436],[90.337209,23.802358],[90.33723,23.80224],[90.337248,23.802123],[90.337265,23.80203],[90.337297,23.801883],[90.337299,23.801874],[90.337411,23.801892],[90.337556,23.801875],[90.33764,23.801866],[90.337633,23.80195]]]}},{"type":"Feature","properties":{"survey":"bds","sheet":"064","dag":"31570","label_bn":"31570","area_sqm":223.7},"geometry":{"type":"Polygon","coordinates":[[[90.337733,23.80242],[90.337587,23.802436],[90.3376,23.802299],[90.337745,23.802283],[90.337733,23.80242]]]}},{"type":"Feature","properties":{"survey":"bds","sheet":"064","dag":"31527","label_bn":"31527","area_sqm":107.3},"geometry":{"type":"Polygon","coordinates":[[[90.336824,23.802341],[90.336805,23.802451],[90.336722,23.802434],[90.336741,23.802324],[90.336824,23.802341]]]}},{"type":"Feature","properties":{"survey":"bds","sheet":"064","dag":"31508","label_bn":"31508","area_sqm":167.0},"geometry":{"type":"Polygon","coordinates":[[[90.335953,23.802446],[90.335949,23.802465],[90.335823,23.802444],[90.335841,23.80233],[90.335971,23.802355],[90.335953,23.802446]]]}},{"type":"Feature","properties":{"survey":"bds","sheet":"064","dag":"31528","label_bn":"31528","area_sqm":122.9},"geometry":{"type":"Polygon","coordinates":[[[90.33692,23.802359],[90.3369,23.802469],[90.336818,23.802454],[90.336805,23.802451],[90.336824,23.802341],[90.33692,23.802359]]]}},{"type":"Feature","properties":{"survey":"bds","sheet":"064","dag":"31507","label_bn":"31507","area_sqm":149.9},"geometry":{"type":"Polygon","coordinates":[[[90.336071,23.802466],[90.336067,23.802485],[90.335949,23.802465],[90.335953,23.802446],[90.335971,23.802355],[90.336089,23.802378],[90.336071,23.802466]]]}},{"type":"Feature","properties":{"survey":"bds","sheet":"064","dag":"31530","label_bn":"31530","area_sqm":139.0},"geometry":{"type":"Polygon","coordinates":[[[90.337028,23.802379],[90.337009,23.802488],[90.336985,23.802484],[90.3369,23.802469],[90.33692,23.802359],[90.337016,23.802377],[90.337028,23.802379]]]}},{"type":"Feature","properties":{"survey":"bds","sheet":"064","dag":"31547","label_bn":"31547","area_sqm":198.3},"geometry":{"type":"Polygon","coordinates":[[[90.338241,23.802446],[90.338103,23.802511],[90.338102,23.802491],[90.338101,23.802462],[90.338099,23.802377],[90.338173,23.802368],[90.338261,23.802359],[90.338272,23.802358],[90.338288,23.802356],[90.338241,23.802446]]]}},{"type":"Feature","properties":{"survey":"bds","sheet":"064","dag":"31546","label_bn":"31546","area_sqm":1006.0},"geometry":{"type":"Polygon","coordinates":[[[90.338101,23.802462],[90.338102,23.802491],[90.338103,23.802511],[90.33807,23.802524],[90.338071,23.8025],[90.338071,23.802469],[90.338072,23.802436],[90.337934,23.80245],[90.337802,23.802462],[90.337663,23.802477],[90.337587,23.802486],[90.337435,23.80246],[90.337354,23.802446],[90.337234,23.802421],[90.337113,23.802396],[90.337028,23.802379],[90.337016,23.802377],[90.33692,23.802359],[90.336824,23.802341],[90.336741,23.802324],[90.33662,23.802301],[90.336498,23.802282],[90.336509,23.802227],[90.336625,23.802249],[90.336747,23.80227],[90.336804,23.802283],[90.336914,23.802305],[90.33704,23.802326],[90.337098,23.802337],[90.337209,23.802358],[90.337587,23.802436],[90.337733,23.80242],[90.337794,23.802412],[90.337923,23.802398],[90.338047,23.802384],[90.338099,23.802377],[90.338101,23.802462]]]}},{"type":"Feature","properties":{"survey":"bds","sheet":"064","dag":"31522","label_bn":"31522","area_sqm":1134.8},"geometry":{"type":"Polygon","coordinates":[[[90.336481,23.802391],[90.33646,23.802499],[90.336369,23.802496],[90.336381,23.802429],[90.336403,23.802316],[90.336408,23.802294],[90.336418,23.802242],[90.33645,23.802057],[90.336461,23.801998],[90.336498,23.801808],[90.336503,23.801781],[90.336509,23.801754],[90.336582,23.801376],[90.336645,23.801392],[90.33667,23.801399],[90.336648,23.801496],[90.33661,23.801694],[90.33659,23.801794],[90.336581,23.801839],[90.336572,23.801884],[90.336552,23.801999],[90.33653,23.802112],[90.336509,23.802227],[90.336498,23.802282],[90.336481,23.802391]]]}},{"type":"Feature","properties":{"survey":"bds","sheet":"064","dag":"31531","label_bn":"31531","area_sqm":108.2},"geometry":{"type":"Polygon","coordinates":[[[90.337113,23.802396],[90.337094,23.802504],[90.337009,23.802488],[90.337028,23.802379],[90.337113,23.802396]]]}},{"type":"Feature","properties":{"survey":"bds","sheet":"064","dag":"31523","label_bn":"31523","area_sqm":120.2},"geometry":{"type":"Polygon","coordinates":[[[90.336576,23.802409],[90.336556,23.802516],[90.33646,23.802499],[90.336481,23.802391],[90.336576,23.802409]]]}},{"type":"Feature","properties":{"survey":"bds","sheet":"064","dag":"31859","label_bn":"31859","area_sqm":1583.2},"geometry":{"type":"Polygon","coordinates":[[[90.338319,23.802484],[90.338275,23.802526],[90.338275,23.802526],[90.338268,23.80251],[90.338241,23.802446],[90.338288,23.802356],[90.338311,23.802266],[90.338319,23.802238],[90.338332,23.802183],[90.338361,23.802048],[90.338376,23.801986],[90.33831,23.801919],[90.338263,23.801871],[90.338174,23.801779],[90.338024,23.801781],[90.337978,23.801781],[90.337853,23.801809],[90.337792,23.801822],[90.33764,23.801866],[90.337642,23.80179],[90.337696,23.801773],[90.337797,23.801733],[90.337922,23.801707],[90.337937,23.801705],[90.338009,23.801697],[90.33815,23.801685],[90.338162,23.801684],[90.338163,23.801691],[90.338208,23.801718],[90.338347,23.801807],[90.338478,23.801947],[90.33851,23.801998],[90.338518,23.802014],[90.3385,23.80207],[90.338476,23.802131],[90.338449,23.802195],[90.338423,23.80226],[90.338388,23.80235],[90.338352,23.80244],[90.338319,23.802484]]]}},{"type":"Feature","properties":{"survey":"bds","sheet":"064","dag":"31545","label_bn":"31545","area_sqm":157.7},"geometry":{"type":"Polygon","coordinates":[[[90.338071,23.802469],[90.338071,23.8025],[90.33807,23.802524],[90.338031,23.802541],[90.337987,23.802545],[90.337927,23.802551],[90.337928,23.802531],[90.33793,23.802501],[90.337934,23.80245],[90.338072,23.802436],[90.338071,23.802469]]]}},{"type":"Feature","properties":{"survey":"bds","sheet":"064","dag":"31534","label_bn":"31534","area_sqm":156.0},"geometry":{"type":"Polygon","coordinates":[[[90.337234,23.802421],[90.337217,23.802531],[90.337106,23.802507],[90.337094,23.802504],[90.337113,23.802396],[90.337234,23.802421]]]}},{"type":"Feature","properties":{"survey":"bds","sheet":"064","dag":"31858","label_bn":"31858","area_sqm":309.8},"geometry":{"type":"Polygon","coordinates":[[[90.335764,23.802435],[90.335743,23.802544],[90.335626,23.802524],[90.335656,23.80236],[90.335667,23.802295],[90.335782,23.802318],[90.335764,23.802435]]]}},{"type":"Feature","properties":{"survey":"bds","sheet":"064","dag":"31535","label_bn":"31535","area_sqm":153.8},"geometry":{"type":"Polygon","coordinates":[[[90.337354,23.802446],[90.337338,23.802554],[90.337217,23.802531],[90.337234,23.802421],[90.337354,23.802446]]]}},{"type":"Feature","properties":{"survey":"bds","sheet":"064","dag":"31540","label_bn":"31540","area_sqm":153.4},"geometry":{"type":"Polygon","coordinates":[[[90.33793,23.802501],[90.337928,23.802531],[90.337927,23.802551],[90.33779,23.802564],[90.337791,23.802559],[90.337794,23.802529],[90.337802,23.802462],[90.337934,23.80245],[90.33793,23.802501]]]}},{"type":"Feature","properties":{"survey":"bds","sheet":"064","dag":"31526","label_bn":"31526","area_sqm":308.7},"geometry":{"type":"Polygon","coordinates":[[[90.336818,23.802454],[90.336797,23.802562],[90.336556,23.802516],[90.336576,23.802409],[90.336601,23.802413],[90.336722,23.802434],[90.336805,23.802451],[90.336818,23.802454]]]}},{"type":"Feature","properties":{"survey":"bds","sheet":"064","dag":"31515","label_bn":"31515","area_sqm":366.8},"geometry":{"type":"Polygon","coordinates":[[[90.336369,23.802496],[90.336357,23.802563],[90.336121,23.802519],[90.336147,23.802387],[90.336381,23.802429],[90.336369,23.802496]]]}},{"type":"Feature","properties":{"survey":"bds","sheet":"064","dag":"31537","label_bn":"31537","area_sqm":101.5},"geometry":{"type":"Polygon","coordinates":[[[90.337435,23.80246],[90.337418,23.802568],[90.337338,23.802554],[90.337354,23.802446],[90.337435,23.80246]]]}},{"type":"Feature","properties":{"survey":"bds","sheet":"064","dag":"31510","label_bn":"31510","area_sqm":157.4},"geometry":{"type":"Polygon","coordinates":[[[90.335945,23.802484],[90.335928,23.80257],[90.335802,23.802552],[90.335823,23.802444],[90.335949,23.802465],[90.335945,23.802484]]]}},{"type":"Feature","properties":{"survey":"bds","sheet":"064","dag":"31539","label_bn":"31539","area_sqm":161.4},"geometry":{"type":"Polygon","coordinates":[[[90.337794,23.802529],[90.337791,23.802559],[90.33779,23.802564],[90.337707,23.802573],[90.337646,23.80258],[90.33765,23.802554],[90.337663,23.802477],[90.337802,23.802462],[90.337794,23.802529]]]}},{"type":"Feature","properties":{"survey":"bds","sheet":"064","dag":"31501","label_bn":"31501","area_sqm":310.1},"geometry":{"type":"Polygon","coordinates":[[[90.335626,23.802524],[90.335616,23.802582],[90.335496,23.802565],[90.335537,23.802342],[90.335656,23.80236],[90.335626,23.802524]]]}},{"type":"Feature","properties":{"survey":"bds","sheet":"064","dag":"31529","label_bn":"31529","area_sqm":210.3},"geometry":{"type":"Polygon","coordinates":[[[90.336985,23.802484],[90.336963,23.802591],[90.336797,23.802562],[90.336818,23.802454],[90.3369,23.802469],[90.336985,23.802484]]]}},{"type":"Feature","properties":{"survey":"bds","sheet":"064","dag":"31538","label_bn":"31538","area_sqm":284.3},"geometry":{"type":"Polygon","coordinates":[[[90.337646,23.80258],[90.337572,23.802597],[90.337527,23.802589],[90.337418,23.802568],[90.337435,23.80246],[90.337587,23.802486],[90.337663,23.802477],[90.33765,23.802554],[90.337646,23.80258]]]}},{"type":"Feature","properties":{"survey":"bds","sheet":"064","dag":"31857","label_bn":"31857","area_sqm":79.6},"geometry":{"type":"Polygon","coordinates":[[[90.335743,23.802544],[90.335732,23.802602],[90.335729,23.802602],[90.335616,23.802582],[90.335626,23.802524],[90.335743,23.802544]]]}},{"type":"Feature","properties":{"survey":"bds","sheet":"064","dag":"31544","label_bn":"31544","area_sqm":275.3},"geometry":{"type":"Polygon","coordinates":[[[90.338268,23.80251],[90.338102,23.802556],[90.337992,23.802586],[90.337828,23.802635],[90.337813,23.802607],[90.33779,23.802564],[90.337927,23.802551],[90.337987,23.802545],[90.338031,23.802541],[90.33807,23.802524],[90.338103,23.802511],[90.338241,23.802446],[90.338268,23.80251]]]}},{"type":"Feature","properties":{"survey":"bds","sheet":"064","dag":"31509","label_bn":"31509","area_sqm":192.0},"geometry":{"type":"Polygon","coordinates":[[[90.335802,23.802552],[90.335792,23.802605],[90.335788,23.802605],[90.335732,23.802602],[90.335743,23.802544],[90.335764,23.802435],[90.335782,23.802318],[90.335841,23.80233],[90.335823,23.802444],[90.335802,23.802552]]]}},{"type":"Feature","properties":{"survey":"bds","sheet":"064","dag":"31532","label_bn":"31532","area_sqm":153.0},"geometry":{"type":"Polygon","coordinates":[[[90.337106,23.802507],[90.337083,23.802614],[90.336963,23.802591],[90.336985,23.802484],[90.337009,23.802488],[90.337094,23.802504],[90.337106,23.802507]]]}},{"type":"Feature","properties":{"survey":"bds","sheet":"064","dag":"31511","label_bn":"31511","area_sqm":73.3},"geometry":{"type":"Polygon","coordinates":[[[90.335928,23.80257],[90.335917,23.802622],[90.335847,23.802608],[90.335792,23.802605],[90.335802,23.802552],[90.335928,23.80257]]]}},{"type":"Feature","properties":{"survey":"bds","sheet":"064","dag":"31533","label_bn":"31533","area_sqm":144.3},"geometry":{"type":"Polygon","coordinates":[[[90.337217,23.802531],[90.337202,23.802638],[90.337083,23.802614],[90.337106,23.802507],[90.337217,23.802531]]]}},{"type":"Feature","properties":{"survey":"bds","sheet":"064","dag":"31536","label_bn":"31536","area_sqm":152.6},"geometry":{"type":"Polygon","coordinates":[[[90.337338,23.802554],[90.337323,23.802662],[90.337202,23.802638],[90.337217,23.802531],[90.337338,23.802554]]]}},{"type":"Feature","properties":{"survey":"bds","sheet":"064","dag":"31512","label_bn":"31512","area_sqm":249.2},"geometry":{"type":"Polygon","coordinates":[[[90.336067,23.802485],[90.336032,23.802664],[90.335913,23.802644],[90.335917,23.802622],[90.335928,23.80257],[90.335945,23.802484],[90.335949,23.802465],[90.336067,23.802485]]]}},{"type":"Feature","properties":{"survey":"bds","sheet":"064","dag":"31513","label_bn":"31513","area_sqm":440.1},"geometry":{"type":"Polygon","coordinates":[[[90.336095,23.802653],[90.336032,23.802664],[90.336067,23.802485],[90.336071,23.802466],[90.336089,23.802378],[90.336126,23.802171],[90.336156,23.802005],[90.336215,23.802016],[90.336166,23.802277],[90.336147,23.802387],[90.336121,23.802519],[90.336095,23.802653]]]}},{"type":"Feature","properties":{"survey":"bds","sheet":"064","dag":"31543","label_bn":"31543","area_sqm":224.3},"geometry":{"type":"Polygon","coordinates":[[[90.338275,23.802526],[90.338275,23.802526],[90.338238,23.802561],[90.338204,23.802589],[90.338169,23.802617],[90.338098,23.802669],[90.33808,23.802683],[90.338064,23.802669],[90.337992,23.802586],[90.338102,23.802556],[90.338268,23.80251],[90.338275,23.802526]]]}},{"type":"Feature","properties":{"survey":"bds","sheet":"064","dag":"31514","label_bn":"31514","area_sqm":369.5},"geometry":{"type":"Polygon","coordinates":[[[90.336357,23.802563],[90.336331,23.802696],[90.336095,23.802653],[90.336121,23.802519],[90.336357,23.802563]]]}},{"type":"Feature","properties":{"survey":"bds","sheet":"064","dag":"31541","label_bn":"31541","area_sqm":844.4},"geometry":{"type":"Polygon","coordinates":[[[90.337813,23.802607],[90.337828,23.802635],[90.337797,23.802793],[90.337409,23.802686],[90.337379,23.802678],[90.337373,23.802676],[90.337341,23.802667],[90.337323,23.802662],[90.337338,23.802554],[90.337418,23.802568],[90.337527,23.802589],[90.337572,23.802597],[90.337646,23.80258],[90.337707,23.802573],[90.33779,23.802564],[90.337813,23.802607]]]}},{"type":"Feature","properties":{"survey":"bds","sheet":"064","dag":"31542","label_bn":"31542","area_sqm":522.0},"geometry":{"type":"Polygon","coordinates":[[[90.338147,23.80277],[90.337797,23.802793],[90.337828,23.802635],[90.337992,23.802586],[90.338064,23.802669],[90.33808,23.802683],[90.338075,23.802687],[90.338147,23.80277]]]}}]}