{"type":"FeatureCollection","features":[{"type":"Feature","properties":{"survey":"bds","sheet":"065","dag":"32118","label_bn":"32118","area_sqm":6.6},"geometry":{"type":"Polygon","coordinates":[[[90.336427,23.799375],[90.336515,23.799382],[90.336578,23.799396],[90.336577,23.799398],[90.336537,23.799391],[90.336486,23.799382],[90.336427,23.79938],[90.336427,23.799375]]]}},{"type":"Feature","properties":{"survey":"bds","sheet":"065","dag":"32048","label_bn":"32048","area_sqm":8.0},"geometry":{"type":"Polygon","coordinates":[[[90.336173,23.799657],[90.336173,23.799653],[90.336227,23.799653],[90.336291,23.799657],[90.336291,23.799657],[90.336291,23.799657],[90.336356,23.799662],[90.336356,23.799665],[90.336291,23.799661],[90.336291,23.799661],[90.336291,23.799661],[90.336226,23.799657],[90.336226,23.799657],[90.336173,23.799657]]]}},{"type":"Feature","properties":{"survey":"bds","sheet":"065","dag":"32472","label_bn":"32472","area_sqm":10.1},"geometry":{"type":"Polygon","coordinates":[[[90.338681,23.798023],[90.338775,23.798017],[90.338779,23.79803],[90.338722,23.798029],[90.338684,23.798029],[90.338683,23.79803],[90.338681,23.798023]]]}},{"type":"Feature","properties":{"survey":"bds","sheet":"065","dag":"32027","label_bn":"32027","area_sqm":12.4},"geometry":{"type":"Polygon","coordinates":[[[90.335834,23.798243],[90.335835,23.798234],[90.335932,23.798246],[90.335931,23.798259],[90.335834,23.798243]]]}},{"type":"Feature","properties":{"survey":"bds","sheet":"065","dag":"32277","label_bn":"32277","area_sqm":13.9},"geometry":{"type":"Polygon","coordinates":[[[90.336747,23.798251],[90.336774,23.798249],[90.336821,23.798245],[90.33682,23.798256],[90.336793,23.798263],[90.336748,23.798273],[90.336747,23.798255],[90.336747,23.798251]]]}},{"type":"Feature","properties":{"survey":"bds","sheet":"065","dag":"32308","label_bn":"32308","area_sqm":14.7},"geometry":{"type":"Polygon","coordinates":[[[90.335705,23.797706],[90.33578,23.797726],[90.33581,23.797733],[90.335828,23.797737],[90.335825,23.797748],[90.335809,23.797744],[90.335706,23.797716],[90.335705,23.797706]]]}},{"type":"Feature","properties":{"survey":"bds","sheet":"065","dag":"32260","label_bn":"32260","area_sqm":15.5},"geometry":{"type":"Polygon","coordinates":[[[90.337629,23.799079],[90.337658,23.798985],[90.337665,23.798964],[90.337678,23.798968],[90.337646,23.799063],[90.337629,23.799079]]]}},{"type":"Feature","properties":{"survey":"bds","sheet":"065","dag":"32426","label_bn":"32426","area_sqm":15.5},"geometry":{"type":"Polygon","coordinates":[[[90.338555,23.798263],[90.338617,23.798257],[90.33865,23.798252],[90.33869,23.798248],[90.338685,23.79826],[90.338556,23.798272],[90.338555,23.798263]]]}},{"type":"Feature","properties":{"survey":"bds","sheet":"065","dag":"32087","label_bn":"32087","area_sqm":16.6},"geometry":{"type":"Polygon","coordinates":[[[90.336675,23.798255],[90.336732,23.798254],[90.336732,23.798258],[90.336733,23.798276],[90.336703,23.798282],[90.336677,23.798284],[90.336676,23.798263],[90.336675,23.798255]]]}},{"type":"Feature","properties":{"survey":"bds","sheet":"065","dag":"32479","label_bn":"32479","area_sqm":17.0},"geometry":{"type":"Polygon","coordinates":[[[90.336236,23.798379],[90.336237,23.798372],[90.336237,23.798333],[90.336269,23.798333],[90.336269,23.798379],[90.336236,23.798379]]]}},{"type":"Feature","properties":{"survey":"bds","sheet":"065","dag":"32362","label_bn":"32362","area_sqm":17.4},"geometry":{"type":"Polygon","coordinates":[[[90.336165,23.797816],[90.336298,23.797815],[90.336302,23.797826],[90.336166,23.797827],[90.336165,23.797816]]]}},{"type":"Feature","properties":{"survey":"bds","sheet":"065","dag":"32481","label_bn":"32481","area_sqm":17.6},"geometry":{"type":"Polygon","coordinates":[[[90.338993,23.79849],[90.339015,23.79849],[90.339103,23.798504],[90.339103,23.798504],[90.339093,23.798528],[90.339012,23.798498],[90.338993,23.79849]]]}},{"type":"Feature","properties":{"survey":"bds","sheet":"065","dag":"32457","label_bn":"32457","area_sqm":21.6},"geometry":{"type":"Polygon","coordinates":[[[90.337903,23.798252],[90.337931,23.798253],[90.337971,23.798252],[90.337993,23.798251],[90.33801,23.798251],[90.33804,23.798247],[90.33808,23.798239],[90.33812,23.798231],[90.338137,23.798226],[90.338138,23.798235],[90.338093,23.798248],[90.337994,23.798261],[90.337953,23.79826],[90.337903,23.798252]]]}},{"type":"Feature","properties":{"survey":"bds","sheet":"065","dag":"32086","label_bn":"32086","area_sqm":22.2},"geometry":{"type":"Polygon","coordinates":[[[90.336614,23.798289],[90.336614,23.798268],[90.336615,23.798255],[90.336675,23.798255],[90.336676,23.798263],[90.336677,23.798284],[90.336614,23.798289]]]}},{"type":"Feature","properties":{"survey":"bds","sheet":"065","dag":"32478","label_bn":"32478","area_sqm":24.4},"geometry":{"type":"Polygon","coordinates":[[[90.337011,23.798247],[90.337106,23.798251],[90.337104,23.798265],[90.337102,23.798288],[90.337084,23.798289],[90.337011,23.798247]]]}},{"type":"Feature","properties":{"survey":"bds","sheet":"065","dag":"32475","label_bn":"32475","area_sqm":26.7},"geometry":{"type":"Polygon","coordinates":[[[90.338808,23.798123],[90.338835,23.798124],[90.338859,23.798266],[90.338852,23.798266],[90.338808,23.798123]]]}},{"type":"Feature","properties":{"survey":"bds","sheet":"065","dag":"32422","label_bn":"32422","area_sqm":28.6},"geometry":{"type":"Polygon","coordinates":[[[90.338571,23.798433],[90.338573,23.798417],[90.338717,23.798406],[90.338721,23.798426],[90.338629,23.798429],[90.338585,23.798432],[90.338571,23.798433]]]}},{"type":"Feature","properties":{"survey":"bds","sheet":"065","dag":"32028","label_bn":"32028","area_sqm":30.7},"geometry":{"type":"Polygon","coordinates":[[[90.335931,23.798259],[90.335932,23.798246],[90.336027,23.798245],[90.336067,23.798245],[90.336067,23.798248],[90.336068,23.79827],[90.335946,23.798262],[90.335931,23.798259]]]}},{"type":"Feature","properties":{"survey":"bds","sheet":"065","dag":"32083","label_bn":"32083","area_sqm":30.8},"geometry":{"type":"Polygon","coordinates":[[[90.336335,23.798281],[90.336396,23.798282],[90.336436,23.798284],[90.336436,23.798303],[90.336338,23.798315],[90.336335,23.798281]]]}},{"type":"Feature","properties":{"survey":"bds","sheet":"065","dag":"32081","label_bn":"32081","area_sqm":31.7},"geometry":{"type":"Polygon","coordinates":[[[90.336237,23.79825],[90.336331,23.798252],[90.336332,23.798259],[90.336335,23.798281],[90.336237,23.79828],[90.336237,23.79825]]]}},{"type":"Feature","properties":{"survey":"bds","sheet":"065","dag":"32271","label_bn":"32271","area_sqm":32.0},"geometry":{"type":"Polygon","coordinates":[[[90.337083,23.798404],[90.337088,23.798376],[90.337088,23.798373],[90.337098,23.798312],[90.337099,23.798308],[90.337099,23.798307],[90.337102,23.798288],[90.337104,23.798265],[90.337106,23.798251],[90.337125,23.798252],[90.337123,23.798267],[90.33712,23.798288],[90.337117,23.798305],[90.337102,23.798407],[90.337083,23.798404]]]}},{"type":"Feature","properties":{"survey":"bds","sheet":"065","dag":"32452","label_bn":"32452","area_sqm":35.7},"geometry":{"type":"Polygon","coordinates":[[[90.337642,23.797857],[90.337655,23.797838],[90.337742,23.797845],[90.33781,23.797849],[90.33781,23.797869],[90.337678,23.797859],[90.337642,23.797857]]]}},{"type":"Feature","properties":{"survey":"bds","sheet":"065","dag":"32449","label_bn":"32449","area_sqm":36.2},"geometry":{"type":"Polygon","coordinates":[[[90.337587,23.79803],[90.337599,23.797958],[90.337638,23.79796],[90.337646,23.798019],[90.337589,23.79803],[90.337587,23.79803]]]}},{"type":"Feature","properties":{"survey":"bds","sheet":"065","dag":"32082","label_bn":"32082","area_sqm":36.6},"geometry":{"type":"Polygon","coordinates":[[[90.336331,23.798252],[90.336437,23.798249],[90.336437,23.79826],[90.336436,23.798284],[90.336396,23.798282],[90.336335,23.798281],[90.336332,23.798259],[90.336331,23.798252]]]}},{"type":"Feature","properties":{"survey":"bds","sheet":"065","dag":"32383","label_bn":"32383","area_sqm":36.9},"geometry":{"type":"Polygon","coordinates":[[[90.3371,23.798209],[90.337103,23.7982],[90.337145,23.798061],[90.337165,23.797998],[90.337174,23.797969],[90.337186,23.797975],[90.337161,23.798055],[90.337156,23.798069],[90.337114,23.798207],[90.337114,23.798209],[90.3371,23.798209]]]}},{"type":"Feature","properties":{"survey":"bds","sheet":"065","dag":"32476","label_bn":"32476","area_sqm":37.0},"geometry":{"type":"Polygon","coordinates":[[[90.338775,23.798017],[90.338809,23.798016],[90.338813,23.798031],[90.338835,23.798124],[90.338808,23.798123],[90.338779,23.79803],[90.338775,23.798017]]]}},{"type":"Feature","properties":{"survey":"bds","sheet":"065","dag":"32047","label_bn":"32047","area_sqm":37.3},"geometry":{"type":"Polygon","coordinates":[[[90.336287,23.799713],[90.336291,23.799661],[90.336356,23.799665],[90.336351,23.799715],[90.336287,23.799713]]]}},{"type":"Feature","properties":{"survey":"bds","sheet":"065","dag":"32109","label_bn":"32109","area_sqm":37.5},"geometry":{"type":"Polygon","coordinates":[[[90.336448,23.79915],[90.336451,23.799067],[90.33649,23.799066],[90.336487,23.799152],[90.336459,23.799151],[90.336453,23.799151],[90.336448,23.79915]]]}},{"type":"Feature","properties":{"survey":"bds","sheet":"065","dag":"32046","label_bn":"32046","area_sqm":37.8},"geometry":{"type":"Polygon","coordinates":[[[90.336284,23.799766],[90.336287,23.799713],[90.336351,23.799715],[90.336347,23.799768],[90.336284,23.799766]]]}},{"type":"Feature","properties":{"survey":"bds","sheet":"065","dag":"32045","label_bn":"32045","area_sqm":38.2},"geometry":{"type":"Polygon","coordinates":[[[90.33628,23.799826],[90.336283,23.799774],[90.336284,23.799766],[90.336347,23.799768],[90.336346,23.799772],[90.336346,23.799776],[90.336342,23.799812],[90.336321,23.799821],[90.33628,23.799826]]]}},{"type":"Feature","properties":{"survey":"bds","sheet":"065","dag":"32108","label_bn":"32108","area_sqm":38.8},"geometry":{"type":"Polygon","coordinates":[[[90.336408,23.79915],[90.336409,23.799068],[90.336451,23.799067],[90.336448,23.79915],[90.336408,23.79915]]]}},{"type":"Feature","properties":{"survey":"bds","sheet":"065","dag":"32380","label_bn":"32380","area_sqm":39.1},"geometry":{"type":"Polygon","coordinates":[[[90.336862,23.798213],[90.336879,23.798204],[90.33689,23.798198],[90.336927,23.798179],[90.336959,23.798157],[90.336961,23.798159],[90.336994,23.798211],[90.336862,23.798213]]]}},{"type":"Feature","properties":{"survey":"bds","sheet":"065","dag":"32402","label_bn":"32402","area_sqm":40.0},"geometry":{"type":"Polygon","coordinates":[[[90.338829,23.798647],[90.338847,23.798625],[90.338901,23.79867],[90.338963,23.798719],[90.338944,23.798738],[90.338926,23.798718],[90.338904,23.7987],[90.338854,23.798662],[90.338829,23.798647]]]}},{"type":"Feature","properties":{"survey":"bds","sheet":"065","dag":"32301","label_bn":"32301","area_sqm":40.6},"geometry":{"type":"Polygon","coordinates":[[[90.335758,23.797993],[90.335782,23.79795],[90.335784,23.797945],[90.335842,23.797968],[90.335828,23.798018],[90.335758,23.797993]]]}},{"type":"Feature","properties":{"survey":"bds","sheet":"065","dag":"32430","label_bn":"32430","area_sqm":40.7},"geometry":{"type":"Polygon","coordinates":[[[90.33853,23.79822],[90.338606,23.798212],[90.338617,23.798257],[90.338555,23.798263],[90.338554,23.798263],[90.338537,23.798264],[90.33853,23.79822]]]}},{"type":"Feature","properties":{"survey":"bds","sheet":"065","dag":"32032","label_bn":"32032","area_sqm":41.3},"geometry":{"type":"Polygon","coordinates":[[[90.335803,23.798494],[90.335809,23.798461],[90.335912,23.798469],[90.335914,23.798504],[90.335803,23.798494]]]}},{"type":"Feature","properties":{"survey":"bds","sheet":"065","dag":"32393","label_bn":"32393","area_sqm":41.8},"geometry":{"type":"Polygon","coordinates":[[[90.338283,23.799081],[90.338296,23.798993],[90.338311,23.798878],[90.338331,23.798879],[90.338317,23.798967],[90.338305,23.799065],[90.338287,23.799081],[90.338286,23.799081],[90.338283,23.799081]]]}},{"type":"Feature","properties":{"survey":"bds","sheet":"065","dag":"32435","label_bn":"32435","area_sqm":42.1},"geometry":{"type":"Polygon","coordinates":[[[90.338106,23.798605],[90.33811,23.798518],[90.338116,23.798408],[90.33812,23.798361],[90.33815,23.79836],[90.338149,23.798277],[90.338159,23.798275],[90.338163,23.798359],[90.338163,23.798372],[90.33813,23.798372],[90.338125,23.798432],[90.338118,23.798523],[90.338114,23.798606],[90.338106,23.798605]]]}},{"type":"Feature","properties":{"survey":"bds","sheet":"065","dag":"32110","label_bn":"32110","area_sqm":42.9},"geometry":{"type":"Polygon","coordinates":[[[90.336487,23.799152],[90.33649,23.799066],[90.336533,23.799065],[90.336529,23.799156],[90.336487,23.799152]]]}},{"type":"Feature","properties":{"survey":"bds","sheet":"065","dag":"32374","label_bn":"32374","area_sqm":43.7},"geometry":{"type":"Polygon","coordinates":[[[90.336598,23.797876],[90.336718,23.797866],[90.336861,23.797843],[90.336852,23.797858],[90.336794,23.797868],[90.336794,23.797868],[90.336721,23.797881],[90.336601,23.797892],[90.336598,23.797876]]]}},{"type":"Feature","properties":{"survey":"bds","sheet":"065","dag":"32270","label_bn":"32270","area_sqm":45.1},"geometry":{"type":"Polygon","coordinates":[[[90.33712,23.798288],[90.337123,23.798267],[90.337125,23.798252],[90.337255,23.798258],[90.337255,23.798261],[90.337255,23.798279],[90.337225,23.798283],[90.337164,23.798287],[90.337136,23.798287],[90.33712,23.798288]]]}},{"type":"Feature","properties":{"survey":"bds","sheet":"065","dag":"32094","label_bn":"32094","area_sqm":45.4},"geometry":{"type":"Polygon","coordinates":[[[90.336609,23.798528],[90.336609,23.798497],[90.336737,23.798489],[90.336737,23.79852],[90.336609,23.798528]]]}},{"type":"Feature","properties":{"survey":"bds","sheet":"065","dag":"32182","label_bn":"32182","area_sqm":48.0},"geometry":{"type":"Polygon","coordinates":[[[90.336847,23.79983],[90.336877,23.799686],[90.336906,23.799684],[90.336878,23.799823],[90.336847,23.79983]]]}},{"type":"Feature","properties":{"survey":"bds","sheet":"065","dag":"32080","label_bn":"32080","area_sqm":48.0},"geometry":{"type":"Polygon","coordinates":[[[90.336085,23.798247],[90.336237,23.79825],[90.336237,23.79828],[90.336219,23.798279],[90.33615,23.798276],[90.336085,23.798272],[90.336085,23.798249],[90.336085,23.798247]]]}},{"type":"Feature","properties":{"survey":"bds","sheet":"065","dag":"32088","label_bn":"32088","area_sqm":49.2},"geometry":{"type":"Polygon","coordinates":[[[90.336677,23.798284],[90.336703,23.798282],[90.336733,23.798276],[90.336735,23.798374],[90.336699,23.798377],[90.336701,23.798335],[90.33668,23.798332],[90.336677,23.798284]]]}},{"type":"Feature","properties":{"survey":"bds","sheet":"065","dag":"32184","label_bn":"32184","area_sqm":49.8},"geometry":{"type":"Polygon","coordinates":[[[90.336998,23.799828],[90.337004,23.799682],[90.337034,23.799684],[90.337031,23.799772],[90.33703,23.799794],[90.337028,23.799829],[90.336998,23.799828]]]}},{"type":"Feature","properties":{"survey":"bds","sheet":"065","dag":"32159","label_bn":"32159","area_sqm":51.1},"geometry":{"type":"Polygon","coordinates":[[[90.336899,23.798498],[90.3369,23.798471],[90.33707,23.798481],[90.337065,23.798508],[90.336899,23.798498]]]}},{"type":"Feature","properties":{"survey":"bds","sheet":"065","dag":"32104","label_bn":"32104","area_sqm":54.5},"geometry":{"type":"Polygon","coordinates":[[[90.336604,23.798926],[90.336606,23.798893],[90.336737,23.79889],[90.336736,23.79893],[90.336604,23.798926]]]}},{"type":"Feature","properties":{"survey":"bds","sheet":"065","dag":"32343","label_bn":"32343","area_sqm":87.8},"geometry":{"type":"Polygon","coordinates":[[[90.336443,23.797008],[90.33634,23.797012],[90.336302,23.797014],[90.336262,23.797015],[90.33615,23.79702],[90.336144,23.796994],[90.336249,23.796989],[90.336298,23.796987],[90.336329,23.796986],[90.336438,23.796982],[90.336443,23.797008]]]}},{"type":"Feature","properties":{"survey":"bds","sheet":"065","dag":"32453","label_bn":"32453","area_sqm":55.9},"geometry":{"type":"Polygon","coordinates":[[[90.337655,23.797838],[90.337712,23.797763],[90.33775,23.797766],[90.337742,23.797845],[90.337655,23.797838]]]}},{"type":"Feature","properties":{"survey":"bds","sheet":"065","dag":"32158","label_bn":"32158","area_sqm":56.0},"geometry":{"type":"Polygon","coordinates":[[[90.336899,23.798526],[90.336899,23.798503],[90.336899,23.798498],[90.337065,23.798508],[90.337059,23.79854],[90.336899,23.798526]]]}},{"type":"Feature","properties":{"survey":"bds","sheet":"065","dag":"32148","label_bn":"32148","area_sqm":56.0},"geometry":{"type":"Polygon","coordinates":[[[90.336849,23.798966],[90.336855,23.798937],[90.336858,23.798925],[90.33698,23.798939],[90.336973,23.798975],[90.336973,23.798978],[90.336849,23.798966]]]}},{"type":"Feature","properties":{"survey":"bds","sheet":"065","dag":"32300","label_bn":"32300","area_sqm":57.1},"geometry":{"type":"Polygon","coordinates":[[[90.335827,23.798023],[90.335828,23.798018],[90.335842,23.797968],[90.335924,23.797985],[90.335913,23.798044],[90.335827,23.798023]]]}},{"type":"Feature","properties":{"survey":"bds","sheet":"065","dag":"32113","label_bn":"32113","area_sqm":57.1},"geometry":{"type":"Polygon","coordinates":[[[90.336607,23.799214],[90.336614,23.799162],[90.336703,23.799166],[90.336712,23.799218],[90.336607,23.799214]]]}},{"type":"Feature","properties":{"survey":"bds","sheet":"065","dag":"32467","label_bn":"32467","area_sqm":58.1},"geometry":{"type":"Polygon","coordinates":[[[90.33812,23.798068],[90.33812,23.798064],[90.33812,23.798039],[90.33812,23.798028],[90.338121,23.79802],[90.338121,23.797992],[90.338121,23.797984],[90.338121,23.797976],[90.338121,23.797902],[90.338122,23.797888],[90.338122,23.797887],[90.338122,23.797799],[90.338134,23.7978],[90.338133,23.797888],[90.338133,23.797984],[90.338132,23.798028],[90.338132,23.798067],[90.338146,23.798199],[90.338148,23.798222],[90.338149,23.798232],[90.338138,23.798235],[90.338137,23.798226],[90.338135,23.798202],[90.338122,23.798086],[90.33812,23.798068]]]}},{"type":"Feature","properties":{"survey":"bds","sheet":"065","dag":"32395","label_bn":"32395","area_sqm":60.6},"geometry":{"type":"Polygon","coordinates":[[[90.338317,23.798967],[90.338331,23.798879],[90.33835,23.798875],[90.338388,23.798868],[90.3384,23.798929],[90.338352,23.798953],[90.338352,23.798958],[90.338317,23.798967]]]}},{"type":"Feature","properties":{"survey":"bds","sheet":"065","dag":"32111","label_bn":"32111","area_sqm":60.8},"geometry":{"type":"Polygon","coordinates":[[[90.336529,23.799156],[90.336533,23.799065],[90.336592,23.799065],[90.336586,23.799159],[90.336529,23.799156]]]}},{"type":"Feature","properties":{"survey":"bds","sheet":"065","dag":"32031","label_bn":"32031","area_sqm":61.1},"geometry":{"type":"Polygon","coordinates":[[[90.335809,23.798461],[90.335809,23.798457],[90.33581,23.798424],[90.335811,23.798407],[90.335915,23.798418],[90.335911,23.798461],[90.335912,23.798469],[90.335809,23.798461]]]}},{"type":"Feature","properties":{"survey":"bds","sheet":"065","dag":"32280","label_bn":"32280","area_sqm":63.0},"geometry":{"type":"Polygon","coordinates":[[[90.336543,23.798099],[90.336587,23.798093],[90.336606,23.798216],[90.336606,23.798216],[90.336558,23.798216],[90.336543,23.798099]]]}},{"type":"Feature","properties":{"survey":"bds","sheet":"065","dag":"32247","label_bn":"32247","area_sqm":63.7},"geometry":{"type":"Polygon","coordinates":[[[90.337945,23.79942],[90.337963,23.79935],[90.337977,23.799293],[90.338009,23.7993],[90.338019,23.799304],[90.337987,23.79943],[90.337945,23.79942]]]}},{"type":"Feature","properties":{"survey":"bds","sheet":"065","dag":"32454","label_bn":"32454","area_sqm":63.9},"geometry":{"type":"Polygon","coordinates":[[[90.337742,23.797845],[90.33775,23.797766],[90.33782,23.797766],[90.33781,23.797849],[90.337742,23.797845]]]}},{"type":"Feature","properties":{"survey":"bds","sheet":"065","dag":"32246","label_bn":"32246","area_sqm":64.3},"geometry":{"type":"Polygon","coordinates":[[[90.337904,23.799408],[90.337935,23.799282],[90.337977,23.799293],[90.337963,23.79935],[90.337945,23.79942],[90.337904,23.799408]]]}},{"type":"Feature","properties":{"survey":"bds","sheet":"065","dag":"32092","label_bn":"32092","area_sqm":64.9},"geometry":{"type":"Polygon","coordinates":[[[90.33661,23.798419],[90.336611,23.798383],[90.336699,23.798377],[90.336735,23.798374],[90.336736,23.798419],[90.336611,23.79843],[90.33661,23.798419]]]}},{"type":"Feature","properties":{"survey":"bds","sheet":"065","dag":"32450","label_bn":"32450","area_sqm":65.4},"geometry":{"type":"Polygon","coordinates":[[[90.337599,23.797958],[90.337622,23.797887],[90.337642,23.797857],[90.337678,23.797859],[90.337677,23.797869],[90.337675,23.797893],[90.337672,23.797916],[90.33767,23.79794],[90.337669,23.797956],[90.337668,23.797962],[90.337638,23.79796],[90.337599,23.797958]]]}},{"type":"Feature","properties":{"survey":"bds","sheet":"065","dag":"32221","label_bn":"32221","area_sqm":66.1},"geometry":{"type":"Polygon","coordinates":[[[90.337743,23.799927],[90.337784,23.799823],[90.337834,23.799839],[90.337796,23.79994],[90.337743,23.799927]]]}},{"type":"Feature","properties":{"survey":"bds","sheet":"065","dag":"32336","label_bn":"32336","area_sqm":66.3},"geometry":{"type":"Polygon","coordinates":[[[90.335775,23.797069],[90.335842,23.797055],[90.335854,23.797137],[90.335782,23.797151],[90.335775,23.797069]]]}},{"type":"Feature","properties":{"survey":"bds","sheet":"065","dag":"32303","label_bn":"32303","area_sqm":66.8},"geometry":{"type":"Polygon","coordinates":[[[90.335842,23.797968],[90.335881,23.797892],[90.335939,23.797904],[90.335924,23.797985],[90.335842,23.797968]]]}},{"type":"Feature","properties":{"survey":"bds","sheet":"065","dag":"32338","label_bn":"32338","area_sqm":68.0},"geometry":{"type":"Polygon","coordinates":[[[90.335764,23.796952],[90.335827,23.79694],[90.335837,23.79703],[90.335772,23.797045],[90.335764,23.796952]]]}},{"type":"Feature","properties":{"survey":"bds","sheet":"065","dag":"32085","label_bn":"32085","area_sqm":68.0},"geometry":{"type":"Polygon","coordinates":[[[90.336452,23.798286],[90.336453,23.798261],[90.336453,23.79825],[90.336615,23.798255],[90.336614,23.798268],[90.336614,23.798289],[90.336576,23.798292],[90.33648,23.798288],[90.336452,23.798286]]]}},{"type":"Feature","properties":{"survey":"bds","sheet":"065","dag":"32332","label_bn":"32332","area_sqm":68.4},"geometry":{"type":"Polygon","coordinates":[[[90.335888,23.797132],[90.33596,23.797119],[90.33596,23.797119],[90.33598,23.797198],[90.33598,23.797198],[90.335909,23.797212],[90.335888,23.797132]]]}},{"type":"Feature","properties":{"survey":"bds","sheet":"065","dag":"32241","label_bn":"32241","area_sqm":68.9},"geometry":{"type":"Polygon","coordinates":[[[90.337609,23.799553],[90.337615,23.799539],[90.337637,23.799491],[90.33772,23.799512],[90.337695,23.799579],[90.337609,23.799553]]]}},{"type":"Feature","properties":{"survey":"bds","sheet":"065","dag":"32354","label_bn":"32354","area_sqm":69.1},"geometry":{"type":"Polygon","coordinates":[[[90.336472,23.79748],[90.336476,23.797395],[90.336494,23.797396],[90.336548,23.7974],[90.336545,23.797446],[90.336543,23.797486],[90.336472,23.79748]]]}},{"type":"Feature","properties":{"survey":"bds","sheet":"065","dag":"32240","label_bn":"32240","area_sqm":69.1},"geometry":{"type":"Polygon","coordinates":[[[90.337583,23.799616],[90.337609,23.799553],[90.337695,23.799579],[90.337673,23.79964],[90.337583,23.799616]]]}},{"type":"Feature","properties":{"survey":"bds","sheet":"065","dag":"32353","label_bn":"32353","area_sqm":69.1},"geometry":{"type":"Polygon","coordinates":[[[90.336401,23.797474],[90.336406,23.797389],[90.336476,23.797395],[90.336472,23.79748],[90.336401,23.797474]]]}},{"type":"Feature","properties":{"survey":"bds","sheet":"065","dag":"32279","label_bn":"32279","area_sqm":69.2},"geometry":{"type":"Polygon","coordinates":[[[90.336587,23.798093],[90.336636,23.798088],[90.336654,23.798217],[90.336606,23.798216],[90.336606,23.798216],[90.336587,23.798093]]]}},{"type":"Feature","properties":{"survey":"bds","sheet":"065","dag":"32330","label_bn":"32330","area_sqm":69.4},"geometry":{"type":"Polygon","coordinates":[[[90.335642,23.797182],[90.33571,23.797168],[90.33573,23.797249],[90.335655,23.797265],[90.335642,23.797182]]]}},{"type":"Feature","properties":{"survey":"bds","sheet":"065","dag":"32008","label_bn":"32008","area_sqm":70.3},"geometry":{"type":"Polygon","coordinates":[[[90.335849,23.799495],[90.335891,23.799406],[90.335914,23.799357],[90.335916,23.799353],[90.33594,23.799314],[90.335953,23.799318],[90.336058,23.799359],[90.336058,23.799378],[90.335952,23.799336],[90.335866,23.7995],[90.335849,23.799495]]]}},{"type":"Feature","properties":{"survey":"bds","sheet":"065","dag":"32461","label_bn":"32461","area_sqm":70.9},"geometry":{"type":"Polygon","coordinates":[[[90.337983,23.798029],[90.338121,23.79802],[90.33812,23.798028],[90.33812,23.798039],[90.33812,23.798064],[90.337983,23.798076],[90.337983,23.798073],[90.337983,23.798071],[90.337983,23.798031],[90.337983,23.798029]]]}},{"type":"Feature","properties":{"survey":"bds","sheet":"065","dag":"32462","label_bn":"32462","area_sqm":71.1},"geometry":{"type":"Polygon","coordinates":[[[90.337983,23.797982],[90.338121,23.797976],[90.338121,23.797984],[90.338121,23.797992],[90.338121,23.79802],[90.337983,23.798029],[90.337983,23.797984],[90.337983,23.797982]]]}},{"type":"Feature","properties":{"survey":"bds","sheet":"065","dag":"32144","label_bn":"32144","area_sqm":71.1},"geometry":{"type":"Polygon","coordinates":[[[90.336831,23.799094],[90.336834,23.799062],[90.336839,23.799063],[90.336956,23.799075],[90.336955,23.799122],[90.336834,23.799117],[90.336836,23.799095],[90.336831,23.799094]]]}},{"type":"Feature","properties":{"survey":"bds","sheet":"065","dag":"32281","label_bn":"32281","area_sqm":71.3},"geometry":{"type":"Polygon","coordinates":[[[90.336494,23.798087],[90.336543,23.798099],[90.336558,23.798216],[90.336504,23.798216],[90.336494,23.798087]]]}},{"type":"Feature","properties":{"survey":"bds","sheet":"065","dag":"32348","label_bn":"32348","area_sqm":72.0},"geometry":{"type":"Polygon","coordinates":[[[90.336199,23.797236],[90.33631,23.797241],[90.336425,23.797241],[90.336425,23.797271],[90.33634,23.79727],[90.336202,23.797263],[90.336199,23.797236]]]}},{"type":"Feature","properties":{"survey":"bds","sheet":"065","dag":"32231","label_bn":"32231","area_sqm":78.9},"geometry":{"type":"Polygon","coordinates":[[[90.338169,23.799636],[90.33817,23.799639],[90.338185,23.799696],[90.338188,23.799711],[90.338208,23.799786],[90.338206,23.799793],[90.338166,23.799783],[90.338166,23.799783],[90.33816,23.799781],[90.338171,23.799745],[90.338172,23.799693],[90.33809,23.799671],[90.338104,23.799621],[90.338169,23.799636]]]}},{"type":"Feature","properties":{"survey":"bds","sheet":"065","dag":"32427","label_bn":"32427","area_sqm":72.5},"geometry":{"type":"Polygon","coordinates":[[[90.3386,23.798171],[90.338673,23.798164],[90.33869,23.798248],[90.33865,23.798252],[90.338617,23.798257],[90.338606,23.798212],[90.338605,23.798207],[90.3386,23.798171]]]}},{"type":"Feature","properties":{"survey":"bds","sheet":"065","dag":"32168","label_bn":"32168","area_sqm":72.7},"geometry":{"type":"Polygon","coordinates":[[[90.337012,23.798855],[90.337018,23.798805],[90.337148,23.79883],[90.337137,23.798877],[90.337012,23.798855]]]}},{"type":"Feature","properties":{"survey":"bds","sheet":"065","dag":"32051","label_bn":"32051","area_sqm":73.5},"geometry":{"type":"Polygon","coordinates":[[[90.33606,23.799572],[90.336072,23.799521],[90.33619,23.799538],[90.336184,23.799563],[90.33618,23.799593],[90.33606,23.799572]]]}},{"type":"Feature","properties":{"survey":"bds","sheet":"065","dag":"32141","label_bn":"32141","area_sqm":73.8},"geometry":{"type":"Polygon","coordinates":[[[90.336727,23.79921],[90.33682,23.79922],[90.33683,23.799287],[90.336737,23.799283],[90.336727,23.79921]]]}},{"type":"Feature","properties":{"survey":"bds","sheet":"065","dag":"32264","label_bn":"32264","area_sqm":74.0},"geometry":{"type":"Polygon","coordinates":[[[90.337433,23.798851],[90.337442,23.798807],[90.337571,23.798833],[90.337576,23.798834],[90.337557,23.798885],[90.337541,23.798881],[90.337433,23.798851]]]}},{"type":"Feature","properties":{"survey":"bds","sheet":"065","dag":"32067","label_bn":"32067","area_sqm":74.0},"geometry":{"type":"Polygon","coordinates":[[[90.336103,23.798878],[90.336228,23.798872],[90.336229,23.798924],[90.336104,23.79893],[90.336103,23.798878]]]}},{"type":"Feature","properties":{"survey":"bds","sheet":"065","dag":"32317","label_bn":"32317","area_sqm":74.2},"geometry":{"type":"Polygon","coordinates":[[[90.335656,23.797291],[90.335721,23.797278],[90.335737,23.797373],[90.335671,23.797387],[90.335656,23.797291]]]}},{"type":"Feature","properties":{"survey":"bds","sheet":"065","dag":"32052","label_bn":"32052","area_sqm":74.5},"geometry":{"type":"Polygon","coordinates":[[[90.336072,23.799521],[90.336077,23.799501],[90.336081,23.799468],[90.3362,23.799481],[90.336196,23.799498],[90.336191,23.799532],[90.33619,23.799538],[90.336072,23.799521]]]}},{"type":"Feature","properties":{"survey":"bds","sheet":"065","dag":"32053","label_bn":"32053","area_sqm":75.1},"geometry":{"type":"Polygon","coordinates":[[[90.336081,23.799468],[90.336084,23.799438],[90.336084,23.799416],[90.336211,23.799426],[90.336211,23.799428],[90.336205,23.799458],[90.3362,23.799481],[90.336081,23.799468]]]}},{"type":"Feature","properties":{"survey":"bds","sheet":"065","dag":"32128","label_bn":"32128","area_sqm":75.1},"geometry":{"type":"Polygon","coordinates":[[[90.336362,23.799747],[90.336368,23.799681],[90.336467,23.799691],[90.336461,23.799758],[90.336362,23.799747]]]}},{"type":"Feature","properties":{"survey":"bds","sheet":"065","dag":"32318","label_bn":"32318","area_sqm":75.4},"geometry":{"type":"Polygon","coordinates":[[[90.335721,23.797278],[90.335791,23.797263],[90.335803,23.797359],[90.335737,23.797373],[90.335721,23.797278]]]}},{"type":"Feature","properties":{"survey":"bds","sheet":"065","dag":"32056","label_bn":"32056","area_sqm":75.5},"geometry":{"type":"Polygon","coordinates":[[[90.336083,23.799405],[90.336086,23.799366],[90.336147,23.799369],[90.336215,23.799373],[90.336211,23.799426],[90.336084,23.799416],[90.336083,23.799405]]]}},{"type":"Feature","properties":{"survey":"bds","sheet":"065","dag":"32284","label_bn":"32284","area_sqm":75.7},"geometry":{"type":"Polygon","coordinates":[[[90.336479,23.79791],[90.336586,23.797898],[90.336601,23.797957],[90.336486,23.79797],[90.336479,23.79791]]]}},{"type":"Feature","properties":{"survey":"bds","sheet":"065","dag":"32394","label_bn":"32394","area_sqm":76.2},"geometry":{"type":"Polygon","coordinates":[[[90.338305,23.799065],[90.338317,23.798967],[90.338352,23.798958],[90.338352,23.798953],[90.3384,23.798929],[90.33841,23.798971],[90.33841,23.798975],[90.338411,23.798979],[90.338391,23.798993],[90.338324,23.79905],[90.338305,23.799065]]]}},{"type":"Feature","properties":{"survey":"bds","sheet":"065","dag":"32012","label_bn":"32012","area_sqm":76.2},"geometry":{"type":"Polygon","coordinates":[[[90.335953,23.799318],[90.335983,23.799257],[90.336067,23.799294],[90.336058,23.799359],[90.335953,23.799318]]]}},{"type":"Feature","properties":{"survey":"bds","sheet":"065","dag":"32425","label_bn":"32425","area_sqm":76.5},"geometry":{"type":"Polygon","coordinates":[[[90.33847,23.798269],[90.338537,23.798264],[90.338554,23.798263],[90.338555,23.798263],[90.338556,23.798272],[90.338566,23.798339],[90.338562,23.798339],[90.33847,23.798342],[90.33847,23.798269]]]}},{"type":"Feature","properties":{"survey":"bds","sheet":"065","dag":"32446","label_bn":"32446","area_sqm":76.5},"geometry":{"type":"Polygon","coordinates":[[[90.337661,23.798084],[90.337814,23.798084],[90.337816,23.798127],[90.33767,23.798132],[90.337661,23.798084]]]}},{"type":"Feature","properties":{"survey":"bds","sheet":"065","dag":"32200","label_bn":"32200","area_sqm":76.8},"geometry":{"type":"Polygon","coordinates":[[[90.33719,23.799403],[90.337195,23.799361],[90.337339,23.799356],[90.337342,23.799405],[90.33733,23.799404],[90.33719,23.799403]]]}},{"type":"Feature","properties":{"survey":"bds","sheet":"065","dag":"32371","label_bn":"32371","area_sqm":77.0},"geometry":{"type":"Polygon","coordinates":[[[90.336575,23.797737],[90.336696,23.797728],[90.336703,23.797782],[90.336582,23.797794],[90.336575,23.797737]]]}},{"type":"Feature","properties":{"survey":"bds","sheet":"065","dag":"32121","label_bn":"32121","area_sqm":77.9},"geometry":{"type":"Polygon","coordinates":[[[90.336394,23.799485],[90.336485,23.799488],[90.336532,23.799489],[90.336548,23.79949],[90.336576,23.799402],[90.336576,23.799401],[90.336577,23.799398],[90.336578,23.799396],[90.33658,23.799396],[90.336617,23.799411],[90.336598,23.799513],[90.336529,23.799506],[90.33653,23.7995],[90.336483,23.799497],[90.336394,23.799493],[90.336394,23.799485]]]}},{"type":"Feature","properties":{"survey":"bds","sheet":"065","dag":"32274","label_bn":"32274","area_sqm":78.6},"geometry":{"type":"Polygon","coordinates":[[[90.336924,23.798286],[90.336925,23.798282],[90.336931,23.798249],[90.336932,23.798244],[90.337011,23.798247],[90.337084,23.798289],[90.337102,23.798288],[90.337099,23.798307],[90.337099,23.798308],[90.337098,23.798312],[90.336924,23.798286]]]}},{"type":"Feature","properties":{"survey":"bds","sheet":"065","dag":"32305","label_bn":"32305","area_sqm":78.7},"geometry":{"type":"Polygon","coordinates":[[[90.335779,23.797863],[90.335797,23.797823],[90.335825,23.797748],[90.335886,23.797763],[90.335874,23.797788],[90.335846,23.797841],[90.335826,23.797875],[90.335823,23.797879],[90.335779,23.797863]]]}},{"type":"Feature","properties":{"survey":"bds","sheet":"065","dag":"32302","label_bn":"32302","area_sqm":78.8},"geometry":{"type":"Polygon","coordinates":[[[90.335784,23.797945],[90.335823,23.797879],[90.335826,23.797875],[90.335846,23.797841],[90.335894,23.797863],[90.335881,23.797892],[90.335842,23.797968],[90.335784,23.797945]]]}},{"type":"Feature","properties":{"survey":"bds","sheet":"065","dag":"32101","label_bn":"32101","area_sqm":78.8},"geometry":{"type":"Polygon","coordinates":[[[90.336417,23.798898],[90.336422,23.798823],[90.336513,23.798819],[90.336513,23.798894],[90.336417,23.798898]]]}},{"type":"Feature","properties":{"survey":"bds","sheet":"065","dag":"32227","label_bn":"32227","area_sqm":79.7},"geometry":{"type":"Polygon","coordinates":[[[90.338047,23.799903],[90.338088,23.799787],[90.338088,23.799786],[90.338103,23.799791],[90.338144,23.799802],[90.3381,23.799919],[90.338063,23.799908],[90.338047,23.799903]]]}},{"type":"Feature","properties":{"survey":"bds","sheet":"065","dag":"32066","label_bn":"32066","area_sqm":80.1},"geometry":{"type":"Polygon","coordinates":[[[90.336104,23.79893],[90.336229,23.798924],[90.336229,23.798984],[90.336106,23.798983],[90.336104,23.79893]]]}},{"type":"Feature","properties":{"survey":"bds","sheet":"065","dag":"32447","label_bn":"32447","area_sqm":80.2},"geometry":{"type":"Polygon","coordinates":[[[90.337653,23.798036],[90.337762,23.798041],[90.337812,23.798039],[90.337814,23.798084],[90.337661,23.798084],[90.337653,23.798036]]]}},{"type":"Feature","properties":{"survey":"bds","sheet":"065","dag":"32298","label_bn":"32298","area_sqm":80.8},"geometry":{"type":"Polygon","coordinates":[[[90.335726,23.798075],[90.335745,23.79802],[90.335749,23.79801],[90.335758,23.797993],[90.335828,23.798018],[90.335827,23.798023],[90.335811,23.7981],[90.335726,23.798075]]]}},{"type":"Feature","properties":{"survey":"bds","sheet":"065","dag":"32204","label_bn":"32204","area_sqm":81.0},"geometry":{"type":"Polygon","coordinates":[[[90.33733,23.799404],[90.337342,23.799405],[90.337402,23.799406],[90.33742,23.799407],[90.337504,23.799417],[90.337632,23.79944],[90.337617,23.799464],[90.33752,23.799447],[90.337423,23.799431],[90.33733,23.799419],[90.33733,23.799404]]]}},{"type":"Feature","properties":{"survey":"bds","sheet":"065","dag":"32089","label_bn":"32089","area_sqm":81.2},"geometry":{"type":"Polygon","coordinates":[[[90.336611,23.798383],[90.336612,23.798359],[90.336614,23.798289],[90.336677,23.798284],[90.33668,23.798332],[90.336701,23.798335],[90.336699,23.798377],[90.336611,23.798383]]]}},{"type":"Feature","properties":{"survey":"bds","sheet":"065","dag":"32228","label_bn":"32228","area_sqm":82.5},"geometry":{"type":"Polygon","coordinates":[[[90.3381,23.799919],[90.338144,23.799802],[90.338201,23.799819],[90.338171,23.799895],[90.338156,23.799935],[90.3381,23.799919]]]}},{"type":"Feature","properties":{"survey":"bds","sheet":"065","dag":"32469","label_bn":"32469","area_sqm":64.7},"geometry":{"type":"Polygon","coordinates":[[[90.338586,23.797992],[90.33858,23.797994],[90.338437,23.79809],[90.338402,23.798112],[90.338326,23.798157],[90.338226,23.7982],[90.338149,23.798232],[90.338148,23.798222],[90.338154,23.79822],[90.338188,23.798209],[90.338215,23.798195],[90.3383,23.798151],[90.338356,23.798116],[90.338412,23.79809],[90.338475,23.798056],[90.338519,23.798031],[90.338558,23.797998],[90.33857,23.797987],[90.338583,23.797975],[90.338586,23.797992]]]}},{"type":"Feature","properties":{"survey":"bds","sheet":"065","dag":"32297","label_bn":"32297","area_sqm":82.7},"geometry":{"type":"Polygon","coordinates":[[[90.335664,23.79799],[90.335669,23.797968],[90.335673,23.797935],[90.335679,23.797929],[90.335689,23.797919],[90.335782,23.79795],[90.335758,23.797993],[90.335749,23.79801],[90.335745,23.79802],[90.335664,23.79799]]]}},{"type":"Feature","properties":{"survey":"bds","sheet":"065","dag":"32299","label_bn":"32299","area_sqm":83.1},"geometry":{"type":"Polygon","coordinates":[[[90.335808,23.798109],[90.335811,23.7981],[90.335827,23.798023],[90.335913,23.798044],[90.335905,23.798116],[90.335808,23.798109]]]}},{"type":"Feature","properties":{"survey":"bds","sheet":"065","dag":"32185","label_bn":"32185","area_sqm":83.1},"geometry":{"type":"Polygon","coordinates":[[[90.337031,23.799772],[90.337034,23.799684],[90.337104,23.799684],[90.337123,23.799777],[90.337031,23.799772]]]}},{"type":"Feature","properties":{"survey":"bds","sheet":"065","dag":"32026","label_bn":"32026","area_sqm":84.3},"geometry":{"type":"Polygon","coordinates":[[[90.335824,23.798321],[90.335834,23.798243],[90.335931,23.798259],[90.335922,23.798332],[90.335824,23.798321]]]}},{"type":"Feature","properties":{"survey":"bds","sheet":"065","dag":"32105","label_bn":"32105","area_sqm":84.4},"geometry":{"type":"Polygon","coordinates":[[[90.336601,23.798981],[90.336604,23.798926],[90.336736,23.79893],[90.336733,23.798988],[90.336601,23.798981]]]}},{"type":"Feature","properties":{"survey":"bds","sheet":"065","dag":"32334","label_bn":"32334","area_sqm":84.7},"geometry":{"type":"Polygon","coordinates":[[[90.336051,23.797096],[90.336135,23.797076],[90.336156,23.797154],[90.336157,23.797159],[90.336068,23.797178],[90.336051,23.797096]]]}},{"type":"Feature","properties":{"survey":"bds","sheet":"065","dag":"32412","label_bn":"32412","area_sqm":84.8},"geometry":{"type":"Polygon","coordinates":[[[90.338508,23.798735],[90.338553,23.798721],[90.338593,23.798707],[90.338637,23.79877],[90.338539,23.798809],[90.338532,23.798792],[90.33851,23.798739],[90.338508,23.798735]]]}},{"type":"Feature","properties":{"survey":"bds","sheet":"065","dag":"32276","label_bn":"32276","area_sqm":85.1},"geometry":{"type":"Polygon","coordinates":[[[90.336748,23.798273],[90.336793,23.798263],[90.33682,23.798256],[90.336818,23.798372],[90.336751,23.798374],[90.336748,23.798273]]]}},{"type":"Feature","properties":{"survey":"bds","sheet":"065","dag":"32124","label_bn":"32124","area_sqm":85.2},"geometry":{"type":"Polygon","coordinates":[[[90.336384,23.799577],[90.336394,23.799493],[90.336483,23.799497],[90.336482,23.799545],[90.33647,23.799544],[90.336464,23.79958],[90.336463,23.799586],[90.336384,23.799577]]]}},{"type":"Feature","properties":{"survey":"bds","sheet":"065","dag":"32295","label_bn":"32295","area_sqm":85.5},"geometry":{"type":"Polygon","coordinates":[[[90.335702,23.798156],[90.335705,23.798143],[90.335712,23.798109],[90.335726,23.798075],[90.335811,23.7981],[90.335808,23.798109],[90.335808,23.798109],[90.335792,23.798167],[90.335788,23.79818],[90.335702,23.798156]]]}},{"type":"Feature","properties":{"survey":"bds","sheet":"065","dag":"32018","label_bn":"32018","area_sqm":85.5},"geometry":{"type":"Polygon","coordinates":[[[90.335708,23.799192],[90.335721,23.799064],[90.335741,23.798867],[90.335749,23.798793],[90.335761,23.798793],[90.335769,23.798793],[90.335765,23.798861],[90.335764,23.798871],[90.335748,23.798987],[90.335721,23.799194],[90.335708,23.799192]]]}},{"type":"Feature","properties":{"survey":"bds","sheet":"065","dag":"32350","label_bn":"32350","area_sqm":85.7},"geometry":{"type":"Polygon","coordinates":[[[90.336332,23.797358],[90.33634,23.79727],[90.336425,23.797271],[90.336415,23.797364],[90.336332,23.797358]]]}},{"type":"Feature","properties":{"survey":"bds","sheet":"065","dag":"32129","label_bn":"32129","area_sqm":86.0},"geometry":{"type":"Polygon","coordinates":[[[90.336356,23.799824],[90.336362,23.799747],[90.336461,23.799758],[90.336459,23.799807],[90.336457,23.799832],[90.336356,23.799824]]]}},{"type":"Feature","properties":{"survey":"bds","sheet":"065","dag":"32333","label_bn":"32333","area_sqm":86.2},"geometry":{"type":"Polygon","coordinates":[[[90.33596,23.797119],[90.336047,23.797097],[90.336051,23.797096],[90.336068,23.797178],[90.33598,23.797198],[90.33596,23.797119]]]}},{"type":"Feature","properties":{"survey":"bds","sheet":"065","dag":"32294","label_bn":"32294","area_sqm":86.4},"geometry":{"type":"Polygon","coordinates":[[[90.335788,23.79818],[90.335792,23.798167],[90.335808,23.798109],[90.335808,23.798109],[90.335905,23.798116],[90.335903,23.798126],[90.335896,23.798186],[90.335895,23.798192],[90.335788,23.79818]]]}},{"type":"Feature","properties":{"survey":"bds","sheet":"065","dag":"32304","label_bn":"32304","area_sqm":86.4},"geometry":{"type":"Polygon","coordinates":[[[90.335846,23.797841],[90.335874,23.797788],[90.335918,23.797808],[90.335962,23.797828],[90.335939,23.797904],[90.335939,23.797904],[90.335881,23.797892],[90.335894,23.797863],[90.335846,23.797841]]]}},{"type":"Feature","properties":{"survey":"bds","sheet":"065","dag":"32211","label_bn":"32211","area_sqm":86.7},"geometry":{"type":"Polygon","coordinates":[[[90.337629,23.799079],[90.337587,23.799142],[90.3375,23.799111],[90.337504,23.799104],[90.337536,23.799037],[90.337629,23.799079]]]}},{"type":"Feature","properties":{"survey":"bds","sheet":"065","dag":"32106","label_bn":"32106","area_sqm":86.8},"geometry":{"type":"Polygon","coordinates":[[[90.336596,23.799036],[90.336597,23.799028],[90.336601,23.798981],[90.336733,23.798988],[90.336719,23.799051],[90.336596,23.799036]]]}},{"type":"Feature","properties":{"survey":"bds","sheet":"065","dag":"32059","label_bn":"32059","area_sqm":86.9},"geometry":{"type":"Polygon","coordinates":[[[90.336371,23.799272],[90.336372,23.799157],[90.336393,23.799157],[90.336446,23.799158],[90.336439,23.799253],[90.336419,23.799252],[90.336418,23.799271],[90.336393,23.799272],[90.336371,23.799272]]]}},{"type":"Feature","properties":{"survey":"bds","sheet":"065","dag":"32428","label_bn":"32428","area_sqm":87.0},"geometry":{"type":"Polygon","coordinates":[[[90.338581,23.798071],[90.338653,23.798057],[90.338653,23.79806],[90.338673,23.798164],[90.3386,23.798171],[90.338582,23.798074],[90.338581,23.798071]]]}},{"type":"Feature","properties":{"survey":"bds","sheet":"065","dag":"32126","label_bn":"32126","area_sqm":87.1},"geometry":{"type":"Polygon","coordinates":[[[90.33656,23.799639],[90.336564,23.799586],[90.336575,23.799554],[90.336678,23.799593],[90.33667,23.799643],[90.33656,23.799639]]]}},{"type":"Feature","properties":{"survey":"bds","sheet":"065","dag":"32369","label_bn":"32369","area_sqm":87.4},"geometry":{"type":"Polygon","coordinates":[[[90.336536,23.79764],[90.336539,23.797559],[90.336543,23.797486],[90.336545,23.797446],[90.336548,23.7974],[90.336578,23.797402],[90.336576,23.797416],[90.336575,23.797474],[90.336575,23.797484],[90.336576,23.797506],[90.336566,23.797607],[90.336569,23.797647],[90.336552,23.797647],[90.336536,23.79764]]]}},{"type":"Feature","properties":{"survey":"bds","sheet":"065","dag":"32120","label_bn":"32120","area_sqm":87.6},"geometry":{"type":"Polygon","coordinates":[[[90.336485,23.799488],[90.336486,23.799382],[90.336537,23.799391],[90.336577,23.799398],[90.336576,23.799401],[90.336576,23.799402],[90.336548,23.79949],[90.336532,23.799489],[90.336485,23.799488]]]}},{"type":"Feature","properties":{"survey":"bds","sheet":"065","dag":"32212","label_bn":"32212","area_sqm":88.3},"geometry":{"type":"Polygon","coordinates":[[[90.337587,23.799142],[90.337629,23.799079],[90.337722,23.799107],[90.337688,23.799179],[90.337587,23.799142]]]}},{"type":"Feature","properties":{"survey":"bds","sheet":"065","dag":"32201","label_bn":"32201","area_sqm":88.9},"geometry":{"type":"Polygon","coordinates":[[[90.337195,23.799361],[90.337199,23.799307],[90.337199,23.799305],[90.337337,23.799301],[90.337339,23.799356],[90.337195,23.799361]]]}},{"type":"Feature","properties":{"survey":"bds","sheet":"065","dag":"32213","label_bn":"32213","area_sqm":89.1},"geometry":{"type":"Polygon","coordinates":[[[90.337688,23.799179],[90.337722,23.799107],[90.337823,23.799139],[90.337782,23.799206],[90.337688,23.799179]]]}},{"type":"Feature","properties":{"survey":"bds","sheet":"065","dag":"32167","label_bn":"32167","area_sqm":89.5},"geometry":{"type":"Polygon","coordinates":[[[90.337018,23.798805],[90.337029,23.79875],[90.337163,23.79877],[90.337158,23.798791],[90.337148,23.79883],[90.337018,23.798805]]]}},{"type":"Feature","properties":{"survey":"bds","sheet":"065","dag":"32152","label_bn":"32152","area_sqm":89.6},"geometry":{"type":"Polygon","coordinates":[[[90.336756,23.798725],[90.336757,23.798663],[90.336891,23.798668],[90.336883,23.798727],[90.336756,23.798725]]]}},{"type":"Feature","properties":{"survey":"bds","sheet":"065","dag":"32133","label_bn":"32133","area_sqm":90.1},"geometry":{"type":"Polygon","coordinates":[[[90.336689,23.799588],[90.33669,23.799584],[90.336717,23.799513],[90.336826,23.799661],[90.336791,23.799668],[90.336689,23.799588]]]}},{"type":"Feature","properties":{"survey":"bds","sheet":"065","dag":"32263","label_bn":"32263","area_sqm":90.2},"geometry":{"type":"Polygon","coordinates":[[[90.337412,23.79892],[90.337433,23.798851],[90.337541,23.798881],[90.337529,23.798922],[90.337523,23.798947],[90.337412,23.79892]]]}},{"type":"Feature","properties":{"survey":"bds","sheet":"065","dag":"32366","label_bn":"32366","area_sqm":90.4},"geometry":{"type":"Polygon","coordinates":[[[90.336324,23.79785],[90.336434,23.797839],[90.336446,23.797912],[90.336358,23.797918],[90.336338,23.797919],[90.336324,23.79785],[90.336324,23.79785]]]}},{"type":"Feature","properties":{"survey":"bds","sheet":"065","dag":"32186","label_bn":"32186","area_sqm":115.1},"geometry":{"type":"Polygon","coordinates":[[[90.337169,23.799808],[90.337128,23.7998],[90.337123,23.799777],[90.337104,23.799684],[90.337136,23.799675],[90.337168,23.799666],[90.337186,23.799666],[90.337201,23.799801],[90.337169,23.799796],[90.337169,23.799808]]]}},{"type":"Feature","properties":{"survey":"bds","sheet":"065","dag":"32116","label_bn":"32116","area_sqm":91.3},"geometry":{"type":"Polygon","coordinates":[[[90.33645,23.799266],[90.336459,23.799151],[90.336487,23.799152],[90.336529,23.799156],[90.336515,23.799275],[90.33645,23.799266]]]}},{"type":"Feature","properties":{"survey":"bds","sheet":"065","dag":"32357","label_bn":"32357","area_sqm":91.6},"geometry":{"type":"Polygon","coordinates":[[[90.336393,23.797575],[90.336396,23.797546],[90.336539,23.797559],[90.336536,23.79764],[90.336433,23.797594],[90.336393,23.797575]]]}},{"type":"Feature","properties":{"survey":"bds","sheet":"065","dag":"32282","label_bn":"32282","area_sqm":92.9},"geometry":{"type":"Polygon","coordinates":[[[90.336493,23.798041],[90.336619,23.798025],[90.336631,23.798063],[90.336636,23.798088],[90.336587,23.798093],[90.336543,23.798099],[90.336494,23.798087],[90.336493,23.798041]]]}},{"type":"Feature","properties":{"survey":"bds","sheet":"065","dag":"32288","label_bn":"32288","area_sqm":92.9},"geometry":{"type":"Polygon","coordinates":[[[90.336224,23.7982],[90.33623,23.798021],[90.33628,23.79805],[90.336271,23.798205],[90.336224,23.7982]]]}},{"type":"Feature","properties":{"survey":"bds","sheet":"065","dag":"32262","label_bn":"32262","area_sqm":93.4},"geometry":{"type":"Polygon","coordinates":[[[90.337392,23.798986],[90.337412,23.79892],[90.337523,23.798947],[90.337498,23.79902],[90.337392,23.798986]]]}},{"type":"Feature","properties":{"survey":"bds","sheet":"065","dag":"32411","label_bn":"32411","area_sqm":94.4},"geometry":{"type":"Polygon","coordinates":[[[90.338588,23.798701],[90.338659,23.798652],[90.338723,23.798728],[90.338637,23.79877],[90.338593,23.798707],[90.338588,23.798701]]]}},{"type":"Feature","properties":{"survey":"bds","sheet":"065","dag":"32202","label_bn":"32202","area_sqm":95.1},"geometry":{"type":"Polygon","coordinates":[[[90.337337,23.799301],[90.337416,23.799298],[90.33742,23.799407],[90.337402,23.799406],[90.337342,23.799405],[90.337339,23.799356],[90.337337,23.799301]]]}},{"type":"Feature","properties":{"survey":"bds","sheet":"065","dag":"32132","label_bn":"32132","area_sqm":95.3},"geometry":{"type":"Polygon","coordinates":[[[90.336665,23.799672],[90.33667,23.799643],[90.336678,23.799593],[90.336687,23.799594],[90.336689,23.799588],[90.336791,23.799668],[90.336756,23.799714],[90.336665,23.799672]]]}},{"type":"Feature","properties":{"survey":"bds","sheet":"065","dag":"32268","label_bn":"32268","area_sqm":99.6},"geometry":{"type":"Polygon","coordinates":[[[90.33726,23.798619],[90.337212,23.798605],[90.337209,23.798605],[90.337208,23.798605],[90.337253,23.798448],[90.337257,23.798449],[90.337305,23.798457],[90.33726,23.798619]]]}},{"type":"Feature","properties":{"survey":"bds","sheet":"065","dag":"32441","label_bn":"32441","area_sqm":95.8},"geometry":{"type":"Polygon","coordinates":[[[90.337945,23.798452],[90.33795,23.798298],[90.338004,23.798301],[90.338004,23.798405],[90.338,23.79845],[90.337945,23.798452]]]}},{"type":"Feature","properties":{"survey":"bds","sheet":"065","dag":"32147","label_bn":"32147","area_sqm":95.8},"geometry":{"type":"Polygon","coordinates":[[[90.336753,23.798922],[90.336753,23.798921],[90.336754,23.798853],[90.336872,23.798855],[90.336875,23.798855],[90.336858,23.798925],[90.336855,23.798937],[90.336753,23.798922]]]}},{"type":"Feature","properties":{"survey":"bds","sheet":"065","dag":"32023","label_bn":"32023","area_sqm":97.0},"geometry":{"type":"Polygon","coordinates":[[[90.33567,23.798563],[90.335679,23.798487],[90.335784,23.798496],[90.335783,23.798515],[90.335772,23.798581],[90.33567,23.798563]]]}},{"type":"Feature","properties":{"survey":"bds","sheet":"065","dag":"32203","label_bn":"32203","area_sqm":97.5},"geometry":{"type":"Polygon","coordinates":[[[90.337416,23.799298],[90.337484,23.799299],[90.337504,23.799417],[90.33742,23.799407],[90.337416,23.799298]]]}},{"type":"Feature","properties":{"survey":"bds","sheet":"065","dag":"32364","label_bn":"32364","area_sqm":97.5},"geometry":{"type":"Polygon","coordinates":[[[90.336277,23.797739],[90.336366,23.797734],[90.336402,23.797732],[90.33645,23.797729],[90.336554,23.797723],[90.336555,23.797743],[90.336416,23.797751],[90.336307,23.797757],[90.336324,23.79785],[90.336324,23.79785],[90.336338,23.797919],[90.33632,23.797922],[90.336302,23.797826],[90.336298,23.797815],[90.336277,23.797739]]]}},{"type":"Feature","properties":{"survey":"bds","sheet":"065","dag":"32093","label_bn":"32093","area_sqm":97.6},"geometry":{"type":"Polygon","coordinates":[[[90.336609,23.798497],[90.336611,23.798433],[90.336611,23.79843],[90.336736,23.798419],[90.336737,23.798489],[90.336609,23.798497]]]}},{"type":"Feature","properties":{"survey":"bds","sheet":"065","dag":"32437","label_bn":"32437","area_sqm":97.8},"geometry":{"type":"Polygon","coordinates":[[[90.337988,23.798647],[90.337991,23.798606],[90.338106,23.798605],[90.338114,23.798606],[90.338114,23.798608],[90.338108,23.798704],[90.337988,23.798647]]]}},{"type":"Feature","properties":{"survey":"bds","sheet":"065","dag":"32283","label_bn":"32283","area_sqm":98.4},"geometry":{"type":"Polygon","coordinates":[[[90.336486,23.79797],[90.336601,23.797957],[90.336614,23.797993],[90.336619,23.798025],[90.336493,23.798041],[90.336486,23.79797]]]}},{"type":"Feature","properties":{"survey":"bds","sheet":"065","dag":"32176","label_bn":"32176","area_sqm":99.3},"geometry":{"type":"Polygon","coordinates":[[[90.337053,23.799411],[90.337164,23.799424],[90.337153,23.799505],[90.337058,23.7995],[90.337053,23.799411]]]}},{"type":"Feature","properties":{"survey":"bds","sheet":"065","dag":"32030","label_bn":"32030","area_sqm":99.4},"geometry":{"type":"Polygon","coordinates":[[[90.335811,23.798407],[90.335824,23.798321],[90.335922,23.798332],[90.335915,23.798418],[90.335811,23.798407]]]}},{"type":"Feature","properties":{"survey":"bds","sheet":"065","dag":"32010","label_bn":"32010","area_sqm":99.7},"geometry":{"type":"Polygon","coordinates":[[[90.335778,23.799312],[90.335813,23.799213],[90.335821,23.799189],[90.335842,23.799194],[90.335885,23.799216],[90.335846,23.799321],[90.335849,23.799322],[90.335916,23.799353],[90.335914,23.799357],[90.335845,23.799324],[90.335778,23.799312]]]}},{"type":"Feature","properties":{"survey":"bds","sheet":"065","dag":"32253","label_bn":"32253","area_sqm":100.1},"geometry":{"type":"Polygon","coordinates":[[[90.338035,23.799059],[90.33807,23.798961],[90.338073,23.798961],[90.33815,23.798981],[90.338117,23.79908],[90.338116,23.799084],[90.338035,23.799059]]]}},{"type":"Feature","properties":{"survey":"bds","sheet":"065","dag":"32190","label_bn":"32190","area_sqm":100.2},"geometry":{"type":"Polygon","coordinates":[[[90.337418,23.79984],[90.337424,23.799763],[90.337537,23.79978],[90.337529,23.799859],[90.337418,23.79984]]]}},{"type":"Feature","properties":{"survey":"bds","sheet":"065","dag":"32230","label_bn":"32230","area_sqm":94.2},"geometry":{"type":"Polygon","coordinates":[[[90.338172,23.799693],[90.338171,23.799745],[90.33816,23.799781],[90.338065,23.799754],[90.33809,23.799671],[90.338172,23.799693]]]}},{"type":"Feature","properties":{"survey":"bds","sheet":"065","dag":"32252","label_bn":"32252","area_sqm":101.7},"geometry":{"type":"Polygon","coordinates":[[[90.337998,23.799163],[90.338035,23.799059],[90.338116,23.799084],[90.33808,23.799181],[90.337998,23.799163]]]}},{"type":"Feature","properties":{"survey":"bds","sheet":"065","dag":"32194","label_bn":"32194","area_sqm":101.8},"geometry":{"type":"Polygon","coordinates":[[[90.337492,23.799546],[90.33752,23.799447],[90.337617,23.799464],[90.337595,23.799509],[90.337575,23.799555],[90.337492,23.799546]]]}},{"type":"Feature","properties":{"survey":"bds","sheet":"065","dag":"32397","label_bn":"32397","area_sqm":102.6},"geometry":{"type":"Polygon","coordinates":[[[90.338456,23.798851],[90.338535,23.798827],[90.338574,23.798909],[90.338581,23.798923],[90.338502,23.798953],[90.338495,23.798936],[90.338495,23.798936],[90.338456,23.798851]]]}},{"type":"Feature","properties":{"survey":"bds","sheet":"065","dag":"32337","label_bn":"32337","area_sqm":102.8},"geometry":{"type":"Polygon","coordinates":[[[90.335772,23.797045],[90.335837,23.79703],[90.335905,23.797015],[90.335907,23.797014],[90.336108,23.796971],[90.336115,23.796997],[90.335842,23.797055],[90.335775,23.797069],[90.335772,23.797045]]]}},{"type":"Feature","properties":{"survey":"bds","sheet":"065","dag":"32193","label_bn":"32193","area_sqm":103.0},"geometry":{"type":"Polygon","coordinates":[[[90.337466,23.799658],[90.337491,23.799548],[90.337492,23.799546],[90.337575,23.799555],[90.337573,23.79956],[90.337556,23.799607],[90.337551,23.799626],[90.337547,23.799668],[90.337466,23.799658]]]}},{"type":"Feature","properties":{"survey":"bds","sheet":"065","dag":"32286","label_bn":"32286","area_sqm":103.0},"geometry":{"type":"Polygon","coordinates":[[[90.336424,23.798088],[90.336494,23.798087],[90.336504,23.798216],[90.336429,23.798211],[90.336424,23.798088]]]}},{"type":"Feature","properties":{"survey":"bds","sheet":"065","dag":"32352","label_bn":"32352","area_sqm":103.2},"geometry":{"type":"Polygon","coordinates":[[[90.336214,23.797345],[90.336332,23.797358],[90.336415,23.797364],[90.336489,23.79737],[90.33658,23.797377],[90.336578,23.797402],[90.336548,23.7974],[90.336494,23.797396],[90.336476,23.797395],[90.336406,23.797389],[90.336373,23.797386],[90.336358,23.797384],[90.336323,23.797381],[90.336219,23.797372],[90.336214,23.797345]]]}},{"type":"Feature","properties":{"survey":"bds","sheet":"065","dag":"32068","label_bn":"32068","area_sqm":103.4},"geometry":{"type":"Polygon","coordinates":[[[90.336228,23.798872],[90.3364,23.798879],[90.336397,23.798934],[90.336229,23.798924],[90.336228,23.798872]]]}},{"type":"Feature","properties":{"survey":"bds","sheet":"065","dag":"32419","label_bn":"32419","area_sqm":103.6},"geometry":{"type":"Polygon","coordinates":[[[90.338585,23.798432],[90.338629,23.798429],[90.338721,23.798426],[90.33872,23.798493],[90.338715,23.798494],[90.338586,23.798499],[90.338585,23.798433],[90.338585,23.798432]]]}},{"type":"Feature","properties":{"survey":"bds","sheet":"065","dag":"32189","label_bn":"32189","area_sqm":103.8},"geometry":{"type":"Polygon","coordinates":[[[90.337295,23.799817],[90.337301,23.799746],[90.337424,23.799763],[90.337418,23.79984],[90.337295,23.799817]]]}},{"type":"Feature","properties":{"survey":"bds","sheet":"065","dag":"32139","label_bn":"32139","area_sqm":104.0},"geometry":{"type":"Polygon","coordinates":[[[90.336833,23.799309],[90.336941,23.799308],[90.336945,23.799399],[90.336844,23.799395],[90.336833,23.799309]]]}},{"type":"Feature","properties":{"survey":"bds","sheet":"065","dag":"32114","label_bn":"32114","area_sqm":104.9},"geometry":{"type":"Polygon","coordinates":[[[90.336599,23.799289],[90.336603,23.799214],[90.336607,23.799214],[90.336712,23.799218],[90.336724,23.799298],[90.336635,23.799294],[90.336599,23.799289]]]}},{"type":"Feature","properties":{"survey":"bds","sheet":"065","dag":"32306","label_bn":"32306","area_sqm":105.0},"geometry":{"type":"Polygon","coordinates":[[[90.335689,23.797919],[90.335701,23.797843],[90.335701,23.797835],[90.335779,23.797863],[90.335823,23.797879],[90.335784,23.797945],[90.335782,23.79795],[90.335689,23.797919]]]}},{"type":"Feature","properties":{"survey":"bds","sheet":"065","dag":"32197","label_bn":"32197","area_sqm":105.0},"geometry":{"type":"Polygon","coordinates":[[[90.337307,23.79964],[90.337321,23.799527],[90.337404,23.799535],[90.337385,23.799649],[90.337307,23.79964]]]}},{"type":"Feature","properties":{"survey":"bds","sheet":"065","dag":"32022","label_bn":"32022","area_sqm":105.1},"geometry":{"type":"Polygon","coordinates":[[[90.335661,23.798662],[90.33567,23.798563],[90.335772,23.798581],[90.335767,23.798597],[90.335765,23.798608],[90.335757,23.79867],[90.335661,23.798662]]]}},{"type":"Feature","properties":{"survey":"bds","sheet":"065","dag":"32396","label_bn":"32396","area_sqm":105.3},"geometry":{"type":"Polygon","coordinates":[[[90.338388,23.798868],[90.338456,23.798851],[90.338495,23.798936],[90.338495,23.798936],[90.338502,23.798953],[90.338502,23.798953],[90.338413,23.798979],[90.338411,23.798979],[90.33841,23.798975],[90.33841,23.798971],[90.3384,23.798929],[90.338388,23.798868]]]}},{"type":"Feature","properties":{"survey":"bds","sheet":"065","dag":"32473","label_bn":"32473","area_sqm":105.5},"geometry":{"type":"Polygon","coordinates":[[[90.338683,23.79803],[90.338684,23.798029],[90.338722,23.798029],[90.338779,23.79803],[90.338808,23.798123],[90.338702,23.79812],[90.338683,23.79803]]]}},{"type":"Feature","properties":{"survey":"bds","sheet":"065","dag":"32405","label_bn":"32405","area_sqm":105.8},"geometry":{"type":"Polygon","coordinates":[[[90.338877,23.79855],[90.338905,23.798491],[90.33897,23.79849],[90.338983,23.79849],[90.338993,23.79849],[90.339012,23.798498],[90.339008,23.798507],[90.338971,23.798598],[90.338877,23.79855]]]}},{"type":"Feature","properties":{"survey":"bds","sheet":"065","dag":"32310","label_bn":"32310","area_sqm":106.1},"geometry":{"type":"Polygon","coordinates":[[[90.33581,23.797733],[90.33582,23.797633],[90.335848,23.797644],[90.335922,23.797682],[90.335886,23.797763],[90.335825,23.797748],[90.335828,23.797737],[90.33581,23.797733]]]}},{"type":"Feature","properties":{"survey":"bds","sheet":"065","dag":"32198","label_bn":"32198","area_sqm":106.8},"geometry":{"type":"Polygon","coordinates":[[[90.337321,23.799527],[90.337321,23.799511],[90.33733,23.799419],[90.337423,23.799431],[90.337404,23.799535],[90.337321,23.799527]]]}},{"type":"Feature","properties":{"survey":"bds","sheet":"065","dag":"32385","label_bn":"32385","area_sqm":107.2},"geometry":{"type":"Polygon","coordinates":[[[90.337193,23.79821],[90.33723,23.798082],[90.337302,23.798096],[90.337274,23.79821],[90.337266,23.79821],[90.337193,23.79821]]]}},{"type":"Feature","properties":{"survey":"bds","sheet":"065","dag":"32019","label_bn":"32019","area_sqm":107.8},"geometry":{"type":"Polygon","coordinates":[[[90.335638,23.799178],[90.33564,23.799055],[90.335721,23.799064],[90.335708,23.799192],[90.335638,23.799178]]]}},{"type":"Feature","properties":{"survey":"bds","sheet":"065","dag":"32390","label_bn":"32390","area_sqm":107.9},"geometry":{"type":"Polygon","coordinates":[[[90.338125,23.799156],[90.338153,23.799069],[90.338283,23.799081],[90.338286,23.799081],[90.338274,23.799095],[90.338219,23.79915],[90.338205,23.79916],[90.338125,23.799156]]]}},{"type":"Feature","properties":{"survey":"bds","sheet":"065","dag":"32249","label_bn":"32249","area_sqm":107.9},"geometry":{"type":"Polygon","coordinates":[[[90.338009,23.7993],[90.338023,23.799195],[90.338072,23.799205],[90.338102,23.799211],[90.338097,23.799224],[90.338103,23.799265],[90.338106,23.799308],[90.338107,23.799322],[90.338019,23.799304],[90.338009,23.7993]]]}},{"type":"Feature","properties":{"survey":"bds","sheet":"065","dag":"32423","label_bn":"32423","area_sqm":108.0},"geometry":{"type":"Polygon","coordinates":[[[90.338567,23.79835],[90.338707,23.79834],[90.338717,23.798406],[90.338573,23.798417],[90.338567,23.79835]]]}},{"type":"Feature","properties":{"survey":"bds","sheet":"065","dag":"32161","label_bn":"32161","area_sqm":108.1},"geometry":{"type":"Polygon","coordinates":[[[90.3369,23.798471],[90.336903,23.798415],[90.33708,23.798429],[90.33707,23.798481],[90.3369,23.798471]]]}},{"type":"Feature","properties":{"survey":"bds","sheet":"065","dag":"32140","label_bn":"32140","area_sqm":108.2},"geometry":{"type":"Polygon","coordinates":[[[90.33682,23.79922],[90.336943,23.799232],[90.336941,23.799308],[90.336833,23.799309],[90.33683,23.799287],[90.33682,23.79922]]]}},{"type":"Feature","properties":{"survey":"bds","sheet":"065","dag":"32191","label_bn":"32191","area_sqm":108.4},"geometry":{"type":"Polygon","coordinates":[[[90.337424,23.799763],[90.337431,23.79968],[90.337545,23.799696],[90.337537,23.79978],[90.337424,23.799763]]]}},{"type":"Feature","properties":{"survey":"bds","sheet":"065","dag":"32155","label_bn":"32155","area_sqm":109.1},"geometry":{"type":"Polygon","coordinates":[[[90.336756,23.798593],[90.336897,23.798598],[90.336891,23.798661],[90.336891,23.798668],[90.336757,23.798663],[90.336756,23.798593]]]}},{"type":"Feature","properties":{"survey":"bds","sheet":"065","dag":"32173","label_bn":"32173","area_sqm":109.2},"geometry":{"type":"Polygon","coordinates":[[[90.336959,23.799348],[90.336961,23.799248],[90.337052,23.799268],[90.337069,23.799272],[90.337063,23.799322],[90.337059,23.799355],[90.336959,23.799348]]]}},{"type":"Feature","properties":{"survey":"bds","sheet":"065","dag":"32175","label_bn":"32175","area_sqm":109.7},"geometry":{"type":"Polygon","coordinates":[[[90.337053,23.799411],[90.337059,23.799355],[90.337063,23.799322],[90.337172,23.799339],[90.337164,23.799424],[90.337053,23.799411]]]}},{"type":"Feature","properties":{"survey":"bds","sheet":"065","dag":"32196","label_bn":"32196","area_sqm":110.0},"geometry":{"type":"Polygon","coordinates":[[[90.337385,23.799649],[90.337404,23.799535],[90.337491,23.799548],[90.337466,23.799658],[90.337385,23.799649]]]}},{"type":"Feature","properties":{"survey":"bds","sheet":"065","dag":"32119","label_bn":"32119","area_sqm":110.5},"geometry":{"type":"Polygon","coordinates":[[[90.336393,23.799381],[90.336427,23.79938],[90.336486,23.799382],[90.336485,23.799488],[90.336394,23.799485],[90.336393,23.799381]]]}},{"type":"Feature","properties":{"survey":"bds","sheet":"065","dag":"32021","label_bn":"32021","area_sqm":110.8},"geometry":{"type":"Polygon","coordinates":[[[90.335649,23.798758],[90.335655,23.798707],[90.335661,23.798662],[90.335757,23.79867],[90.335751,23.798768],[90.335649,23.798758]]]}},{"type":"Feature","properties":{"survey":"bds","sheet":"065","dag":"32195","label_bn":"32195","area_sqm":111.0},"geometry":{"type":"Polygon","coordinates":[[[90.337404,23.799535],[90.337423,23.799431],[90.33752,23.799447],[90.337492,23.799546],[90.337491,23.799548],[90.337404,23.799535]]]}},{"type":"Feature","properties":{"survey":"bds","sheet":"065","dag":"32055","label_bn":"32055","area_sqm":111.2},"geometry":{"type":"Polygon","coordinates":[[[90.336211,23.799428],[90.336211,23.799426],[90.336215,23.799373],[90.336215,23.79937],[90.336376,23.799374],[90.336375,23.799436],[90.336375,23.799436],[90.336375,23.799436],[90.336293,23.799432],[90.336211,23.799428]]]}},{"type":"Feature","properties":{"survey":"bds","sheet":"065","dag":"32157","label_bn":"32157","area_sqm":111.4},"geometry":{"type":"Polygon","coordinates":[[[90.336898,23.79859],[90.336899,23.798526],[90.337059,23.79854],[90.337045,23.798603],[90.336898,23.79859]]]}},{"type":"Feature","properties":{"survey":"bds","sheet":"065","dag":"32025","label_bn":"32025","area_sqm":111.7},"geometry":{"type":"Polygon","coordinates":[[[90.335749,23.798793],[90.335751,23.798768],[90.335757,23.79867],[90.335765,23.798608],[90.335767,23.798597],[90.335772,23.798581],[90.335783,23.798515],[90.335784,23.798496],[90.335791,23.798458],[90.335787,23.798427],[90.335802,23.798342],[90.335805,23.798319],[90.335816,23.79824],[90.335816,23.798234],[90.335835,23.798234],[90.335834,23.798243],[90.335824,23.798321],[90.335811,23.798407],[90.33581,23.798424],[90.335809,23.798457],[90.335809,23.798461],[90.335803,23.798494],[90.335784,23.798594],[90.335775,23.798677],[90.335763,23.798769],[90.335761,23.798793],[90.335749,23.798793]]]}},{"type":"Feature","properties":{"survey":"bds","sheet":"065","dag":"32125","label_bn":"32125","area_sqm":111.9},"geometry":{"type":"Polygon","coordinates":[[[90.336374,23.799633],[90.336384,23.799577],[90.336463,23.799586],[90.336464,23.79958],[90.336564,23.799586],[90.33656,23.799639],[90.336374,23.799633]]]}},{"type":"Feature","properties":{"survey":"bds","sheet":"065","dag":"32389","label_bn":"32389","area_sqm":112.2},"geometry":{"type":"Polygon","coordinates":[[[90.338072,23.799205],[90.33808,23.799181],[90.338116,23.799084],[90.338117,23.79908],[90.33815,23.798981],[90.338163,23.798981],[90.338201,23.798866],[90.33822,23.798865],[90.338219,23.798871],[90.338215,23.798885],[90.338182,23.798983],[90.338153,23.799069],[90.338125,23.799156],[90.338102,23.799211],[90.338072,23.799205]]]}},{"type":"Feature","properties":{"survey":"bds","sheet":"065","dag":"32127","label_bn":"32127","area_sqm":113.4},"geometry":{"type":"Polygon","coordinates":[[[90.336368,23.799681],[90.336374,23.799633],[90.33656,23.799639],[90.33656,23.799642],[90.336557,23.799694],[90.336467,23.799691],[90.336368,23.799681]]]}},{"type":"Feature","properties":{"survey":"bds","sheet":"065","dag":"32434","label_bn":"32434","area_sqm":113.9},"geometry":{"type":"Polygon","coordinates":[[[90.338159,23.798275],[90.338204,23.798262],[90.338257,23.79824],[90.338267,23.798355],[90.338163,23.798359],[90.338159,23.798275]]]}},{"type":"Feature","properties":{"survey":"bds","sheet":"065","dag":"32272","label_bn":"32272","area_sqm":114.2},"geometry":{"type":"Polygon","coordinates":[[[90.336903,23.798415],[90.33691,23.798374],[90.336911,23.798355],[90.337088,23.798376],[90.337083,23.798404],[90.33708,23.798429],[90.336903,23.798415]]]}},{"type":"Feature","properties":{"survey":"bds","sheet":"065","dag":"32188","label_bn":"32188","area_sqm":114.6},"geometry":{"type":"Polygon","coordinates":[[[90.337301,23.799746],[90.337306,23.799668],[90.337431,23.79968],[90.337424,23.799763],[90.337301,23.799746]]]}},{"type":"Feature","properties":{"survey":"bds","sheet":"065","dag":"32154","label_bn":"32154","area_sqm":114.7},"geometry":{"type":"Polygon","coordinates":[[[90.336891,23.798661],[90.336897,23.798598],[90.336898,23.79859],[90.337045,23.798603],[90.337028,23.798672],[90.337027,23.798673],[90.336891,23.798661]]]}},{"type":"Feature","properties":{"survey":"bds","sheet":"065","dag":"32365","label_bn":"32365","area_sqm":115.0},"geometry":{"type":"Polygon","coordinates":[[[90.336307,23.797757],[90.336416,23.797751],[90.336431,23.79782],[90.336434,23.797839],[90.336324,23.79785],[90.336307,23.797757]]]}},{"type":"Feature","properties":{"survey":"bds","sheet":"065","dag":"32438","label_bn":"32438","area_sqm":115.3},"geometry":{"type":"Polygon","coordinates":[[[90.337991,23.798606],[90.337998,23.798515],[90.338054,23.798516],[90.33811,23.798518],[90.338106,23.798605],[90.337991,23.798606]]]}},{"type":"Feature","properties":{"survey":"bds","sheet":"065","dag":"32372","label_bn":"32372","area_sqm":115.4},"geometry":{"type":"Polygon","coordinates":[[[90.336582,23.797794],[90.336703,23.797782],[90.336718,23.797866],[90.336598,23.797876],[90.336582,23.797794]]]}},{"type":"Feature","properties":{"survey":"bds","sheet":"065","dag":"32061","label_bn":"32061","area_sqm":115.5},"geometry":{"type":"Polygon","coordinates":[[[90.336089,23.799314],[90.336089,23.79931],[90.336097,23.799201],[90.336201,23.799201],[90.336186,23.799272],[90.336176,23.799271],[90.33616,23.799314],[90.336089,23.799314]]]}},{"type":"Feature","properties":{"survey":"bds","sheet":"065","dag":"32429","label_bn":"32429","area_sqm":115.6},"geometry":{"type":"Polygon","coordinates":[[[90.33851,23.798102],[90.338538,23.798086],[90.338581,23.798071],[90.338581,23.798071],[90.338582,23.798074],[90.3386,23.798171],[90.338605,23.798207],[90.338606,23.798212],[90.33853,23.79822],[90.33851,23.798102]]]}},{"type":"Feature","properties":{"survey":"bds","sheet":"065","dag":"32413","label_bn":"32413","area_sqm":115.6},"geometry":{"type":"Polygon","coordinates":[[[90.338392,23.798763],[90.338393,23.798762],[90.338508,23.798735],[90.33851,23.798739],[90.338532,23.798792],[90.338539,23.798809],[90.338414,23.798844],[90.338392,23.798763]]]}},{"type":"Feature","properties":{"survey":"bds","sheet":"065","dag":"32171","label_bn":"32171","area_sqm":116.3},"geometry":{"type":"Polygon","coordinates":[[[90.33698,23.799046],[90.336993,23.798963],[90.337112,23.79898],[90.337094,23.799068],[90.33698,23.799046]]]}},{"type":"Feature","properties":{"survey":"bds","sheet":"065","dag":"32368","label_bn":"32368","area_sqm":116.4},"geometry":{"type":"Polygon","coordinates":[[[90.336552,23.797647],[90.336569,23.797647],[90.336575,23.797737],[90.336582,23.797794],[90.336598,23.797876],[90.336601,23.797892],[90.336647,23.79806],[90.336659,23.79813],[90.336672,23.798216],[90.336654,23.798217],[90.336636,23.798088],[90.336631,23.798063],[90.336619,23.798025],[90.336614,23.797993],[90.336601,23.797957],[90.336586,23.797898],[90.336574,23.797858],[90.336566,23.797811],[90.336555,23.797743],[90.336554,23.797723],[90.336552,23.797647]]]}},{"type":"Feature","properties":{"survey":"bds","sheet":"065","dag":"32398","label_bn":"32398","area_sqm":116.4},"geometry":{"type":"Polygon","coordinates":[[[90.338535,23.798827],[90.338619,23.798796],[90.338669,23.798873],[90.338677,23.798886],[90.338616,23.79891],[90.338581,23.798923],[90.338574,23.798909],[90.338535,23.798827]]]}},{"type":"Feature","properties":{"survey":"bds","sheet":"065","dag":"32115","label_bn":"32115","area_sqm":116.9},"geometry":{"type":"Polygon","coordinates":[[[90.336515,23.799275],[90.336529,23.799156],[90.336586,23.799159],[90.336609,23.799161],[90.336614,23.799162],[90.336607,23.799214],[90.336603,23.799214],[90.336599,23.799289],[90.336515,23.799275]]]}},{"type":"Feature","properties":{"survey":"bds","sheet":"065","dag":"32399","label_bn":"32399","area_sqm":117.2},"geometry":{"type":"Polygon","coordinates":[[[90.338619,23.798796],[90.338699,23.798759],[90.338763,23.798835],[90.338773,23.798846],[90.338708,23.798874],[90.338677,23.798886],[90.338669,23.798873],[90.338619,23.798796]]]}},{"type":"Feature","properties":{"survey":"bds","sheet":"065","dag":"32037","label_bn":"32037","area_sqm":117.8},"geometry":{"type":"Polygon","coordinates":[[[90.335775,23.798677],[90.335784,23.798594],[90.335906,23.798606],[90.335904,23.798652],[90.335903,23.798689],[90.335775,23.798677]]]}},{"type":"Feature","properties":{"survey":"bds","sheet":"065","dag":"32421","label_bn":"32421","area_sqm":117.9},"geometry":{"type":"Polygon","coordinates":[[[90.338426,23.798433],[90.338429,23.798409],[90.338468,23.798407],[90.33847,23.798342],[90.338562,23.798339],[90.338566,23.798339],[90.338567,23.79835],[90.338573,23.798417],[90.338571,23.798433],[90.338426,23.798433]]]}},{"type":"Feature","properties":{"survey":"bds","sheet":"065","dag":"32355","label_bn":"32355","area_sqm":118.0},"geometry":{"type":"Polygon","coordinates":[[[90.336396,23.797546],[90.336401,23.797474],[90.336472,23.79748],[90.336543,23.797486],[90.336539,23.797559],[90.336396,23.797546]]]}},{"type":"Feature","properties":{"survey":"bds","sheet":"065","dag":"32386","label_bn":"32386","area_sqm":119.4},"geometry":{"type":"Polygon","coordinates":[[[90.337114,23.798209],[90.337114,23.798207],[90.337156,23.798069],[90.33723,23.798082],[90.337193,23.79821],[90.337117,23.798209],[90.337114,23.798209]]]}},{"type":"Feature","properties":{"survey":"bds","sheet":"065","dag":"32057","label_bn":"32057","area_sqm":120.3},"geometry":{"type":"Polygon","coordinates":[[[90.336086,23.799366],[90.336089,23.799314],[90.33616,23.799314],[90.336176,23.799271],[90.336186,23.799272],[90.336241,23.799272],[90.336235,23.799311],[90.336233,23.799321],[90.336224,23.799342],[90.336215,23.79937],[90.336215,23.799373],[90.336147,23.799369],[90.336086,23.799366]]]}},{"type":"Feature","properties":{"survey":"bds","sheet":"065","dag":"32225","label_bn":"32225","area_sqm":120.4},"geometry":{"type":"Polygon","coordinates":[[[90.337933,23.799986],[90.337973,23.799881],[90.338047,23.799903],[90.338063,23.799908],[90.338021,23.800015],[90.337933,23.799986]]]}},{"type":"Feature","properties":{"survey":"bds","sheet":"065","dag":"32400","label_bn":"32400","area_sqm":121.2},"geometry":{"type":"Polygon","coordinates":[[[90.338699,23.798759],[90.338738,23.798737],[90.338767,23.798715],[90.338768,23.798714],[90.338856,23.798788],[90.338862,23.798793],[90.338819,23.798821],[90.338773,23.798846],[90.338773,23.798846],[90.338763,23.798835],[90.338699,23.798759]]]}},{"type":"Feature","properties":{"survey":"bds","sheet":"065","dag":"32011","label_bn":"32011","area_sqm":121.4},"geometry":{"type":"Polygon","coordinates":[[[90.335846,23.799321],[90.335885,23.799216],[90.335983,23.799257],[90.335953,23.799318],[90.33594,23.799314],[90.335916,23.799353],[90.335849,23.799322],[90.335846,23.799321]]]}},{"type":"Feature","properties":{"survey":"bds","sheet":"065","dag":"32404","label_bn":"32404","area_sqm":121.4},"geometry":{"type":"Polygon","coordinates":[[[90.338967,23.798609],[90.338971,23.798598],[90.339008,23.798507],[90.339012,23.798498],[90.339093,23.798528],[90.339081,23.798556],[90.339048,23.798636],[90.339032,23.798644],[90.339031,23.798645],[90.338967,23.798609]]]}},{"type":"Feature","properties":{"survey":"bds","sheet":"065","dag":"32069","label_bn":"32069","area_sqm":122.1},"geometry":{"type":"Polygon","coordinates":[[[90.336228,23.798872],[90.336229,23.798809],[90.336404,23.798818],[90.3364,23.798879],[90.336228,23.798872]]]}},{"type":"Feature","properties":{"survey":"bds","sheet":"065","dag":"32424","label_bn":"32424","area_sqm":122.3},"geometry":{"type":"Polygon","coordinates":[[[90.338556,23.798272],[90.338685,23.79826],[90.338707,23.79834],[90.338567,23.79835],[90.338566,23.798339],[90.338556,23.798272]]]}},{"type":"Feature","properties":{"survey":"bds","sheet":"065","dag":"32391","label_bn":"32391","area_sqm":122.6},"geometry":{"type":"Polygon","coordinates":[[[90.338153,23.799069],[90.338182,23.798983],[90.338296,23.798993],[90.338283,23.799081],[90.338153,23.799069]]]}},{"type":"Feature","properties":{"survey":"bds","sheet":"065","dag":"32349","label_bn":"32349","area_sqm":123.1},"geometry":{"type":"Polygon","coordinates":[[[90.336202,23.797263],[90.33634,23.79727],[90.336332,23.797358],[90.336214,23.797345],[90.336202,23.797263]]]}},{"type":"Feature","properties":{"survey":"bds","sheet":"065","dag":"32243","label_bn":"32243","area_sqm":123.1},"geometry":{"type":"Polygon","coordinates":[[[90.337698,23.799385],[90.337712,23.799361],[90.337818,23.799387],[90.337904,23.799408],[90.337945,23.79942],[90.337987,23.79943],[90.338111,23.79946],[90.338118,23.799486],[90.338069,23.799477],[90.337978,23.799456],[90.337884,23.799429],[90.33785,23.799421],[90.337783,23.799404],[90.337698,23.799385]]]}},{"type":"Feature","properties":{"survey":"bds","sheet":"065","dag":"32218","label_bn":"32218","area_sqm":124.0},"geometry":{"type":"Polygon","coordinates":[[[90.337668,23.799786],[90.337713,23.799677],[90.3378,23.799702],[90.337754,23.799815],[90.337686,23.799794],[90.337668,23.799786]]]}},{"type":"Feature","properties":{"survey":"bds","sheet":"065","dag":"32245","label_bn":"32245","area_sqm":124.3},"geometry":{"type":"Polygon","coordinates":[[[90.337818,23.799387],[90.337856,23.799263],[90.337935,23.799282],[90.337904,23.799408],[90.337818,23.799387]]]}},{"type":"Feature","properties":{"survey":"bds","sheet":"065","dag":"32166","label_bn":"32166","area_sqm":125.3},"geometry":{"type":"Polygon","coordinates":[[[90.337029,23.79875],[90.337043,23.798671],[90.337182,23.798692],[90.337163,23.79877],[90.337029,23.79875]]]}},{"type":"Feature","properties":{"survey":"bds","sheet":"065","dag":"32220","label_bn":"32220","area_sqm":126.1},"geometry":{"type":"Polygon","coordinates":[[[90.337647,23.799894],[90.337686,23.799794],[90.337754,23.799815],[90.337784,23.799823],[90.337743,23.799927],[90.337647,23.799894]]]}},{"type":"Feature","properties":{"survey":"bds","sheet":"065","dag":"32420","label_bn":"32420","area_sqm":126.6},"geometry":{"type":"Polygon","coordinates":[[[90.338424,23.798506],[90.338426,23.798433],[90.338571,23.798433],[90.338585,23.798432],[90.338585,23.798433],[90.338586,23.798499],[90.338424,23.798506]]]}},{"type":"Feature","properties":{"survey":"bds","sheet":"065","dag":"32044","label_bn":"32044","area_sqm":126.8},"geometry":{"type":"Polygon","coordinates":[[[90.336214,23.799837],[90.336226,23.799657],[90.336291,23.799661],[90.336291,23.799661],[90.336291,23.799661],[90.336287,23.799713],[90.336284,23.799766],[90.336283,23.799774],[90.33628,23.799826],[90.336249,23.79983],[90.336214,23.799837]]]}},{"type":"Feature","properties":{"survey":"bds","sheet":"065","dag":"32070","label_bn":"32070","area_sqm":127.2},"geometry":{"type":"Polygon","coordinates":[[[90.336229,23.798809],[90.336229,23.798747],[90.336408,23.798754],[90.336404,23.798818],[90.336229,23.798809]]]}},{"type":"Feature","properties":{"survey":"bds","sheet":"065","dag":"32392","label_bn":"32392","area_sqm":127.8},"geometry":{"type":"Polygon","coordinates":[[[90.338182,23.798983],[90.338215,23.798885],[90.338311,23.798878],[90.338296,23.798993],[90.338182,23.798983]]]}},{"type":"Feature","properties":{"survey":"bds","sheet":"065","dag":"32090","label_bn":"32090","area_sqm":127.9},"geometry":{"type":"Polygon","coordinates":[[[90.33645,23.798359],[90.336452,23.798286],[90.33648,23.798288],[90.336576,23.798292],[90.336614,23.798289],[90.336612,23.798359],[90.33645,23.798359]]]}},{"type":"Feature","properties":{"survey":"bds","sheet":"065","dag":"32226","label_bn":"32226","area_sqm":128.5},"geometry":{"type":"Polygon","coordinates":[[[90.338021,23.800015],[90.338063,23.799908],[90.3381,23.799919],[90.338156,23.799935],[90.338143,23.79997],[90.338117,23.800036],[90.338113,23.800046],[90.338021,23.800015]]]}},{"type":"Feature","properties":{"survey":"bds","sheet":"065","dag":"32296","label_bn":"32296","area_sqm":128.9},"geometry":{"type":"Polygon","coordinates":[[[90.335625,23.798114],[90.335626,23.798111],[90.335636,23.798071],[90.335645,23.798064],[90.335664,23.79799],[90.335745,23.79802],[90.335726,23.798075],[90.335712,23.798109],[90.335705,23.798143],[90.335702,23.798156],[90.335625,23.798114]]]}},{"type":"Feature","properties":{"survey":"bds","sheet":"065","dag":"32138","label_bn":"32138","area_sqm":129.2},"geometry":{"type":"Polygon","coordinates":[[[90.336729,23.799393],[90.336737,23.799283],[90.33683,23.799287],[90.336833,23.799309],[90.336844,23.799395],[90.336829,23.799397],[90.336729,23.799393]]]}},{"type":"Feature","properties":{"survey":"bds","sheet":"065","dag":"32347","label_bn":"32347","area_sqm":129.6},"geometry":{"type":"Polygon","coordinates":[[[90.336186,23.797148],[90.336265,23.797145],[90.336319,23.797142],[90.33631,23.797241],[90.336199,23.797236],[90.336186,23.797148]]]}},{"type":"Feature","properties":{"survey":"bds","sheet":"065","dag":"32216","label_bn":"32216","area_sqm":129.7},"geometry":{"type":"Polygon","coordinates":[[[90.337559,23.799867],[90.337567,23.799761],[90.337668,23.799786],[90.337686,23.799794],[90.337647,23.799894],[90.337559,23.799867]]]}},{"type":"Feature","properties":{"survey":"bds","sheet":"065","dag":"32122","label_bn":"32122","area_sqm":129.9},"geometry":{"type":"Polygon","coordinates":[[[90.336598,23.799513],[90.336617,23.799411],[90.336705,23.799441],[90.336701,23.799513],[90.336682,23.799571],[90.336598,23.799513]]]}},{"type":"Feature","properties":{"survey":"bds","sheet":"065","dag":"32244","label_bn":"32244","area_sqm":130.4},"geometry":{"type":"Polygon","coordinates":[[[90.337712,23.799361],[90.337789,23.799247],[90.337856,23.799263],[90.337818,23.799387],[90.337712,23.799361]]]}},{"type":"Feature","properties":{"survey":"bds","sheet":"065","dag":"32358","label_bn":"32358","area_sqm":131.2},"geometry":{"type":"Polygon","coordinates":[[[90.336433,23.797594],[90.336536,23.79764],[90.336552,23.797647],[90.336554,23.797723],[90.33645,23.797729],[90.336433,23.797594]]]}},{"type":"Feature","properties":{"survey":"bds","sheet":"065","dag":"32256","label_bn":"32256","area_sqm":131.9},"geometry":{"type":"Polygon","coordinates":[[[90.337776,23.799102],[90.337813,23.799008],[90.337922,23.799038],[90.337887,23.799135],[90.337776,23.799102]]]}},{"type":"Feature","properties":{"survey":"bds","sheet":"065","dag":"32233","label_bn":"32233","area_sqm":132.0},"geometry":{"type":"Polygon","coordinates":[[[90.338047,23.799603],[90.338069,23.799477],[90.338118,23.799486],[90.338119,23.799487],[90.338169,23.799636],[90.338104,23.799621],[90.338047,23.799603]]]}},{"type":"Feature","properties":{"survey":"bds","sheet":"065","dag":"32345","label_bn":"32345","area_sqm":132.6},"geometry":{"type":"Polygon","coordinates":[[[90.33634,23.797012],[90.336443,23.797008],[90.336447,23.797131],[90.336363,23.797139],[90.33634,23.797012]]]}},{"type":"Feature","properties":{"survey":"bds","sheet":"065","dag":"32328","label_bn":"32328","area_sqm":133.0},"geometry":{"type":"Polygon","coordinates":[[[90.335952,23.797229],[90.336055,23.797208],[90.336073,23.797317],[90.335965,23.797336],[90.335952,23.797229]]]}},{"type":"Feature","properties":{"survey":"bds","sheet":"065","dag":"32145","label_bn":"32145","area_sqm":133.8},"geometry":{"type":"Polygon","coordinates":[[[90.336839,23.799063],[90.336849,23.798966],[90.336973,23.798978],[90.336956,23.799075],[90.336839,23.799063]]]}},{"type":"Feature","properties":{"survey":"bds","sheet":"065","dag":"32091","label_bn":"32091","area_sqm":134.4},"geometry":{"type":"Polygon","coordinates":[[[90.336449,23.798432],[90.33645,23.798359],[90.336612,23.798359],[90.336611,23.798383],[90.33661,23.798419],[90.336611,23.79843],[90.336611,23.798433],[90.336449,23.798432]]]}},{"type":"Feature","properties":{"survey":"bds","sheet":"065","dag":"32236","label_bn":"32236","area_sqm":134.5},"geometry":{"type":"Polygon","coordinates":[[[90.337857,23.799549],[90.337884,23.799429],[90.337978,23.799456],[90.337947,23.799577],[90.337909,23.799565],[90.337857,23.799549]]]}},{"type":"Feature","properties":{"survey":"bds","sheet":"065","dag":"32323","label_bn":"32323","area_sqm":134.7},"geometry":{"type":"Polygon","coordinates":[[[90.336089,23.797428],[90.336194,23.797405],[90.336211,23.797515],[90.336106,23.797537],[90.336089,23.797428]]]}},{"type":"Feature","properties":{"survey":"bds","sheet":"065","dag":"32326","label_bn":"32326","area_sqm":134.9},"geometry":{"type":"Polygon","coordinates":[[[90.336073,23.797317],[90.336177,23.797295],[90.336194,23.797405],[90.336089,23.797428],[90.336073,23.797317]]]}},{"type":"Feature","properties":{"survey":"bds","sheet":"065","dag":"32327","label_bn":"32327","area_sqm":134.9},"geometry":{"type":"Polygon","coordinates":[[[90.336055,23.797208],[90.33616,23.797185],[90.336177,23.797295],[90.336073,23.797317],[90.336055,23.797208]]]}},{"type":"Feature","properties":{"survey":"bds","sheet":"065","dag":"32033","label_bn":"32033","area_sqm":135.4},"geometry":{"type":"Polygon","coordinates":[[[90.335784,23.798594],[90.335803,23.798494],[90.335914,23.798504],[90.33591,23.79856],[90.335906,23.798606],[90.335784,23.798594]]]}},{"type":"Feature","properties":{"survey":"bds","sheet":"065","dag":"32123","label_bn":"32123","area_sqm":135.6},"geometry":{"type":"Polygon","coordinates":[[[90.336464,23.79958],[90.33647,23.799544],[90.336482,23.799545],[90.336483,23.799497],[90.33653,23.7995],[90.336529,23.799506],[90.336598,23.799513],[90.336682,23.799571],[90.336678,23.799593],[90.336575,23.799554],[90.336564,23.799586],[90.336464,23.79958]]]}},{"type":"Feature","properties":{"survey":"bds","sheet":"065","dag":"32273","label_bn":"32273","area_sqm":135.8},"geometry":{"type":"Polygon","coordinates":[[[90.336911,23.798355],[90.336912,23.79835],[90.336924,23.798286],[90.337098,23.798312],[90.337088,23.798373],[90.337088,23.798376],[90.336911,23.798355]]]}},{"type":"Feature","properties":{"survey":"bds","sheet":"065","dag":"32309","label_bn":"32309","area_sqm":135.8},"geometry":{"type":"Polygon","coordinates":[[[90.335703,23.797593],[90.33582,23.797633],[90.33581,23.797733],[90.33578,23.797726],[90.335705,23.797706],[90.335703,23.797593]]]}},{"type":"Feature","properties":{"survey":"bds","sheet":"065","dag":"32098","label_bn":"32098","area_sqm":136.3},"geometry":{"type":"Polygon","coordinates":[[[90.336608,23.798628],[90.336741,23.798629],[90.336741,23.798718],[90.33661,23.798721],[90.336608,23.798628]]]}},{"type":"Feature","properties":{"survey":"bds","sheet":"065","dag":"32054","label_bn":"32054","area_sqm":136.8},"geometry":{"type":"Polygon","coordinates":[[[90.336196,23.799498],[90.3362,23.799481],[90.336205,23.799458],[90.336211,23.799428],[90.336293,23.799432],[90.336375,23.799436],[90.336375,23.799466],[90.336377,23.799506],[90.336196,23.799498]]]}},{"type":"Feature","properties":{"survey":"bds","sheet":"065","dag":"32341","label_bn":"32341","area_sqm":237.7},"geometry":{"type":"Polygon","coordinates":[[[90.33632,23.796878],[90.336329,23.796986],[90.336298,23.796987],[90.336249,23.796989],[90.336144,23.796994],[90.336117,23.796889],[90.336237,23.796881],[90.336283,23.796879],[90.336315,23.796878],[90.33632,23.796878]]]}},{"type":"Feature","properties":{"survey":"bds","sheet":"065","dag":"32223","label_bn":"32223","area_sqm":138.2},"geometry":{"type":"Polygon","coordinates":[[[90.337853,23.799844],[90.337896,23.799731],[90.337991,23.799758],[90.33795,23.799874],[90.337853,23.799844]]]}},{"type":"Feature","properties":{"survey":"bds","sheet":"065","dag":"32192","label_bn":"32192","area_sqm":138.7},"geometry":{"type":"Polygon","coordinates":[[[90.337136,23.799675],[90.337143,23.799641],[90.337171,23.799623],[90.337307,23.79964],[90.337385,23.799649],[90.337466,23.799658],[90.337547,23.799668],[90.337545,23.799696],[90.337431,23.79968],[90.337306,23.799668],[90.337263,23.799664],[90.337186,23.799666],[90.337168,23.799666],[90.337136,23.799675]]]}},{"type":"Feature","properties":{"survey":"bds","sheet":"065","dag":"32242","label_bn":"32242","area_sqm":138.7},"geometry":{"type":"Polygon","coordinates":[[[90.337637,23.799491],[90.337698,23.799385],[90.337783,23.799404],[90.337751,23.79952],[90.33772,23.799512],[90.337637,23.799491]]]}},{"type":"Feature","properties":{"survey":"bds","sheet":"065","dag":"32219","label_bn":"32219","area_sqm":138.9},"geometry":{"type":"Polygon","coordinates":[[[90.337754,23.799815],[90.3378,23.799702],[90.337896,23.799731],[90.337853,23.799844],[90.337834,23.799839],[90.337784,23.799823],[90.337754,23.799815]]]}},{"type":"Feature","properties":{"survey":"bds","sheet":"065","dag":"32379","label_bn":"32379","area_sqm":138.9},"geometry":{"type":"Polygon","coordinates":[[[90.336827,23.798064],[90.336828,23.798064],[90.336901,23.798061],[90.336956,23.79815],[90.336961,23.798159],[90.336959,23.798157],[90.336927,23.798179],[90.33689,23.798198],[90.336879,23.798204],[90.336862,23.798213],[90.336859,23.798213],[90.336857,23.798205],[90.336827,23.798064]]]}},{"type":"Feature","properties":{"survey":"bds","sheet":"065","dag":"32466","label_bn":"32466","area_sqm":139.0},"geometry":{"type":"Polygon","coordinates":[[[90.337982,23.797887],[90.337993,23.797793],[90.338122,23.797799],[90.338122,23.797887],[90.337982,23.797888],[90.337982,23.797887]]]}},{"type":"Feature","properties":{"survey":"bds","sheet":"065","dag":"32439","label_bn":"32439","area_sqm":139.7},"geometry":{"type":"Polygon","coordinates":[[[90.337998,23.798515],[90.338,23.79845],[90.338004,23.798405],[90.338116,23.798408],[90.33811,23.798518],[90.338054,23.798516],[90.337998,23.798515]]]}},{"type":"Feature","properties":{"survey":"bds","sheet":"065","dag":"32237","label_bn":"32237","area_sqm":140.3},"geometry":{"type":"Polygon","coordinates":[[[90.337774,23.799667],[90.33782,23.799538],[90.337857,23.799549],[90.337909,23.799565],[90.33786,23.799692],[90.337774,23.799667]]]}},{"type":"Feature","properties":{"survey":"bds","sheet":"065","dag":"32460","label_bn":"32460","area_sqm":140.9},"geometry":{"type":"Polygon","coordinates":[[[90.337839,23.797974],[90.337983,23.797984],[90.337983,23.798029],[90.337983,23.798031],[90.337983,23.798071],[90.337843,23.798063],[90.337839,23.797974]]]}},{"type":"Feature","properties":{"survey":"bds","sheet":"065","dag":"32261","label_bn":"32261","area_sqm":141.0},"geometry":{"type":"Polygon","coordinates":[[[90.337498,23.79902],[90.337523,23.798947],[90.337658,23.798985],[90.337629,23.799079],[90.337536,23.799037],[90.337498,23.79902]]]}},{"type":"Feature","properties":{"survey":"bds","sheet":"065","dag":"32224","label_bn":"32224","area_sqm":141.4},"geometry":{"type":"Polygon","coordinates":[[[90.33795,23.799874],[90.337991,23.799758],[90.338088,23.799786],[90.338088,23.799787],[90.338047,23.799903],[90.337973,23.799881],[90.33795,23.799874]]]}},{"type":"Feature","properties":{"survey":"bds","sheet":"065","dag":"32234","label_bn":"32234","area_sqm":141.5},"geometry":{"type":"Polygon","coordinates":[[[90.337947,23.799577],[90.337978,23.799456],[90.338069,23.799477],[90.338047,23.799603],[90.338005,23.799592],[90.337947,23.799577]]]}},{"type":"Feature","properties":{"survey":"bds","sheet":"065","dag":"32324","label_bn":"32324","area_sqm":141.6},"geometry":{"type":"Polygon","coordinates":[[[90.335982,23.797452],[90.336089,23.797428],[90.336106,23.797537],[90.336,23.797569],[90.335982,23.797452]]]}},{"type":"Feature","properties":{"survey":"bds","sheet":"065","dag":"32346","label_bn":"32346","area_sqm":142.2},"geometry":{"type":"Polygon","coordinates":[[[90.33631,23.797241],[90.336319,23.797142],[90.33632,23.797142],[90.336363,23.797139],[90.336447,23.797131],[90.33644,23.797168],[90.336425,23.797241],[90.33631,23.797241]]]}},{"type":"Feature","properties":{"survey":"bds","sheet":"065","dag":"32325","label_bn":"32325","area_sqm":142.3},"geometry":{"type":"Polygon","coordinates":[[[90.335965,23.797336],[90.336073,23.797317],[90.336089,23.797428],[90.335982,23.797452],[90.335965,23.797336]]]}},{"type":"Feature","properties":{"survey":"bds","sheet":"065","dag":"32251","label_bn":"32251","area_sqm":142.4},"geometry":{"type":"Polygon","coordinates":[[[90.337629,23.799079],[90.337646,23.799063],[90.33771,23.799083],[90.337776,23.799102],[90.337887,23.799135],[90.337922,23.799038],[90.337938,23.799041],[90.337901,23.79914],[90.337998,23.799163],[90.33808,23.799181],[90.338072,23.799205],[90.338023,23.799195],[90.337846,23.799155],[90.337823,23.799139],[90.337722,23.799107],[90.337629,23.799079]]]}},{"type":"Feature","properties":{"survey":"bds","sheet":"065","dag":"32163","label_bn":"32163","area_sqm":143.5},"geometry":{"type":"Polygon","coordinates":[[[90.337043,23.798671],[90.337055,23.798628],[90.337067,23.798586],[90.337209,23.798605],[90.337182,23.798692],[90.337043,23.798671]]]}},{"type":"Feature","properties":{"survey":"bds","sheet":"065","dag":"32275","label_bn":"32275","area_sqm":143.7},"geometry":{"type":"Polygon","coordinates":[[[90.336818,23.798372],[90.33682,23.798256],[90.336821,23.798245],[90.33686,23.798246],[90.336916,23.798248],[90.336931,23.798249],[90.336925,23.798282],[90.336924,23.798286],[90.336912,23.79835],[90.336911,23.798355],[90.33691,23.798374],[90.336818,23.798372]]]}},{"type":"Feature","properties":{"survey":"bds","sheet":"065","dag":"32178","label_bn":"32178","area_sqm":143.7},"geometry":{"type":"Polygon","coordinates":[[[90.336974,23.799499],[90.337057,23.7995],[90.337058,23.799501],[90.337062,23.799657],[90.336984,23.799654],[90.336974,23.799499]]]}},{"type":"Feature","properties":{"survey":"bds","sheet":"065","dag":"32463","label_bn":"32463","area_sqm":144.4},"geometry":{"type":"Polygon","coordinates":[[[90.337982,23.797888],[90.338122,23.797887],[90.338122,23.797888],[90.338121,23.797902],[90.338121,23.797976],[90.337983,23.797982],[90.337982,23.797891],[90.337982,23.797888]]]}},{"type":"Feature","properties":{"survey":"bds","sheet":"065","dag":"32134","label_bn":"32134","area_sqm":144.5},"geometry":{"type":"Polygon","coordinates":[[[90.336717,23.799513],[90.336718,23.799498],[90.336846,23.799511],[90.33685,23.799527],[90.336851,23.799659],[90.336826,23.799661],[90.336717,23.799513]]]}},{"type":"Feature","properties":{"survey":"bds","sheet":"065","dag":"32164","label_bn":"32164","area_sqm":145.8},"geometry":{"type":"Polygon","coordinates":[[[90.337182,23.798692],[90.337209,23.798605],[90.337212,23.798605],[90.33726,23.798619],[90.337275,23.798623],[90.337347,23.79864],[90.337333,23.798695],[90.337324,23.798725],[90.337182,23.798692]]]}},{"type":"Feature","properties":{"survey":"bds","sheet":"065","dag":"32050","label_bn":"32050","area_sqm":146.0},"geometry":{"type":"Polygon","coordinates":[[[90.336184,23.799563],[90.33619,23.799538],[90.336191,23.799532],[90.336196,23.799498],[90.336377,23.799506],[90.336369,23.79958],[90.336184,23.799563]]]}},{"type":"Feature","properties":{"survey":"bds","sheet":"065","dag":"32459","label_bn":"32459","area_sqm":146.2},"geometry":{"type":"Polygon","coordinates":[[[90.337843,23.798063],[90.337983,23.798071],[90.337983,23.798073],[90.337983,23.798076],[90.337983,23.798077],[90.337983,23.798085],[90.337988,23.79816],[90.337847,23.798158],[90.337843,23.798063]]]}},{"type":"Feature","properties":{"survey":"bds","sheet":"065","dag":"32456","label_bn":"32456","area_sqm":146.4},"geometry":{"type":"Polygon","coordinates":[[[90.337847,23.798158],[90.337988,23.79816],[90.337991,23.79822],[90.337993,23.798251],[90.337971,23.798252],[90.337931,23.798253],[90.337903,23.798252],[90.337891,23.79825],[90.337851,23.798243],[90.33785,23.798217],[90.337847,23.798158]]]}},{"type":"Feature","properties":{"survey":"bds","sheet":"065","dag":"32205","label_bn":"32205","area_sqm":146.5},"geometry":{"type":"Polygon","coordinates":[[[90.337484,23.799299],[90.337504,23.799302],[90.337514,23.799304],[90.33751,23.799321],[90.337664,23.799388],[90.337632,23.79944],[90.337504,23.799417],[90.337484,23.799299]]]}},{"type":"Feature","properties":{"survey":"bds","sheet":"065","dag":"32448","label_bn":"32448","area_sqm":146.6},"geometry":{"type":"Polygon","coordinates":[[[90.337638,23.79796],[90.337668,23.797962],[90.33781,23.797961],[90.337812,23.798039],[90.337762,23.798041],[90.337653,23.798036],[90.337646,23.798019],[90.337638,23.79796]]]}},{"type":"Feature","properties":{"survey":"bds","sheet":"065","dag":"32238","label_bn":"32238","area_sqm":147.0},"geometry":{"type":"Polygon","coordinates":[[[90.337751,23.79952],[90.337783,23.799404],[90.33785,23.799421],[90.337884,23.799429],[90.337857,23.799549],[90.33782,23.799538],[90.337751,23.79952]]]}},{"type":"Feature","properties":{"survey":"bds","sheet":"065","dag":"32319","label_bn":"32319","area_sqm":147.0},"geometry":{"type":"Polygon","coordinates":[[[90.335791,23.797263],[90.33592,23.797236],[90.335935,23.797331],[90.335803,23.797359],[90.335791,23.797263]]]}},{"type":"Feature","properties":{"survey":"bds","sheet":"065","dag":"32130","label_bn":"32130","area_sqm":116.9},"geometry":{"type":"Polygon","coordinates":[[[90.336458,23.799809],[90.336459,23.799807],[90.336461,23.799758],[90.336467,23.799691],[90.336557,23.799694],[90.336542,23.79981],[90.336458,23.799809]]]}},{"type":"Feature","properties":{"survey":"bds","sheet":"065","dag":"32464","label_bn":"32464","area_sqm":147.3},"geometry":{"type":"Polygon","coordinates":[[[90.337839,23.79789],[90.337982,23.797887],[90.337982,23.797887],[90.337982,23.797888],[90.337982,23.797891],[90.337983,23.797982],[90.337983,23.797984],[90.337839,23.797974],[90.337839,23.79789]]]}},{"type":"Feature","properties":{"survey":"bds","sheet":"065","dag":"32320","label_bn":"32320","area_sqm":147.5},"geometry":{"type":"Polygon","coordinates":[[[90.33592,23.797236],[90.335952,23.797229],[90.335965,23.797336],[90.335982,23.797452],[90.336,23.797569],[90.336018,23.797685],[90.335987,23.797686],[90.335968,23.797528],[90.33595,23.797429],[90.335935,23.797331],[90.33592,23.797236]]]}},{"type":"Feature","properties":{"survey":"bds","sheet":"065","dag":"32179","label_bn":"32179","area_sqm":147.6},"geometry":{"type":"Polygon","coordinates":[[[90.337058,23.7995],[90.337153,23.799505],[90.337144,23.799614],[90.337143,23.799641],[90.337097,23.799657],[90.337062,23.799657],[90.337058,23.799501],[90.337058,23.7995]]]}},{"type":"Feature","properties":{"survey":"bds","sheet":"065","dag":"32143","label_bn":"32143","area_sqm":148.0},"geometry":{"type":"Polygon","coordinates":[[[90.33682,23.79922],[90.336834,23.799117],[90.336955,23.799122],[90.336943,23.799232],[90.33682,23.79922]]]}},{"type":"Feature","properties":{"survey":"bds","sheet":"065","dag":"32307","label_bn":"32307","area_sqm":148.3},"geometry":{"type":"Polygon","coordinates":[[[90.335695,23.79775],[90.335706,23.797716],[90.335809,23.797744],[90.335825,23.797748],[90.335797,23.797823],[90.335779,23.797863],[90.335701,23.797835],[90.335696,23.797833],[90.335695,23.7978],[90.335698,23.797762],[90.335698,23.797759],[90.335695,23.79775]]]}},{"type":"Feature","properties":{"survey":"bds","sheet":"065","dag":"32432","label_bn":"32432","area_sqm":148.5},"geometry":{"type":"Polygon","coordinates":[[[90.338302,23.798509],[90.338304,23.798407],[90.338304,23.798405],[90.338304,23.798404],[90.338427,23.798403],[90.338429,23.798409],[90.338426,23.798433],[90.338424,23.798506],[90.338424,23.798511],[90.338302,23.798509]]]}},{"type":"Feature","properties":{"survey":"bds","sheet":"065","dag":"32401","label_bn":"32401","area_sqm":148.5},"geometry":{"type":"Polygon","coordinates":[[[90.338768,23.798714],[90.338829,23.798647],[90.338854,23.798662],[90.338904,23.7987],[90.338926,23.798718],[90.338944,23.798738],[90.33894,23.798742],[90.338936,23.798746],[90.338862,23.798793],[90.338856,23.798788],[90.338768,23.798714]]]}},{"type":"Feature","properties":{"survey":"bds","sheet":"065","dag":"32329","label_bn":"32329","area_sqm":149.0},"geometry":{"type":"Polygon","coordinates":[[[90.335655,23.797265],[90.33573,23.797249],[90.335909,23.797212],[90.33598,23.797198],[90.33598,23.797198],[90.336068,23.797178],[90.336157,23.797159],[90.33616,23.797185],[90.336055,23.797208],[90.335952,23.797229],[90.33592,23.797236],[90.335791,23.797263],[90.335721,23.797278],[90.335656,23.797291],[90.335655,23.797265]]]}},{"type":"Feature","properties":{"survey":"bds","sheet":"065","dag":"32170","label_bn":"32170","area_sqm":149.2},"geometry":{"type":"Polygon","coordinates":[[[90.336993,23.798963],[90.337012,23.798855],[90.337137,23.798877],[90.337112,23.79898],[90.336993,23.798963]]]}},{"type":"Feature","properties":{"survey":"bds","sheet":"065","dag":"32153","label_bn":"32153","area_sqm":149.4},"geometry":{"type":"Polygon","coordinates":[[[90.336883,23.798727],[90.336891,23.798668],[90.336891,23.798661],[90.337027,23.798673],[90.337028,23.798672],[90.337007,23.798769],[90.336886,23.798762],[90.336883,23.798727]]]}},{"type":"Feature","properties":{"survey":"bds","sheet":"065","dag":"32177","label_bn":"32177","area_sqm":150.5},"geometry":{"type":"Polygon","coordinates":[[[90.336959,23.799348],[90.337059,23.799355],[90.337053,23.799411],[90.337058,23.7995],[90.337057,23.7995],[90.336974,23.799499],[90.336959,23.799348]]]}},{"type":"Feature","properties":{"survey":"bds","sheet":"065","dag":"32410","label_bn":"32410","area_sqm":150.7},"geometry":{"type":"Polygon","coordinates":[[[90.338659,23.798652],[90.338733,23.798564],[90.338818,23.798633],[90.338755,23.798703],[90.338723,23.798728],[90.338659,23.798652]]]}},{"type":"Feature","properties":{"survey":"bds","sheet":"065","dag":"32063","label_bn":"32063","area_sqm":151.1},"geometry":{"type":"Polygon","coordinates":[[[90.336101,23.799091],[90.336106,23.798983],[90.336229,23.798984],[90.336229,23.799038],[90.336228,23.799089],[90.336101,23.799091]]]}},{"type":"Feature","properties":{"survey":"bds","sheet":"065","dag":"32451","label_bn":"32451","area_sqm":151.6},"geometry":{"type":"Polygon","coordinates":[[[90.337668,23.797962],[90.337669,23.797956],[90.33767,23.79794],[90.337672,23.797916],[90.337675,23.797893],[90.337677,23.797869],[90.337678,23.797859],[90.33781,23.797869],[90.33781,23.797961],[90.337668,23.797962]]]}},{"type":"Feature","properties":{"survey":"bds","sheet":"065","dag":"32137","label_bn":"32137","area_sqm":151.7},"geometry":{"type":"Polygon","coordinates":[[[90.336718,23.799498],[90.336729,23.799393],[90.336829,23.799397],[90.336844,23.799395],[90.336846,23.799511],[90.336718,23.799498]]]}},{"type":"Feature","properties":{"survey":"bds","sheet":"065","dag":"32315","label_bn":"32315","area_sqm":152.5},"geometry":{"type":"Polygon","coordinates":[[[90.335803,23.797359],[90.335935,23.797331],[90.33595,23.797429],[90.335819,23.797458],[90.335803,23.797359]]]}},{"type":"Feature","properties":{"survey":"bds","sheet":"065","dag":"32100","label_bn":"32100","area_sqm":152.5},"geometry":{"type":"Polygon","coordinates":[[[90.336422,23.798823],[90.336427,23.798749],[90.336607,23.798743],[90.336606,23.798818],[90.336527,23.798819],[90.336513,23.798819],[90.336422,23.798823],[90.336422,23.798823]]]}},{"type":"Feature","properties":{"survey":"bds","sheet":"065","dag":"32403","label_bn":"32403","area_sqm":152.7},"geometry":{"type":"Polygon","coordinates":[[[90.338847,23.798625],[90.338888,23.798567],[90.338967,23.798609],[90.339031,23.798645],[90.339013,23.798668],[90.338971,23.798712],[90.338964,23.798718],[90.338963,23.798719],[90.338901,23.79867],[90.338847,23.798625]]]}},{"type":"Feature","properties":{"survey":"bds","sheet":"065","dag":"32142","label_bn":"32142","area_sqm":152.9},"geometry":{"type":"Polygon","coordinates":[[[90.336717,23.799165],[90.336733,23.799079],[90.336831,23.799094],[90.336836,23.799095],[90.336834,23.799117],[90.33682,23.79922],[90.336727,23.79921],[90.336717,23.799165]]]}},{"type":"Feature","properties":{"survey":"bds","sheet":"065","dag":"32180","label_bn":"32180","area_sqm":153.0},"geometry":{"type":"Polygon","coordinates":[[[90.336678,23.799818],[90.336756,23.799714],[90.336791,23.799668],[90.336826,23.799661],[90.336851,23.799659],[90.336961,23.799654],[90.336984,23.799654],[90.337062,23.799657],[90.337097,23.799657],[90.337143,23.799641],[90.337136,23.799675],[90.337104,23.799684],[90.337034,23.799684],[90.337004,23.799682],[90.336906,23.799684],[90.336877,23.799686],[90.3368,23.799692],[90.336697,23.799825],[90.336678,23.799818]]]}},{"type":"Feature","properties":{"survey":"bds","sheet":"065","dag":"32314","label_bn":"32314","area_sqm":153.1},"geometry":{"type":"Polygon","coordinates":[[[90.335819,23.797458],[90.33595,23.797429],[90.335968,23.797528],[90.335835,23.797556],[90.335819,23.797458]]]}},{"type":"Feature","properties":{"survey":"bds","sheet":"065","dag":"32096","label_bn":"32096","area_sqm":153.3},"geometry":{"type":"Polygon","coordinates":[[[90.336432,23.798634],[90.33644,23.798554],[90.336609,23.79855],[90.336608,23.798555],[90.336608,23.798628],[90.336432,23.798634]]]}},{"type":"Feature","properties":{"survey":"bds","sheet":"065","dag":"32359","label_bn":"32359","area_sqm":153.5},"geometry":{"type":"Polygon","coordinates":[[[90.336341,23.797549],[90.336393,23.797575],[90.336433,23.797594],[90.33645,23.797729],[90.336402,23.797732],[90.336366,23.797734],[90.336341,23.797549]]]}},{"type":"Feature","properties":{"survey":"bds","sheet":"065","dag":"32445","label_bn":"32445","area_sqm":154.0},"geometry":{"type":"Polygon","coordinates":[[[90.33767,23.798132],[90.337816,23.798127],[90.33782,23.798215],[90.337821,23.798225],[90.337692,23.798231],[90.337686,23.7982],[90.33768,23.798169],[90.33767,23.798132]]]}},{"type":"Feature","properties":{"survey":"bds","sheet":"065","dag":"32235","label_bn":"32235","area_sqm":154.1},"geometry":{"type":"Polygon","coordinates":[[[90.33786,23.799692],[90.337909,23.799565],[90.337947,23.799577],[90.338005,23.799592],[90.337955,23.799721],[90.33786,23.799692]]]}},{"type":"Feature","properties":{"survey":"bds","sheet":"065","dag":"32316","label_bn":"32316","area_sqm":154.1},"geometry":{"type":"Polygon","coordinates":[[[90.335671,23.797387],[90.335737,23.797373],[90.335803,23.797359],[90.335819,23.797458],[90.335686,23.797487],[90.335671,23.797387]]]}},{"type":"Feature","properties":{"survey":"bds","sheet":"065","dag":"32136","label_bn":"32136","area_sqm":154.1},"geometry":{"type":"Polygon","coordinates":[[[90.336844,23.799395],[90.336945,23.799399],[90.336953,23.79953],[90.33685,23.799527],[90.336846,23.799511],[90.336844,23.799395]]]}},{"type":"Feature","properties":{"survey":"bds","sheet":"065","dag":"32135","label_bn":"32135","area_sqm":154.7},"geometry":{"type":"Polygon","coordinates":[[[90.33685,23.799527],[90.336953,23.79953],[90.336961,23.799654],[90.336851,23.799659],[90.33685,23.799527]]]}},{"type":"Feature","properties":{"survey":"bds","sheet":"065","dag":"32097","label_bn":"32097","area_sqm":154.7},"geometry":{"type":"Polygon","coordinates":[[[90.336608,23.798628],[90.336608,23.798555],[90.336609,23.79855],[90.336609,23.798528],[90.336737,23.79852],[90.336741,23.798629],[90.336608,23.798628]]]}},{"type":"Feature","properties":{"survey":"bds","sheet":"065","dag":"32004","label_bn":"32004","area_sqm":155.2},"geometry":{"type":"Polygon","coordinates":[[[90.336008,23.799626],[90.335979,23.799693],[90.335794,23.79965],[90.335825,23.799582],[90.336008,23.799626]]]}},{"type":"Feature","properties":{"survey":"bds","sheet":"065","dag":"32465","label_bn":"32465","area_sqm":155.4},"geometry":{"type":"Polygon","coordinates":[[[90.337839,23.79789],[90.337845,23.797794],[90.337993,23.797793],[90.337982,23.797887],[90.337982,23.797887],[90.337839,23.79789]]]}},{"type":"Feature","properties":{"survey":"bds","sheet":"065","dag":"32062","label_bn":"32062","area_sqm":155.9},"geometry":{"type":"Polygon","coordinates":[[[90.336097,23.799201],[90.336101,23.799091],[90.336228,23.799089],[90.336226,23.799144],[90.336221,23.799179],[90.336201,23.799201],[90.336097,23.799201]]]}},{"type":"Feature","properties":{"survey":"bds","sheet":"065","dag":"32156","label_bn":"32156","area_sqm":156.6},"geometry":{"type":"Polygon","coordinates":[[[90.336753,23.798497],[90.336899,23.798503],[90.336899,23.798526],[90.336898,23.79859],[90.336897,23.798598],[90.336756,23.798593],[90.336753,23.798497]]]}},{"type":"Feature","properties":{"survey":"bds","sheet":"065","dag":"32455","label_bn":"32455","area_sqm":156.7},"geometry":{"type":"Polygon","coordinates":[[[90.33781,23.797961],[90.33781,23.797869],[90.33781,23.797849],[90.33782,23.797766],[90.337852,23.797765],[90.337845,23.797794],[90.337839,23.79789],[90.337839,23.797974],[90.337843,23.798063],[90.337847,23.798158],[90.33785,23.798217],[90.337851,23.798243],[90.337821,23.798225],[90.33782,23.798215],[90.337816,23.798127],[90.337814,23.798084],[90.337812,23.798039],[90.33781,23.797961]]]}},{"type":"Feature","properties":{"survey":"bds","sheet":"065","dag":"32384","label_bn":"32384","area_sqm":157.0},"geometry":{"type":"Polygon","coordinates":[[[90.337156,23.798069],[90.337161,23.798055],[90.337186,23.797975],[90.337322,23.798002],[90.337302,23.798096],[90.33723,23.798082],[90.337156,23.798069]]]}},{"type":"Feature","properties":{"survey":"bds","sheet":"065","dag":"32257","label_bn":"32257","area_sqm":157.4},"geometry":{"type":"Polygon","coordinates":[[[90.337646,23.799063],[90.337678,23.798968],[90.337813,23.799008],[90.337776,23.799102],[90.33771,23.799083],[90.337646,23.799063]]]}},{"type":"Feature","properties":{"survey":"bds","sheet":"065","dag":"32363","label_bn":"32363","area_sqm":157.4},"geometry":{"type":"Polygon","coordinates":[[[90.336166,23.797827],[90.336302,23.797826],[90.33632,23.797922],[90.336177,23.797929],[90.336166,23.797827]]]}},{"type":"Feature","properties":{"survey":"bds","sheet":"065","dag":"32407","label_bn":"32407","area_sqm":158.3},"geometry":{"type":"Polygon","coordinates":[[[90.338751,23.798552],[90.338761,23.798474],[90.338761,23.798471],[90.338905,23.798491],[90.338877,23.79855],[90.33887,23.798564],[90.338832,23.798617],[90.338751,23.798552]]]}},{"type":"Feature","properties":{"survey":"bds","sheet":"065","dag":"32016","label_bn":"32016","area_sqm":159.1},"geometry":{"type":"Polygon","coordinates":[[[90.335748,23.798987],[90.335764,23.798871],[90.335765,23.798861],[90.335877,23.798859],[90.33587,23.798904],[90.335861,23.798985],[90.335748,23.798987]]]}},{"type":"Feature","properties":{"survey":"bds","sheet":"065","dag":"32217","label_bn":"32217","area_sqm":159.6},"geometry":{"type":"Polygon","coordinates":[[[90.337567,23.799761],[90.33758,23.799643],[90.337713,23.799677],[90.337668,23.799786],[90.337567,23.799761]]]}},{"type":"Feature","properties":{"survey":"bds","sheet":"065","dag":"32255","label_bn":"32255","area_sqm":160.5},"geometry":{"type":"Polygon","coordinates":[[[90.337813,23.799008],[90.337847,23.798906],[90.337976,23.798941],[90.337938,23.799041],[90.337922,23.799038],[90.337813,23.799008]]]}},{"type":"Feature","properties":{"survey":"bds","sheet":"065","dag":"32165","label_bn":"32165","area_sqm":161.2},"geometry":{"type":"Polygon","coordinates":[[[90.337158,23.798791],[90.337163,23.79877],[90.337182,23.798692],[90.337324,23.798725],[90.33731,23.798768],[90.337291,23.79882],[90.337158,23.798791]]]}},{"type":"Feature","properties":{"survey":"bds","sheet":"065","dag":"32239","label_bn":"32239","area_sqm":161.3},"geometry":{"type":"Polygon","coordinates":[[[90.337673,23.79964],[90.337695,23.799579],[90.33772,23.799512],[90.337751,23.79952],[90.33782,23.799538],[90.337774,23.799667],[90.337673,23.79964]]]}},{"type":"Feature","properties":{"survey":"bds","sheet":"065","dag":"32041","label_bn":"32041","area_sqm":162.2},"geometry":{"type":"Polygon","coordinates":[[[90.336011,23.799721],[90.336127,23.799739],[90.336127,23.799742],[90.336101,23.799851],[90.336009,23.799862],[90.336006,23.799826],[90.335995,23.799719],[90.336011,23.799721]]]}},{"type":"Feature","properties":{"survey":"bds","sheet":"065","dag":"32406","label_bn":"32406","area_sqm":162.6},"geometry":{"type":"Polygon","coordinates":[[[90.338215,23.798885],[90.338219,23.798871],[90.338414,23.798844],[90.338539,23.798809],[90.338637,23.79877],[90.338723,23.798728],[90.338755,23.798703],[90.338818,23.798633],[90.338832,23.798617],[90.33887,23.798564],[90.338877,23.79855],[90.338971,23.798598],[90.338967,23.798609],[90.338888,23.798567],[90.338847,23.798625],[90.338829,23.798647],[90.338768,23.798714],[90.338767,23.798715],[90.338738,23.798737],[90.338699,23.798759],[90.338619,23.798796],[90.338535,23.798827],[90.338456,23.798851],[90.338388,23.798868],[90.338388,23.798868],[90.33835,23.798875],[90.338331,23.798879],[90.338311,23.798878],[90.338215,23.798885]]]}},{"type":"Feature","properties":{"survey":"bds","sheet":"065","dag":"32248","label_bn":"32248","area_sqm":162.6},"geometry":{"type":"Polygon","coordinates":[[[90.337987,23.79943],[90.338019,23.799304],[90.338107,23.799322],[90.338111,23.799459],[90.338111,23.79946],[90.337987,23.79943]]]}},{"type":"Feature","properties":{"survey":"bds","sheet":"065","dag":"32377","label_bn":"32377","area_sqm":163.1},"geometry":{"type":"Polygon","coordinates":[[[90.336647,23.79806],[90.336736,23.798052],[90.336762,23.798215],[90.336672,23.798216],[90.336659,23.79813],[90.336647,23.79806]]]}},{"type":"Feature","properties":{"survey":"bds","sheet":"065","dag":"32378","label_bn":"32378","area_sqm":163.3},"geometry":{"type":"Polygon","coordinates":[[[90.336736,23.798052],[90.336775,23.798049],[90.336779,23.798066],[90.336827,23.798064],[90.336857,23.798205],[90.336859,23.798213],[90.336821,23.798214],[90.336762,23.798215],[90.336736,23.798052]]]}},{"type":"Feature","properties":{"survey":"bds","sheet":"065","dag":"32079","label_bn":"32079","area_sqm":164.7},"geometry":{"type":"Polygon","coordinates":[[[90.336085,23.798272],[90.33615,23.798276],[90.336219,23.798279],[90.336237,23.79828],[90.336237,23.798333],[90.336237,23.798372],[90.336087,23.798374],[90.336085,23.798272]]]}},{"type":"Feature","properties":{"survey":"bds","sheet":"065","dag":"32112","label_bn":"32112","area_sqm":166.1},"geometry":{"type":"Polygon","coordinates":[[[90.336586,23.799159],[90.336592,23.799065],[90.336596,23.799036],[90.336719,23.799051],[90.336716,23.799077],[90.336703,23.799166],[90.336614,23.799162],[90.336609,23.799161],[90.336586,23.799159]]]}},{"type":"Feature","properties":{"survey":"bds","sheet":"065","dag":"32291","label_bn":"32291","area_sqm":166.3},"geometry":{"type":"Polygon","coordinates":[[[90.336088,23.797978],[90.336166,23.797988],[90.336152,23.798129],[90.336151,23.798199],[90.336091,23.798203],[90.336088,23.797978]]]}},{"type":"Feature","properties":{"survey":"bds","sheet":"065","dag":"32321","label_bn":"32321","area_sqm":167.0},"geometry":{"type":"Polygon","coordinates":[[[90.336,23.797569],[90.336106,23.797537],[90.336128,23.797688],[90.336018,23.797685],[90.336,23.797569]]]}},{"type":"Feature","properties":{"survey":"bds","sheet":"065","dag":"32322","label_bn":"32322","area_sqm":167.4},"geometry":{"type":"Polygon","coordinates":[[[90.336106,23.797537],[90.336211,23.797515],[90.336231,23.797609],[90.336152,23.797688],[90.336128,23.797688],[90.336106,23.797537]]]}},{"type":"Feature","properties":{"survey":"bds","sheet":"065","dag":"32290","label_bn":"32290","area_sqm":168.1},"geometry":{"type":"Polygon","coordinates":[[[90.336151,23.798199],[90.336152,23.798129],[90.336166,23.797988],[90.336168,23.797963],[90.33623,23.798021],[90.336224,23.7982],[90.336151,23.798199]]]}},{"type":"Feature","properties":{"survey":"bds","sheet":"065","dag":"32208","label_bn":"32208","area_sqm":168.9},"geometry":{"type":"Polygon","coordinates":[[[90.337231,23.799137],[90.337232,23.799134],[90.337243,23.799088],[90.337254,23.799049],[90.337254,23.799046],[90.337257,23.799037],[90.337406,23.799075],[90.337398,23.79908],[90.337376,23.799169],[90.337231,23.799137]]]}},{"type":"Feature","properties":{"survey":"bds","sheet":"065","dag":"32258","label_bn":"32258","area_sqm":170.3},"geometry":{"type":"Polygon","coordinates":[[[90.337678,23.798968],[90.33771,23.798868],[90.337847,23.798906],[90.337813,23.799008],[90.337678,23.798968]]]}},{"type":"Feature","properties":{"survey":"bds","sheet":"065","dag":"32232","label_bn":"32232","area_sqm":172.3},"geometry":{"type":"Polygon","coordinates":[[[90.337955,23.799721],[90.338005,23.799592],[90.338047,23.799603],[90.338104,23.799621],[90.33809,23.799671],[90.338065,23.799754],[90.337955,23.799721]]]}},{"type":"Feature","properties":{"survey":"bds","sheet":"065","dag":"32107","label_bn":"32107","area_sqm":172.6},"geometry":{"type":"Polygon","coordinates":[[[90.336409,23.799068],[90.33641,23.798988],[90.33653,23.798984],[90.336601,23.798981],[90.336597,23.799028],[90.336596,23.799036],[90.336592,23.799065],[90.336533,23.799065],[90.33649,23.799066],[90.336451,23.799067],[90.336409,23.799068]]]}},{"type":"Feature","properties":{"survey":"bds","sheet":"065","dag":"32043","label_bn":"32043","area_sqm":173.6},"geometry":{"type":"Polygon","coordinates":[[[90.336101,23.799851],[90.336127,23.799742],[90.336157,23.799747],[90.336173,23.799657],[90.336226,23.799657],[90.336226,23.799657],[90.336214,23.799837],[90.336101,23.799851]]]}},{"type":"Feature","properties":{"survey":"bds","sheet":"065","dag":"32470","label_bn":"32470","area_sqm":255.3},"geometry":{"type":"Polygon","coordinates":[[[90.338732,23.797836],[90.338759,23.797838],[90.338763,23.797889],[90.338763,23.79789],[90.338733,23.797913],[90.338708,23.797931],[90.338667,23.797961],[90.338586,23.797992],[90.338583,23.797975],[90.338562,23.797826],[90.338732,23.797836]]]}},{"type":"Feature","properties":{"survey":"bds","sheet":"065","dag":"32267","label_bn":"32267","area_sqm":174.3},"geometry":{"type":"Polygon","coordinates":[[[90.33726,23.798619],[90.337305,23.798457],[90.337388,23.798474],[90.337391,23.798478],[90.33739,23.798494],[90.337347,23.79864],[90.337275,23.798623],[90.33726,23.798619]]]}},{"type":"Feature","properties":{"survey":"bds","sheet":"065","dag":"32331","label_bn":"32331","area_sqm":174.4},"geometry":{"type":"Polygon","coordinates":[[[90.33571,23.797168],[90.335782,23.797151],[90.335854,23.797137],[90.335888,23.797132],[90.335909,23.797212],[90.33573,23.797249],[90.33571,23.797168]]]}},{"type":"Feature","properties":{"survey":"bds","sheet":"065","dag":"32183","label_bn":"32183","area_sqm":175.6},"geometry":{"type":"Polygon","coordinates":[[[90.336878,23.799823],[90.336906,23.799684],[90.337004,23.799682],[90.336998,23.799828],[90.336878,23.799823]]]}},{"type":"Feature","properties":{"survey":"bds","sheet":"065","dag":"32049","label_bn":"32049","area_sqm":176.8},"geometry":{"type":"Polygon","coordinates":[[[90.336173,23.799653],[90.33618,23.799595],[90.33618,23.799593],[90.336184,23.799563],[90.336369,23.79958],[90.33636,23.799624],[90.336356,23.799662],[90.336291,23.799657],[90.336291,23.799657],[90.336291,23.799657],[90.336227,23.799653],[90.336173,23.799653]]]}},{"type":"Feature","properties":{"survey":"bds","sheet":"065","dag":"32181","label_bn":"32181","area_sqm":177.2},"geometry":{"type":"Polygon","coordinates":[[[90.336697,23.799825],[90.3368,23.799692],[90.336877,23.799686],[90.336847,23.79983],[90.336777,23.799828],[90.336697,23.799825]]]}},{"type":"Feature","properties":{"survey":"bds","sheet":"065","dag":"32035","label_bn":"32035","area_sqm":177.3},"geometry":{"type":"Polygon","coordinates":[[[90.335904,23.798652],[90.335906,23.798606],[90.33591,23.79856],[90.336076,23.79856],[90.336078,23.798652],[90.335904,23.798652]]]}},{"type":"Feature","properties":{"survey":"bds","sheet":"065","dag":"32440","label_bn":"32440","area_sqm":177.4},"geometry":{"type":"Polygon","coordinates":[[[90.338004,23.798301],[90.338149,23.798277],[90.33815,23.79836],[90.33812,23.798361],[90.338116,23.798408],[90.338004,23.798405],[90.338004,23.798301]]]}},{"type":"Feature","properties":{"survey":"bds","sheet":"065","dag":"32418","label_bn":"32418","area_sqm":177.9},"geometry":{"type":"Polygon","coordinates":[[[90.338236,23.79863],[90.338241,23.79854],[90.338242,23.798508],[90.338302,23.798509],[90.338424,23.798511],[90.338424,23.798506],[90.338586,23.798499],[90.338715,23.798494],[90.33872,23.798493],[90.338719,23.798519],[90.338701,23.79852],[90.338509,23.798532],[90.338379,23.798537],[90.338267,23.798535],[90.338264,23.798635],[90.338236,23.79863]]]}},{"type":"Feature","properties":{"survey":"bds","sheet":"065","dag":"32351","label_bn":"32351","area_sqm":179.5},"geometry":{"type":"Polygon","coordinates":[[[90.336415,23.797364],[90.336425,23.797271],[90.336615,23.797297],[90.33658,23.797377],[90.336489,23.79737],[90.336415,23.797364]]]}},{"type":"Feature","properties":{"survey":"bds","sheet":"065","dag":"32474","label_bn":"32474","area_sqm":180.3},"geometry":{"type":"Polygon","coordinates":[[[90.338702,23.79812],[90.338808,23.798123],[90.338852,23.798266],[90.338727,23.798256],[90.338722,23.798228],[90.338702,23.79812]]]}},{"type":"Feature","properties":{"survey":"bds","sheet":"065","dag":"32036","label_bn":"32036","area_sqm":181.4},"geometry":{"type":"Polygon","coordinates":[[[90.335895,23.798742],[90.335903,23.798689],[90.335904,23.798652],[90.336078,23.798652],[90.336081,23.798742],[90.335895,23.798742]]]}},{"type":"Feature","properties":{"survey":"bds","sheet":"065","dag":"32146","label_bn":"32146","area_sqm":181.4},"geometry":{"type":"Polygon","coordinates":[[[90.336733,23.799079],[90.336738,23.79905],[90.336753,23.798922],[90.336855,23.798937],[90.336849,23.798966],[90.336839,23.799063],[90.336834,23.799062],[90.336831,23.799094],[90.336733,23.799079]]]}},{"type":"Feature","properties":{"survey":"bds","sheet":"065","dag":"32222","label_bn":"32222","area_sqm":181.8},"geometry":{"type":"Polygon","coordinates":[[[90.337796,23.79994],[90.337834,23.799839],[90.337853,23.799844],[90.33795,23.799874],[90.337973,23.799881],[90.337933,23.799986],[90.337931,23.799986],[90.337796,23.79994]]]}},{"type":"Feature","properties":{"survey":"bds","sheet":"065","dag":"32360","label_bn":"32360","area_sqm":182.4},"geometry":{"type":"Polygon","coordinates":[[[90.336245,23.797596],[90.336252,23.79759],[90.336341,23.797549],[90.336366,23.797734],[90.336277,23.797739],[90.336245,23.797596]]]}},{"type":"Feature","properties":{"survey":"bds","sheet":"065","dag":"32006","label_bn":"32006","area_sqm":182.5},"geometry":{"type":"Polygon","coordinates":[[[90.335825,23.799582],[90.335866,23.7995],[90.336018,23.799535],[90.336012,23.799556],[90.336035,23.799561],[90.336008,23.799626],[90.335825,23.799582]]]}},{"type":"Feature","properties":{"survey":"bds","sheet":"065","dag":"32414","label_bn":"32414","area_sqm":183.8},"geometry":{"type":"Polygon","coordinates":[[[90.338219,23.798871],[90.33822,23.798865],[90.338236,23.798768],[90.338392,23.798763],[90.338414,23.798844],[90.338219,23.798871]]]}},{"type":"Feature","properties":{"survey":"bds","sheet":"065","dag":"32150","label_bn":"32150","area_sqm":184.1},"geometry":{"type":"Polygon","coordinates":[[[90.336754,23.798853],[90.336756,23.798725],[90.336883,23.798727],[90.336886,23.798762],[90.336875,23.798855],[90.336872,23.798855],[90.336754,23.798853]]]}},{"type":"Feature","properties":{"survey":"bds","sheet":"065","dag":"32229","label_bn":"32229","area_sqm":188.7},"geometry":{"type":"Polygon","coordinates":[[[90.33758,23.799643],[90.337583,23.799616],[90.337673,23.79964],[90.337774,23.799667],[90.33786,23.799692],[90.337955,23.799721],[90.338065,23.799754],[90.338166,23.799783],[90.338166,23.799783],[90.338206,23.799793],[90.338204,23.799806],[90.338201,23.799818],[90.338201,23.799819],[90.338144,23.799802],[90.338103,23.799791],[90.338088,23.799786],[90.337991,23.799758],[90.337896,23.799731],[90.3378,23.799702],[90.337713,23.799677],[90.33758,23.799643]]]}},{"type":"Feature","properties":{"survey":"bds","sheet":"065","dag":"32210","label_bn":"32210","area_sqm":175.1},"geometry":{"type":"Polygon","coordinates":[[[90.337587,23.799142],[90.337541,23.799204],[90.337376,23.799169],[90.337398,23.79908],[90.337402,23.799077],[90.3375,23.799111],[90.337587,23.799142]]]}},{"type":"Feature","properties":{"survey":"bds","sheet":"065","dag":"32436","label_bn":"32436","area_sqm":189.5},"geometry":{"type":"Polygon","coordinates":[[[90.338108,23.798704],[90.338114,23.798608],[90.338114,23.798606],[90.338236,23.79863],[90.338264,23.798635],[90.338236,23.798768],[90.338172,23.798735],[90.338108,23.798704]]]}},{"type":"Feature","properties":{"survey":"bds","sheet":"065","dag":"32214","label_bn":"32214","area_sqm":190.0},"geometry":{"type":"Polygon","coordinates":[[[90.337541,23.799204],[90.337587,23.799142],[90.337688,23.799179],[90.337782,23.799206],[90.337778,23.799212],[90.337758,23.799241],[90.337727,23.799288],[90.337667,23.799257],[90.337549,23.799207],[90.337541,23.799204]]]}},{"type":"Feature","properties":{"survey":"bds","sheet":"065","dag":"32034","label_bn":"32034","area_sqm":190.2},"geometry":{"type":"Polygon","coordinates":[[[90.33591,23.79856],[90.335914,23.798504],[90.335912,23.798469],[90.335911,23.798461],[90.336072,23.798452],[90.336076,23.79856],[90.33591,23.79856]]]}},{"type":"Feature","properties":{"survey":"bds","sheet":"065","dag":"32370","label_bn":"32370","area_sqm":190.3},"geometry":{"type":"Polygon","coordinates":[[[90.336566,23.797607],[90.336668,23.797602],[90.336684,23.797601],[90.336697,23.7976],[90.336699,23.797624],[90.336704,23.797726],[90.336696,23.797728],[90.336575,23.797737],[90.336569,23.797647],[90.336566,23.797607]]]}},{"type":"Feature","properties":{"survey":"bds","sheet":"065","dag":"32076","label_bn":"32076","area_sqm":190.4},"geometry":{"type":"Polygon","coordinates":[[[90.336087,23.798374],[90.336237,23.798372],[90.336236,23.798379],[90.336234,23.79842],[90.33623,23.798486],[90.33609,23.798492],[90.336087,23.798374]]]}},{"type":"Feature","properties":{"survey":"bds","sheet":"065","dag":"32075","label_bn":"32075","area_sqm":190.5},"geometry":{"type":"Polygon","coordinates":[[[90.33609,23.798492],[90.33623,23.798486],[90.336227,23.798524],[90.336227,23.798609],[90.336093,23.798616],[90.33609,23.798492]]]}},{"type":"Feature","properties":{"survey":"bds","sheet":"065","dag":"32071","label_bn":"32071","area_sqm":190.8},"geometry":{"type":"Polygon","coordinates":[[[90.336098,23.798745],[90.336228,23.798741],[90.336229,23.798747],[90.336229,23.798809],[90.336228,23.798872],[90.336103,23.798878],[90.336098,23.798745]]]}},{"type":"Feature","properties":{"survey":"bds","sheet":"065","dag":"32073","label_bn":"32073","area_sqm":194.6},"geometry":{"type":"Polygon","coordinates":[[[90.336228,23.798741],[90.336228,23.798655],[90.336414,23.798659],[90.336408,23.798754],[90.336229,23.798747],[90.336228,23.798741]]]}},{"type":"Feature","properties":{"survey":"bds","sheet":"065","dag":"32064","label_bn":"32064","area_sqm":195.2},"geometry":{"type":"Polygon","coordinates":[[[90.336226,23.799144],[90.336228,23.799089],[90.336229,23.799038],[90.336394,23.799045],[90.336393,23.799148],[90.336373,23.799147],[90.336278,23.799144],[90.336226,23.799144]]]}},{"type":"Feature","properties":{"survey":"bds","sheet":"065","dag":"32072","label_bn":"32072","area_sqm":196.9},"geometry":{"type":"Polygon","coordinates":[[[90.336093,23.798616],[90.336227,23.798609],[90.336228,23.798655],[90.336228,23.798741],[90.336098,23.798745],[90.336093,23.798616]]]}},{"type":"Feature","properties":{"survey":"bds","sheet":"065","dag":"32187","label_bn":"32187","area_sqm":174.8},"geometry":{"type":"Polygon","coordinates":[[[90.337186,23.799666],[90.337263,23.799664],[90.337306,23.799668],[90.337301,23.799746],[90.337295,23.799817],[90.337201,23.799801],[90.337186,23.799666]]]}},{"type":"Feature","properties":{"survey":"bds","sheet":"065","dag":"32312","label_bn":"32312","area_sqm":200.2},"geometry":{"type":"Polygon","coordinates":[[[90.335835,23.797556],[90.335968,23.797528],[90.335987,23.797686],[90.335922,23.797682],[90.335848,23.797644],[90.335835,23.797556]]]}},{"type":"Feature","properties":{"survey":"bds","sheet":"065","dag":"32002","label_bn":"32002","area_sqm":205.9},"geometry":{"type":"Polygon","coordinates":[[[90.33579,23.79977],[90.335786,23.799769],[90.33566,23.799749],[90.33566,23.799751],[90.33563,23.799747],[90.335668,23.799614],[90.335788,23.799648],[90.33579,23.79977]]]}},{"type":"Feature","properties":{"survey":"bds","sheet":"065","dag":"32259","label_bn":"32259","area_sqm":206.4},"geometry":{"type":"Polygon","coordinates":[[[90.337523,23.798947],[90.337529,23.798922],[90.337541,23.798881],[90.337557,23.798885],[90.337576,23.798834],[90.33771,23.798868],[90.337678,23.798968],[90.337665,23.798964],[90.337658,23.798985],[90.337523,23.798947]]]}},{"type":"Feature","properties":{"survey":"bds","sheet":"065","dag":"32058","label_bn":"32058","area_sqm":209.2},"geometry":{"type":"Polygon","coordinates":[[[90.336215,23.79937],[90.336224,23.799342],[90.336233,23.799321],[90.336235,23.799311],[90.336241,23.799272],[90.336371,23.799272],[90.336393,23.799272],[90.336418,23.799271],[90.336414,23.799368],[90.336376,23.799368],[90.336376,23.799374],[90.336215,23.79937]]]}},{"type":"Feature","properties":{"survey":"bds","sheet":"065","dag":"32381","label_bn":"32381","area_sqm":210.7},"geometry":{"type":"Polygon","coordinates":[[[90.336901,23.798061],[90.336942,23.798042],[90.337001,23.797916],[90.337008,23.797923],[90.337016,23.798023],[90.337027,23.798155],[90.337031,23.798201],[90.337031,23.798202],[90.337031,23.79821],[90.336994,23.798211],[90.336961,23.798159],[90.337001,23.798183],[90.336996,23.798183],[90.337,23.798186],[90.336996,23.798183],[90.337001,23.798183],[90.337015,23.798191],[90.337029,23.7982],[90.337015,23.798191],[90.337001,23.798183],[90.337006,23.798183],[90.337002,23.798179],[90.337006,23.798183],[90.337001,23.798183],[90.336961,23.798159],[90.336956,23.79815],[90.336901,23.798061]]]}},{"type":"Feature","properties":{"survey":"bds","sheet":"065","dag":"32065","label_bn":"32065","area_sqm":211.9},"geometry":{"type":"Polygon","coordinates":[[[90.336229,23.799038],[90.336229,23.798984],[90.336229,23.798924],[90.336397,23.798934],[90.336394,23.798994],[90.336394,23.799045],[90.336229,23.799038]]]}},{"type":"Feature","properties":{"survey":"bds","sheet":"065","dag":"32160","label_bn":"32160","area_sqm":217.3},"geometry":{"type":"Polygon","coordinates":[[[90.336751,23.798374],[90.336818,23.798372],[90.33691,23.798374],[90.336903,23.798415],[90.3369,23.798471],[90.336899,23.798498],[90.336899,23.798503],[90.336753,23.798497],[90.336751,23.798374]]]}},{"type":"Feature","properties":{"survey":"bds","sheet":"065","dag":"32001","label_bn":"32001","area_sqm":218.2},"geometry":{"type":"Polygon","coordinates":[[[90.335786,23.799769],[90.33579,23.79977],[90.335792,23.79985],[90.335796,23.79985],[90.335783,23.799884],[90.335651,23.799866],[90.335625,23.79986],[90.335626,23.799761],[90.33563,23.799747],[90.33566,23.799751],[90.33566,23.799749],[90.335786,23.799769]]]}},{"type":"Feature","properties":{"survey":"bds","sheet":"065","dag":"32095","label_bn":"32095","area_sqm":223.8},"geometry":{"type":"Polygon","coordinates":[[[90.33644,23.798554],[90.336449,23.798432],[90.336611,23.798433],[90.336609,23.798497],[90.336609,23.798528],[90.336609,23.79855],[90.33644,23.798554]]]}},{"type":"Feature","properties":{"survey":"bds","sheet":"065","dag":"32209","label_bn":"32209","area_sqm":240.1},"geometry":{"type":"Polygon","coordinates":[[[90.337498,23.79902],[90.337536,23.799037],[90.337504,23.799104],[90.3375,23.799111],[90.337402,23.799077],[90.337406,23.799075],[90.337257,23.799037],[90.337276,23.798964],[90.337391,23.798991],[90.337392,23.798986],[90.337498,23.79902]]]}},{"type":"Feature","properties":{"survey":"bds","sheet":"065","dag":"32313","label_bn":"32313","area_sqm":226.5},"geometry":{"type":"Polygon","coordinates":[[[90.335686,23.797487],[90.335819,23.797458],[90.335835,23.797556],[90.335848,23.797644],[90.33582,23.797633],[90.335703,23.797593],[90.335686,23.797487]]]}},{"type":"Feature","properties":{"survey":"bds","sheet":"065","dag":"32289","label_bn":"32289","area_sqm":229.4},"geometry":{"type":"Polygon","coordinates":[[[90.336168,23.797963],[90.336177,23.797929],[90.33632,23.797922],[90.336338,23.797919],[90.336339,23.79793],[90.336358,23.79793],[90.336362,23.798071],[90.336354,23.798069],[90.33628,23.79805],[90.33623,23.798021],[90.336168,23.797963]]]}},{"type":"Feature","properties":{"survey":"bds","sheet":"065","dag":"32149","label_bn":"32149","area_sqm":230.1},"geometry":{"type":"Polygon","coordinates":[[[90.336858,23.798925],[90.336875,23.798855],[90.336886,23.798762],[90.337007,23.798769],[90.336992,23.798873],[90.33699,23.798886],[90.33698,23.798939],[90.336858,23.798925]]]}},{"type":"Feature","properties":{"survey":"bds","sheet":"065","dag":"32077","label_bn":"32077","area_sqm":230.4},"geometry":{"type":"Polygon","coordinates":[[[90.336227,23.798524],[90.33623,23.798486],[90.336234,23.79842],[90.336432,23.79842],[90.336425,23.798522],[90.336227,23.798524]]]}},{"type":"Feature","properties":{"survey":"bds","sheet":"065","dag":"32099","label_bn":"32099","area_sqm":234.1},"geometry":{"type":"Polygon","coordinates":[[[90.336427,23.798749],[90.336432,23.798634],[90.336608,23.798628],[90.33661,23.798721],[90.336607,23.798743],[90.336427,23.798749]]]}},{"type":"Feature","properties":{"survey":"bds","sheet":"065","dag":"32014","label_bn":"32014","area_sqm":235.1},"geometry":{"type":"Polygon","coordinates":[[[90.335853,23.799085],[90.335859,23.798997],[90.33609,23.799009],[90.336084,23.7991],[90.335853,23.799085]]]}},{"type":"Feature","properties":{"survey":"bds","sheet":"065","dag":"32340","label_bn":"32340","area_sqm":235.7},"geometry":{"type":"Polygon","coordinates":[[[90.336088,23.796889],[90.336117,23.796889],[90.336144,23.796994],[90.33615,23.79702],[90.336172,23.7971],[90.336186,23.797148],[90.336199,23.797236],[90.336202,23.797263],[90.336214,23.797345],[90.336219,23.797372],[90.336242,23.797546],[90.336252,23.79759],[90.336245,23.797596],[90.336231,23.797609],[90.336211,23.797515],[90.336194,23.797405],[90.336177,23.797295],[90.33616,23.797185],[90.336157,23.797159],[90.336156,23.797154],[90.336135,23.797076],[90.336115,23.796997],[90.336108,23.796971],[90.336108,23.796971],[90.336108,23.796971],[90.336107,23.796968],[90.336088,23.796889]]]}},{"type":"Feature","properties":{"survey":"bds","sheet":"065","dag":"32254","label_bn":"32254","area_sqm":235.8},"geometry":{"type":"Polygon","coordinates":[[[90.337901,23.79914],[90.337938,23.799041],[90.337976,23.798941],[90.33807,23.798961],[90.338035,23.799059],[90.337998,23.799163],[90.337901,23.79914]]]}},{"type":"Feature","properties":{"survey":"bds","sheet":"065","dag":"32015","label_bn":"32015","area_sqm":236.4},"geometry":{"type":"Polygon","coordinates":[[[90.335859,23.798997],[90.335861,23.798985],[90.33587,23.798904],[90.336089,23.798916],[90.33609,23.799009],[90.335859,23.798997]]]}},{"type":"Feature","properties":{"survey":"bds","sheet":"065","dag":"32361","label_bn":"32361","area_sqm":236.8},"geometry":{"type":"Polygon","coordinates":[[[90.336152,23.797688],[90.336231,23.797609],[90.336245,23.797596],[90.336277,23.797739],[90.336298,23.797815],[90.336165,23.797816],[90.336152,23.797688]]]}},{"type":"Feature","properties":{"survey":"bds","sheet":"065","dag":"32151","label_bn":"32151","area_sqm":237.3},"geometry":{"type":"Polygon","coordinates":[[[90.336678,23.799593],[90.336682,23.799571],[90.336701,23.799513],[90.336705,23.799441],[90.336724,23.799298],[90.336712,23.799218],[90.336703,23.799166],[90.336716,23.799077],[90.336719,23.799051],[90.336733,23.798988],[90.336736,23.79893],[90.336737,23.79889],[90.336741,23.798718],[90.336741,23.798629],[90.336737,23.79852],[90.336737,23.798489],[90.336736,23.798419],[90.336735,23.798374],[90.336733,23.798276],[90.336732,23.798258],[90.336732,23.798254],[90.336747,23.798251],[90.336747,23.798255],[90.336748,23.798273],[90.336751,23.798374],[90.336753,23.798497],[90.336756,23.798593],[90.336757,23.798663],[90.336756,23.798725],[90.336754,23.798853],[90.336753,23.798921],[90.336753,23.798922],[90.336738,23.79905],[90.336733,23.799079],[90.336717,23.799165],[90.336727,23.79921],[90.336737,23.799283],[90.336729,23.799393],[90.336718,23.799498],[90.336717,23.799513],[90.33669,23.799584],[90.336689,23.799588],[90.336687,23.799594],[90.336678,23.799593]]]}},{"type":"Feature","properties":{"survey":"bds","sheet":"065","dag":"32287","label_bn":"32287","area_sqm":239.4},"geometry":{"type":"Polygon","coordinates":[[[90.336271,23.798205],[90.33628,23.79805],[90.336354,23.798069],[90.336362,23.798071],[90.336424,23.798088],[90.336429,23.798211],[90.336425,23.798211],[90.336271,23.798205]]]}},{"type":"Feature","properties":{"survey":"bds","sheet":"065","dag":"32250","label_bn":"32250","area_sqm":240.6},"geometry":{"type":"Polygon","coordinates":[[[90.337789,23.799247],[90.337846,23.799155],[90.338023,23.799195],[90.338009,23.7993],[90.337977,23.799293],[90.337935,23.799282],[90.337856,23.799263],[90.337789,23.799247]]]}},{"type":"Feature","properties":{"survey":"bds","sheet":"065","dag":"32009","label_bn":"32009","area_sqm":240.8},"geometry":{"type":"Polygon","coordinates":[[[90.335726,23.799452],[90.335737,23.799423],[90.335757,23.799368],[90.335778,23.799312],[90.335845,23.799324],[90.335914,23.799357],[90.335891,23.799406],[90.335849,23.799495],[90.335726,23.799452]]]}},{"type":"Feature","properties":{"survey":"bds","sheet":"065","dag":"32172","label_bn":"32172","area_sqm":240.8},"geometry":{"type":"Polygon","coordinates":[[[90.336961,23.799248],[90.33698,23.799046],[90.337094,23.799068],[90.337081,23.799131],[90.337052,23.799268],[90.336961,23.799248]]]}},{"type":"Feature","properties":{"survey":"bds","sheet":"065","dag":"32409","label_bn":"32409","area_sqm":241.3},"geometry":{"type":"Polygon","coordinates":[[[90.338653,23.798057],[90.338675,23.798031],[90.338681,23.798023],[90.338683,23.79803],[90.338702,23.79812],[90.338722,23.798228],[90.338727,23.798256],[90.338755,23.79841],[90.338761,23.798471],[90.338761,23.798474],[90.338751,23.798552],[90.338832,23.798617],[90.338818,23.798633],[90.338733,23.798564],[90.338719,23.798553],[90.338719,23.798519],[90.33872,23.798493],[90.338721,23.798426],[90.338717,23.798406],[90.338707,23.79834],[90.338685,23.79826],[90.33869,23.798248],[90.338673,23.798164],[90.338653,23.79806],[90.338653,23.798057]]]}},{"type":"Feature","properties":{"survey":"bds","sheet":"065","dag":"32060","label_bn":"32060","area_sqm":242.8},"geometry":{"type":"Polygon","coordinates":[[[90.336186,23.799272],[90.336201,23.799201],[90.336221,23.799179],[90.336226,23.799144],[90.336278,23.799144],[90.336373,23.799147],[90.336393,23.799148],[90.336393,23.799157],[90.336372,23.799157],[90.336371,23.799272],[90.336241,23.799272],[90.336186,23.799272]]]}},{"type":"Feature","properties":{"survey":"bds","sheet":"065","dag":"32042","label_bn":"32042","area_sqm":246.9},"geometry":{"type":"Polygon","coordinates":[[[90.336008,23.799695],[90.336058,23.799582],[90.33606,23.799572],[90.33618,23.799593],[90.33618,23.799595],[90.336173,23.799653],[90.336173,23.799657],[90.336157,23.799747],[90.336127,23.799742],[90.336127,23.799739],[90.336011,23.799721],[90.336008,23.799695]]]}},{"type":"Feature","properties":{"survey":"bds","sheet":"065","dag":"32038","label_bn":"32038","area_sqm":248.6},"geometry":{"type":"Polygon","coordinates":[[[90.335761,23.798793],[90.335763,23.798769],[90.335775,23.798677],[90.335903,23.798689],[90.335895,23.798742],[90.335877,23.798859],[90.335765,23.798861],[90.335769,23.798793],[90.335761,23.798793]]]}},{"type":"Feature","properties":{"survey":"bds","sheet":"065","dag":"32367","label_bn":"32367","area_sqm":248.9},"geometry":{"type":"Polygon","coordinates":[[[90.336416,23.797751],[90.336555,23.797743],[90.336566,23.797811],[90.336574,23.797858],[90.336586,23.797898],[90.336479,23.79791],[90.336476,23.79791],[90.336446,23.797912],[90.336434,23.797839],[90.336431,23.79782],[90.336416,23.797751]]]}},{"type":"Feature","properties":{"survey":"bds","sheet":"065","dag":"32285","label_bn":"32285","area_sqm":249.0},"geometry":{"type":"Polygon","coordinates":[[[90.336338,23.797919],[90.336358,23.797918],[90.336446,23.797912],[90.336476,23.79791],[90.336479,23.79791],[90.336486,23.79797],[90.336493,23.798041],[90.336494,23.798087],[90.336424,23.798088],[90.336362,23.798071],[90.336358,23.79793],[90.336339,23.79793],[90.336338,23.797919]]]}},{"type":"Feature","properties":{"survey":"bds","sheet":"065","dag":"32444","label_bn":"32444","area_sqm":250.2},"geometry":{"type":"Polygon","coordinates":[[[90.337541,23.798234],[90.337565,23.798126],[90.337587,23.79803],[90.337587,23.79803],[90.337589,23.79803],[90.337646,23.798019],[90.337653,23.798036],[90.337661,23.798084],[90.33767,23.798132],[90.33768,23.798169],[90.337686,23.7982],[90.337692,23.798231],[90.337541,23.798234]]]}},{"type":"Feature","properties":{"survey":"bds","sheet":"065","dag":"32206","label_bn":"32206","area_sqm":254.0},"geometry":{"type":"Polygon","coordinates":[[[90.33751,23.799321],[90.337514,23.799304],[90.337541,23.799204],[90.337549,23.799207],[90.337667,23.799257],[90.337727,23.799288],[90.337664,23.799388],[90.33751,23.799321]]]}},{"type":"Feature","properties":{"survey":"bds","sheet":"065","dag":"32265","label_bn":"32265","area_sqm":254.2},"geometry":{"type":"Polygon","coordinates":[[[90.337276,23.798964],[90.337277,23.798959],[90.33728,23.798949],[90.337306,23.798856],[90.337327,23.798785],[90.337336,23.798788],[90.337442,23.798807],[90.337433,23.798851],[90.337412,23.79892],[90.337392,23.798986],[90.337391,23.798991],[90.337276,23.798964]]]}},{"type":"Feature","properties":{"survey":"bds","sheet":"065","dag":"32215","label_bn":"32215","area_sqm":257.8},"geometry":{"type":"Polygon","coordinates":[[[90.337529,23.799859],[90.337537,23.79978],[90.337545,23.799696],[90.337547,23.799668],[90.337551,23.799626],[90.337556,23.799607],[90.337573,23.79956],[90.337575,23.799555],[90.337595,23.799509],[90.337617,23.799464],[90.337632,23.79944],[90.337664,23.799388],[90.337727,23.799288],[90.337758,23.799241],[90.337778,23.799212],[90.337782,23.799206],[90.337823,23.799139],[90.337846,23.799155],[90.337789,23.799247],[90.337712,23.799361],[90.337698,23.799385],[90.337637,23.799491],[90.337615,23.799539],[90.337609,23.799553],[90.337583,23.799616],[90.33758,23.799643],[90.337567,23.799761],[90.337559,23.799867],[90.337529,23.799859]]]}},{"type":"Feature","properties":{"survey":"bds","sheet":"065","dag":"32103","label_bn":"32103","area_sqm":258.0},"geometry":{"type":"Polygon","coordinates":[[[90.336606,23.798893],[90.336606,23.798818],[90.336607,23.798743],[90.33661,23.798721],[90.336741,23.798718],[90.336737,23.79889],[90.336606,23.798893]]]}},{"type":"Feature","properties":{"survey":"bds","sheet":"065","dag":"32162","label_bn":"32162","area_sqm":263.6},"geometry":{"type":"Polygon","coordinates":[[[90.336941,23.799308],[90.336943,23.799232],[90.336955,23.799122],[90.336956,23.799075],[90.336973,23.798978],[90.336973,23.798975],[90.33698,23.798939],[90.33699,23.798886],[90.336992,23.798873],[90.337007,23.798769],[90.337028,23.798672],[90.337045,23.798603],[90.337059,23.79854],[90.337065,23.798508],[90.33707,23.798481],[90.33708,23.798429],[90.337083,23.798404],[90.337102,23.798407],[90.3371,23.798417],[90.337098,23.798436],[90.337067,23.798586],[90.337055,23.798628],[90.337043,23.798671],[90.337029,23.79875],[90.337018,23.798805],[90.337012,23.798855],[90.336993,23.798963],[90.33698,23.799046],[90.336961,23.799248],[90.336959,23.799348],[90.336974,23.799499],[90.336984,23.799654],[90.336961,23.799654],[90.336953,23.79953],[90.336945,23.799399],[90.336941,23.799308]]]}},{"type":"Feature","properties":{"survey":"bds","sheet":"065","dag":"32078","label_bn":"32078","area_sqm":264.2},"geometry":{"type":"Polygon","coordinates":[[[90.336234,23.79842],[90.336236,23.798379],[90.336269,23.798379],[90.336269,23.798333],[90.336237,23.798333],[90.336237,23.79828],[90.336335,23.798281],[90.336338,23.798315],[90.336436,23.798303],[90.336432,23.79842],[90.336234,23.79842]]]}},{"type":"Feature","properties":{"survey":"bds","sheet":"065","dag":"32005","label_bn":"32005","area_sqm":264.7},"geometry":{"type":"Polygon","coordinates":[[[90.335849,23.799495],[90.335866,23.7995],[90.335825,23.799582],[90.335794,23.79965],[90.335788,23.799648],[90.335668,23.799614],[90.3357,23.799524],[90.335726,23.799452],[90.335849,23.799495]]]}},{"type":"Feature","properties":{"survey":"bds","sheet":"065","dag":"32344","label_bn":"32344","area_sqm":270.4},"geometry":{"type":"Polygon","coordinates":[[[90.33615,23.79702],[90.336262,23.797015],[90.336302,23.797014],[90.33634,23.797012],[90.336363,23.797139],[90.33632,23.797142],[90.336319,23.797142],[90.336265,23.797145],[90.336186,23.797148],[90.336172,23.7971],[90.33615,23.79702]]]}},{"type":"Feature","properties":{"survey":"bds","sheet":"065","dag":"32335","label_bn":"32335","area_sqm":271.4},"geometry":{"type":"Polygon","coordinates":[[[90.335842,23.797055],[90.336115,23.796997],[90.336135,23.797076],[90.336051,23.797096],[90.336047,23.797097],[90.33596,23.797119],[90.33596,23.797119],[90.335888,23.797132],[90.335854,23.797137],[90.335842,23.797055]]]}},{"type":"Feature","properties":{"survey":"bds","sheet":"065","dag":"32387","label_bn":"32387","area_sqm":271.5},"geometry":{"type":"Polygon","coordinates":[[[90.336821,23.798214],[90.336859,23.798213],[90.336862,23.798213],[90.336994,23.798211],[90.337031,23.79821],[90.3371,23.798209],[90.337114,23.798209],[90.337117,23.798209],[90.337193,23.79821],[90.337266,23.79821],[90.337274,23.79821],[90.337397,23.798223],[90.337393,23.798268],[90.337316,23.798265],[90.337277,23.798264],[90.337255,23.798258],[90.337125,23.798252],[90.337106,23.798251],[90.337011,23.798247],[90.336932,23.798244],[90.336931,23.798249],[90.336916,23.798248],[90.33686,23.798246],[90.336821,23.798245],[90.336821,23.798214]]]}},{"type":"Feature","properties":{"survey":"bds","sheet":"065","dag":"32102","label_bn":"32102","area_sqm":272.1},"geometry":{"type":"Polygon","coordinates":[[[90.33641,23.798988],[90.336415,23.798929],[90.336417,23.798898],[90.336513,23.798894],[90.336513,23.798819],[90.336527,23.798819],[90.336606,23.798818],[90.336606,23.798893],[90.336604,23.798926],[90.336601,23.798981],[90.33653,23.798984],[90.33641,23.798988]]]}},{"type":"Feature","properties":{"survey":"bds","sheet":"065","dag":"32339","label_bn":"32339","area_sqm":276.3},"geometry":{"type":"Polygon","coordinates":[[[90.335827,23.79694],[90.335955,23.796909],[90.336088,23.796889],[90.336107,23.796968],[90.336108,23.796971],[90.335907,23.797014],[90.335905,23.797015],[90.335837,23.79703],[90.335827,23.79694]]]}},{"type":"Feature","properties":{"survey":"bds","sheet":"065","dag":"32458","label_bn":"32458","area_sqm":276.8},"geometry":{"type":"Polygon","coordinates":[[[90.337983,23.798076],[90.33812,23.798064],[90.33812,23.798068],[90.338122,23.798086],[90.338135,23.798202],[90.338137,23.798226],[90.33812,23.798231],[90.33808,23.798239],[90.33804,23.798247],[90.33801,23.798251],[90.337993,23.798251],[90.337991,23.79822],[90.337988,23.79816],[90.337983,23.798085],[90.337983,23.798077],[90.337983,23.798076]]]}},{"type":"Feature","properties":{"survey":"bds","sheet":"065","dag":"32017","label_bn":"32017","area_sqm":286.8},"geometry":{"type":"Polygon","coordinates":[[[90.335721,23.799194],[90.335748,23.798987],[90.335861,23.798985],[90.335859,23.798997],[90.335853,23.799085],[90.335842,23.799194],[90.335821,23.799189],[90.335813,23.799213],[90.335721,23.799194]]]}},{"type":"Feature","properties":{"survey":"bds","sheet":"065","dag":"32084","label_bn":"32084","area_sqm":292.3},"geometry":{"type":"Polygon","coordinates":[[[90.336342,23.799812],[90.336346,23.799776],[90.336346,23.799772],[90.336347,23.799768],[90.336351,23.799715],[90.336356,23.799665],[90.336356,23.799662],[90.33636,23.799624],[90.336369,23.79958],[90.336377,23.799506],[90.336375,23.799466],[90.336375,23.799436],[90.336376,23.799374],[90.336376,23.799368],[90.336414,23.799368],[90.336418,23.799271],[90.336419,23.799252],[90.336439,23.799253],[90.336446,23.799158],[90.336393,23.799157],[90.336393,23.799148],[90.336394,23.799045],[90.336394,23.798994],[90.336397,23.798934],[90.3364,23.798879],[90.336404,23.798818],[90.336408,23.798754],[90.336414,23.798659],[90.336425,23.798522],[90.336432,23.79842],[90.336436,23.798303],[90.336436,23.798284],[90.336437,23.79826],[90.336437,23.798249],[90.336453,23.79825],[90.336453,23.798261],[90.336452,23.798286],[90.33645,23.798359],[90.336449,23.798432],[90.33644,23.798554],[90.336432,23.798634],[90.336427,23.798749],[90.336422,23.798823],[90.336422,23.798823],[90.336417,23.798898],[90.336415,23.798929],[90.33641,23.798988],[90.336409,23.799068],[90.336408,23.79915],[90.336448,23.79915],[90.336453,23.799151],[90.336459,23.799151],[90.33645,23.799266],[90.336429,23.799263],[90.33643,23.799336],[90.336427,23.799375],[90.336427,23.79938],[90.336393,23.799381],[90.336394,23.799485],[90.336394,23.799493],[90.336384,23.799577],[90.336374,23.799633],[90.336368,23.799681],[90.336362,23.799747],[90.336356,23.799824],[90.336342,23.799812]]]}},{"type":"Feature","properties":{"survey":"bds","sheet":"065","dag":"32074","label_bn":"32074","area_sqm":292.5},"geometry":{"type":"Polygon","coordinates":[[[90.336227,23.798524],[90.336425,23.798522],[90.336414,23.798659],[90.336228,23.798655],[90.336227,23.798609],[90.336227,23.798524]]]}},{"type":"Feature","properties":{"survey":"bds","sheet":"065","dag":"32007","label_bn":"32007","area_sqm":295.9},"geometry":{"type":"Polygon","coordinates":[[[90.335866,23.7995],[90.335952,23.799336],[90.336058,23.799378],[90.336056,23.799457],[90.336055,23.799468],[90.336041,23.79954],[90.336038,23.799555],[90.336035,23.799561],[90.336012,23.799556],[90.336018,23.799535],[90.335866,23.7995]]]}},{"type":"Feature","properties":{"survey":"bds","sheet":"065","dag":"32169","label_bn":"32169","area_sqm":298.4},"geometry":{"type":"Polygon","coordinates":[[[90.337112,23.79898],[90.337137,23.798877],[90.337148,23.79883],[90.337158,23.798791],[90.337291,23.79882],[90.337238,23.799014],[90.337238,23.799014],[90.337231,23.799012],[90.337112,23.79898]]]}},{"type":"Feature","properties":{"survey":"bds","sheet":"065","dag":"32373","label_bn":"32373","area_sqm":301.4},"geometry":{"type":"Polygon","coordinates":[[[90.336696,23.797728],[90.336704,23.797726],[90.336699,23.797624],[90.336697,23.7976],[90.336712,23.797614],[90.33682,23.797717],[90.33684,23.797736],[90.336843,23.797751],[90.336857,23.797824],[90.336861,23.797843],[90.336718,23.797866],[90.336703,23.797782],[90.336696,23.797728]]]}},{"type":"Feature","properties":{"survey":"bds","sheet":"065","dag":"32024","label_bn":"32024","area_sqm":310.2},"geometry":{"type":"Polygon","coordinates":[[[90.335816,23.798234],[90.335816,23.79824],[90.335805,23.798319],[90.335802,23.798342],[90.335787,23.798427],[90.335791,23.798458],[90.335784,23.798496],[90.335679,23.798487],[90.335689,23.798417],[90.335704,23.798299],[90.335717,23.798224],[90.335718,23.798219],[90.335816,23.798234]]]}},{"type":"Feature","properties":{"survey":"bds","sheet":"065","dag":"32131","label_bn":"32131","area_sqm":306.2},"geometry":{"type":"Polygon","coordinates":[[[90.336542,23.799812],[90.336557,23.799694],[90.33656,23.799642],[90.33656,23.799639],[90.33667,23.799643],[90.336665,23.799672],[90.336756,23.799714],[90.336678,23.799818],[90.336542,23.799812]]]}},{"type":"Feature","properties":{"survey":"bds","sheet":"065","dag":"32417","label_bn":"32417","area_sqm":310.8},"geometry":{"type":"Polygon","coordinates":[[[90.338509,23.798532],[90.338701,23.79852],[90.338719,23.798519],[90.338719,23.798553],[90.338733,23.798564],[90.338659,23.798652],[90.338588,23.798701],[90.338593,23.798707],[90.338553,23.798721],[90.338509,23.798532]]]}},{"type":"Feature","properties":{"survey":"bds","sheet":"065","dag":"32020","label_bn":"32020","area_sqm":315.1},"geometry":{"type":"Polygon","coordinates":[[[90.33564,23.799055],[90.335642,23.798926],[90.335643,23.79885],[90.335649,23.798758],[90.335751,23.798768],[90.335749,23.798793],[90.335741,23.798867],[90.335721,23.799064],[90.33564,23.799055]]]}},{"type":"Feature","properties":{"survey":"bds","sheet":"065","dag":"32040","label_bn":"32040","area_sqm":326.3},"geometry":{"type":"Polygon","coordinates":[[[90.336089,23.79931],[90.336089,23.799314],[90.336086,23.799366],[90.336083,23.799405],[90.336084,23.799416],[90.336084,23.799438],[90.336081,23.799468],[90.336077,23.799501],[90.336072,23.799521],[90.33606,23.799572],[90.336058,23.799582],[90.336008,23.799695],[90.336011,23.799721],[90.335995,23.799719],[90.335991,23.799695],[90.335979,23.799693],[90.336008,23.799626],[90.336035,23.799561],[90.336038,23.799555],[90.336041,23.79954],[90.336055,23.799468],[90.336056,23.799457],[90.336058,23.799378],[90.336058,23.799359],[90.336067,23.799294],[90.336072,23.799296],[90.336075,23.79927],[90.33608,23.799195],[90.336084,23.7991],[90.33609,23.799009],[90.336089,23.798916],[90.336081,23.798742],[90.336078,23.798652],[90.336076,23.79856],[90.336072,23.798452],[90.336068,23.79827],[90.336067,23.798248],[90.336067,23.798245],[90.336085,23.798247],[90.336085,23.798249],[90.336085,23.798272],[90.336087,23.798374],[90.33609,23.798492],[90.336093,23.798616],[90.336098,23.798745],[90.336103,23.798878],[90.336104,23.79893],[90.336106,23.798983],[90.336101,23.799091],[90.336097,23.799201],[90.336089,23.79931]]]}},{"type":"Feature","properties":{"survey":"bds","sheet":"065","dag":"32029","label_bn":"32029","area_sqm":326.4},"geometry":{"type":"Polygon","coordinates":[[[90.335911,23.798461],[90.335915,23.798418],[90.335922,23.798332],[90.335931,23.798259],[90.335946,23.798262],[90.336068,23.79827],[90.336072,23.798452],[90.335911,23.798461]]]}},{"type":"Feature","properties":{"survey":"bds","sheet":"065","dag":"32375","label_bn":"32375","area_sqm":332.9},"geometry":{"type":"Polygon","coordinates":[[[90.336794,23.797868],[90.336794,23.797868],[90.336852,23.797858],[90.336861,23.797843],[90.337001,23.797916],[90.336942,23.798042],[90.336901,23.798061],[90.336828,23.798064],[90.336825,23.79798],[90.336794,23.797868]]]}},{"type":"Feature","properties":{"survey":"bds","sheet":"065","dag":"32415","label_bn":"32415","area_sqm":334.6},"geometry":{"type":"Polygon","coordinates":[[[90.338236,23.798768],[90.338264,23.798635],[90.338267,23.798535],[90.338379,23.798537],[90.338392,23.798763],[90.338236,23.798768]]]}},{"type":"Feature","properties":{"survey":"bds","sheet":"065","dag":"32293","label_bn":"32293","area_sqm":348.6},"geometry":{"type":"Polygon","coordinates":[[[90.335895,23.798192],[90.335896,23.798186],[90.335903,23.798126],[90.335905,23.798116],[90.335913,23.798044],[90.335924,23.797985],[90.335939,23.797904],[90.335939,23.797904],[90.335962,23.797828],[90.336041,23.797869],[90.336015,23.79796],[90.335978,23.798203],[90.335978,23.798203],[90.335895,23.798192]]]}},{"type":"Feature","properties":{"survey":"bds","sheet":"065","dag":"32416","label_bn":"32416","area_sqm":352.4},"geometry":{"type":"Polygon","coordinates":[[[90.338379,23.798537],[90.338509,23.798532],[90.338553,23.798721],[90.338508,23.798735],[90.338393,23.798762],[90.338392,23.798763],[90.338379,23.798537]]]}},{"type":"Feature","properties":{"survey":"bds","sheet":"065","dag":"32292","label_bn":"32292","area_sqm":354.2},"geometry":{"type":"Polygon","coordinates":[[[90.335978,23.798203],[90.335978,23.798203],[90.336015,23.79796],[90.336041,23.797869],[90.336168,23.797963],[90.336166,23.797988],[90.336088,23.797978],[90.336091,23.798203],[90.336033,23.798205],[90.335982,23.798204],[90.335978,23.798203]]]}},{"type":"Feature","properties":{"survey":"bds","sheet":"065","dag":"32382","label_bn":"32382","area_sqm":355.8},"geometry":{"type":"Polygon","coordinates":[[[90.337008,23.797923],[90.337013,23.797925],[90.337167,23.797968],[90.337174,23.797969],[90.337165,23.797998],[90.337145,23.798061],[90.337103,23.7982],[90.3371,23.798209],[90.337031,23.79821],[90.337031,23.798202],[90.337031,23.798201],[90.337027,23.798155],[90.337016,23.798023],[90.337008,23.797923]]]}},{"type":"Feature","properties":{"survey":"bds","sheet":"065","dag":"32356","label_bn":"32356","area_sqm":356.3},"geometry":{"type":"Polygon","coordinates":[[[90.336219,23.797372],[90.336323,23.797381],[90.336358,23.797384],[90.336373,23.797386],[90.336406,23.797389],[90.336401,23.797474],[90.336396,23.797546],[90.336393,23.797575],[90.336341,23.797549],[90.336252,23.79759],[90.336242,23.797546],[90.336219,23.797372]]]}},{"type":"Feature","properties":{"survey":"bds","sheet":"065","dag":"32199","label_bn":"32199","area_sqm":369.0},"geometry":{"type":"Polygon","coordinates":[[[90.337171,23.799623],[90.337177,23.799497],[90.33719,23.799403],[90.33733,23.799404],[90.33733,23.799419],[90.337321,23.799511],[90.337321,23.799527],[90.337307,23.79964],[90.337171,23.799623]]]}},{"type":"Feature","properties":{"survey":"bds","sheet":"065","dag":"32443","label_bn":"32443","area_sqm":369.9},"geometry":{"type":"Polygon","coordinates":[[[90.337393,23.798268],[90.337397,23.798223],[90.337512,23.798235],[90.337541,23.798234],[90.337692,23.798231],[90.337821,23.798225],[90.337851,23.798243],[90.337891,23.79825],[90.337903,23.798252],[90.337953,23.79826],[90.337994,23.798261],[90.338093,23.798248],[90.338138,23.798235],[90.338149,23.798232],[90.338159,23.798275],[90.338149,23.798277],[90.338004,23.798301],[90.33795,23.798298],[90.337859,23.798284],[90.337844,23.798283],[90.337755,23.798276],[90.337655,23.798279],[90.337393,23.798268]]]}},{"type":"Feature","properties":{"survey":"bds","sheet":"065","dag":"32117","label_bn":"32117","area_sqm":381.7},"geometry":{"type":"Polygon","coordinates":[[[90.336427,23.799375],[90.33643,23.799336],[90.336429,23.799263],[90.33645,23.799266],[90.336515,23.799275],[90.336599,23.799289],[90.336635,23.799294],[90.336724,23.799298],[90.336705,23.799441],[90.336617,23.799411],[90.33658,23.799396],[90.336578,23.799396],[90.336515,23.799382],[90.336427,23.799375]]]}},{"type":"Feature","properties":{"survey":"bds","sheet":"065","dag":"32039","label_bn":"32039","area_sqm":387.4},"geometry":{"type":"Polygon","coordinates":[[[90.33587,23.798904],[90.335877,23.798859],[90.335895,23.798742],[90.336081,23.798742],[90.336089,23.798916],[90.33587,23.798904]]]}},{"type":"Feature","properties":{"survey":"bds","sheet":"065","dag":"32376","label_bn":"32376","area_sqm":390.2},"geometry":{"type":"Polygon","coordinates":[[[90.336601,23.797892],[90.336721,23.797881],[90.336794,23.797868],[90.336825,23.79798],[90.336828,23.798064],[90.336827,23.798064],[90.336779,23.798066],[90.336775,23.798049],[90.336736,23.798052],[90.336647,23.79806],[90.336601,23.797892]]]}},{"type":"Feature","properties":{"survey":"bds","sheet":"065","dag":"32013","label_bn":"32013","area_sqm":411.9},"geometry":{"type":"Polygon","coordinates":[[[90.335842,23.799194],[90.335853,23.799085],[90.336084,23.7991],[90.33608,23.799195],[90.336075,23.79927],[90.336072,23.799296],[90.336067,23.799294],[90.335983,23.799257],[90.335885,23.799216],[90.335842,23.799194]]]}},{"type":"Feature","properties":{"survey":"bds","sheet":"065","dag":"32408","label_bn":"32408","area_sqm":414.3},"geometry":{"type":"Polygon","coordinates":[[[90.338727,23.798256],[90.338852,23.798266],[90.338854,23.798269],[90.33897,23.798482],[90.338993,23.79849],[90.338983,23.79849],[90.33897,23.79849],[90.338905,23.798491],[90.338761,23.798471],[90.338755,23.79841],[90.338727,23.798256]]]}},{"type":"Feature","properties":{"survey":"bds","sheet":"065","dag":"32266","label_bn":"32266","area_sqm":415.2},"geometry":{"type":"Polygon","coordinates":[[[90.337143,23.799641],[90.337144,23.799614],[90.337153,23.799505],[90.337164,23.799424],[90.337172,23.799339],[90.337189,23.799233],[90.337195,23.799165],[90.337211,23.79911],[90.337238,23.799014],[90.337291,23.79882],[90.33731,23.798768],[90.337324,23.798725],[90.337333,23.798695],[90.337347,23.79864],[90.33739,23.798494],[90.337391,23.798478],[90.337388,23.798474],[90.337305,23.798457],[90.337257,23.798449],[90.337258,23.798426],[90.337255,23.798279],[90.337255,23.798261],[90.337255,23.798258],[90.337277,23.798264],[90.337277,23.798268],[90.337281,23.79843],[90.337421,23.798458],[90.337406,23.798511],[90.337339,23.798779],[90.337336,23.798788],[90.337327,23.798785],[90.337306,23.798856],[90.33728,23.798949],[90.337277,23.798959],[90.337276,23.798964],[90.337257,23.799037],[90.337254,23.799046],[90.337254,23.799049],[90.337243,23.799088],[90.337232,23.799134],[90.337231,23.799137],[90.337199,23.799305],[90.337199,23.799307],[90.337195,23.799361],[90.33719,23.799403],[90.337177,23.799497],[90.337171,23.799623],[90.337143,23.799641]]]}},{"type":"Feature","properties":{"survey":"bds","sheet":"065","dag":"32433","label_bn":"32433","area_sqm":434.3},"geometry":{"type":"Polygon","coordinates":[[[90.338114,23.798606],[90.338118,23.798523],[90.338125,23.798432],[90.33813,23.798372],[90.338163,23.798372],[90.338163,23.798359],[90.338267,23.798355],[90.33827,23.798404],[90.338304,23.798404],[90.338304,23.798405],[90.338303,23.798405],[90.338304,23.798407],[90.338302,23.798509],[90.338242,23.798508],[90.338241,23.79854],[90.338236,23.79863],[90.338114,23.798606]]]}},{"type":"Feature","properties":{"survey":"bds","sheet":"065","dag":"32003","label_bn":"32003","area_sqm":434.4},"geometry":{"type":"Polygon","coordinates":[[[90.335788,23.799648],[90.335794,23.79965],[90.335979,23.799693],[90.335991,23.799695],[90.335995,23.799719],[90.336006,23.799826],[90.336009,23.799862],[90.335919,23.799855],[90.335796,23.79985],[90.335792,23.79985],[90.335788,23.799648]]]}},{"type":"Feature","properties":{"survey":"bds","sheet":"065","dag":"32471","label_bn":"32471","area_sqm":458.5},"geometry":{"type":"Polygon","coordinates":[[[90.338149,23.798232],[90.338226,23.7982],[90.338326,23.798157],[90.338402,23.798112],[90.338437,23.79809],[90.33858,23.797994],[90.338667,23.797961],[90.338708,23.797931],[90.338733,23.797913],[90.338763,23.79789],[90.338766,23.797924],[90.338772,23.798008],[90.338775,23.798017],[90.338681,23.798023],[90.338675,23.798031],[90.338653,23.798057],[90.338581,23.798071],[90.338581,23.798071],[90.338538,23.798086],[90.33851,23.798102],[90.338428,23.79815],[90.338357,23.798186],[90.338314,23.798209],[90.338278,23.798229],[90.338257,23.79824],[90.338204,23.798262],[90.338159,23.798275],[90.338149,23.798232]]]}},{"type":"Feature","properties":{"survey":"bds","sheet":"065","dag":"32207","label_bn":"32207","area_sqm":470.4},"geometry":{"type":"Polygon","coordinates":[[[90.337199,23.799305],[90.337231,23.799137],[90.337376,23.799169],[90.337541,23.799204],[90.337514,23.799304],[90.337504,23.799302],[90.337484,23.799299],[90.337416,23.799298],[90.337337,23.799301],[90.337199,23.799305]]]}},{"type":"Feature","properties":{"survey":"bds","sheet":"065","dag":"32174","label_bn":"32174","area_sqm":472.9},"geometry":{"type":"Polygon","coordinates":[[[90.337052,23.799268],[90.337081,23.799131],[90.337094,23.799068],[90.337112,23.79898],[90.337231,23.799012],[90.337238,23.799014],[90.337238,23.799014],[90.337211,23.79911],[90.337195,23.799165],[90.337189,23.799233],[90.337172,23.799339],[90.337063,23.799322],[90.337069,23.799272],[90.337052,23.799268]]]}},{"type":"Feature","properties":{"survey":"bds","sheet":"065","dag":"32269","label_bn":"32269","area_sqm":528.5},"geometry":{"type":"Polygon","coordinates":[[[90.337253,23.798448],[90.337208,23.798605],[90.337067,23.798586],[90.337098,23.798436],[90.3371,23.798417],[90.337102,23.798407],[90.337117,23.798305],[90.33712,23.798288],[90.337136,23.798287],[90.337164,23.798287],[90.337225,23.798283],[90.337255,23.798279],[90.337258,23.798426],[90.337257,23.798449],[90.337253,23.798448]]]}},{"type":"Feature","properties":{"survey":"bds","sheet":"065","dag":"32311","label_bn":"32311","area_sqm":562.4},"geometry":{"type":"Polygon","coordinates":[[[90.335874,23.797788],[90.335886,23.797763],[90.335922,23.797682],[90.335987,23.797686],[90.336018,23.797685],[90.336128,23.797688],[90.336152,23.797688],[90.336165,23.797816],[90.336166,23.797827],[90.336177,23.797929],[90.336168,23.797963],[90.336041,23.797869],[90.335962,23.797828],[90.335918,23.797808],[90.335874,23.797788]]]}},{"type":"Feature","properties":{"survey":"bds","sheet":"065","dag":"32278","label_bn":"32278","area_sqm":592.3},"geometry":{"type":"Polygon","coordinates":[[[90.335604,23.798152],[90.335615,23.798112],[90.335625,23.798114],[90.335702,23.798156],[90.335788,23.79818],[90.335895,23.798192],[90.335978,23.798203],[90.335982,23.798204],[90.336033,23.798205],[90.336091,23.798203],[90.336151,23.798199],[90.336224,23.7982],[90.336271,23.798205],[90.336425,23.798211],[90.336429,23.798211],[90.336504,23.798216],[90.336558,23.798216],[90.336606,23.798216],[90.336654,23.798217],[90.336672,23.798216],[90.336762,23.798215],[90.336821,23.798214],[90.336821,23.798245],[90.336774,23.798249],[90.336747,23.798251],[90.336732,23.798254],[90.336675,23.798255],[90.336615,23.798255],[90.336453,23.79825],[90.336437,23.798249],[90.336331,23.798252],[90.336237,23.79825],[90.336085,23.798247],[90.336067,23.798245],[90.336027,23.798245],[90.335932,23.798246],[90.335835,23.798234],[90.335816,23.798234],[90.335718,23.798219],[90.335716,23.798206],[90.335695,23.798189],[90.335604,23.798152]]]}},{"type":"Feature","properties":{"survey":"bds","sheet":"065","dag":"32431","label_bn":"32431","area_sqm":615.5},"geometry":{"type":"Polygon","coordinates":[[[90.338257,23.79824],[90.338278,23.798229],[90.338314,23.798209],[90.338357,23.798186],[90.338428,23.79815],[90.33851,23.798102],[90.33853,23.79822],[90.338537,23.798264],[90.33847,23.798269],[90.33847,23.798342],[90.338468,23.798407],[90.338429,23.798409],[90.338427,23.798403],[90.338304,23.798404],[90.33827,23.798404],[90.338267,23.798355],[90.338257,23.79824]]]}},{"type":"Feature","properties":{"survey":"bds","sheet":"065","dag":"32442","label_bn":"32442","area_sqm":962.1},"geometry":{"type":"Polygon","coordinates":[[[90.337655,23.798279],[90.337755,23.798276],[90.337844,23.798283],[90.337859,23.798284],[90.33795,23.798298],[90.337945,23.798452],[90.338,23.79845],[90.337998,23.798515],[90.337991,23.798606],[90.337988,23.798647],[90.337895,23.798604],[90.337703,23.798512],[90.337675,23.798381],[90.337655,23.798279]]]}},{"type":"Feature","properties":{"survey":"bds","sheet":"065","dag":"32468","label_bn":"32468","area_sqm":1511.9},"geometry":{"type":"Polygon","coordinates":[[[90.338583,23.797975],[90.33857,23.797987],[90.338558,23.797998],[90.338519,23.798031],[90.338475,23.798056],[90.338412,23.79809],[90.338356,23.798116],[90.3383,23.798151],[90.338215,23.798195],[90.338188,23.798209],[90.338154,23.79822],[90.338148,23.798222],[90.338146,23.798199],[90.338132,23.798067],[90.338132,23.798028],[90.338133,23.797984],[90.338133,23.797888],[90.338134,23.7978],[90.338562,23.797826],[90.338583,23.797975]]]}},{"type":"Feature","properties":{"survey":"bds","sheet":"065","dag":"32388","label_bn":"32388","area_sqm":3882.0},"geometry":{"type":"Polygon","coordinates":[[[90.337277,23.798264],[90.337316,23.798265],[90.337393,23.798268],[90.337655,23.798279],[90.337675,23.798381],[90.337703,23.798512],[90.337895,23.798604],[90.337988,23.798647],[90.338108,23.798704],[90.338172,23.798735],[90.338236,23.798768],[90.33822,23.798865],[90.338201,23.798866],[90.338163,23.798981],[90.33815,23.798981],[90.338073,23.798961],[90.33807,23.798961],[90.337976,23.798941],[90.337847,23.798906],[90.33771,23.798868],[90.337576,23.798834],[90.337571,23.798833],[90.337442,23.798807],[90.337336,23.798788],[90.337339,23.798779],[90.337406,23.798511],[90.337421,23.798458],[90.337281,23.79843],[90.337277,23.798268],[90.337277,23.798264]]]}},{"type":"Feature","properties":{"survey":"bds","sheet":"065","dag":"32477","label_bn":"32477","area_sqm":4056.9},"geometry":{"type":"Polygon","coordinates":[[[90.338759,23.797838],[90.339344,23.797501],[90.339413,23.79751],[90.339189,23.79832],[90.339103,23.798504],[90.339015,23.79849],[90.338993,23.79849],[90.33897,23.798482],[90.338854,23.798269],[90.338852,23.798266],[90.338859,23.798266],[90.338835,23.798124],[90.338813,23.798031],[90.338809,23.798016],[90.338775,23.798017],[90.338772,23.798008],[90.338766,23.797924],[90.338763,23.79789],[90.338763,23.797889],[90.338759,23.797838]]]}},{"type":"Feature","properties":{"survey":"bds","sheet":"065","dag":"32480","label_bn":"32480","area_sqm":30.4},"geometry":{"type":"Polygon","coordinates":[[[90.336542,23.79981],[90.336542,23.799812],[90.336538,23.799842],[90.336455,23.799842],[90.336455,23.799841],[90.336457,23.799832],[90.336458,23.799809],[90.336542,23.79981]]]}},{"type":"Feature","properties":{"survey":"bds","sheet":"065","dag":"32342","label_bn":"32342","area_sqm":135.3},"geometry":{"type":"Polygon","coordinates":[[[90.336329,23.796986],[90.33632,23.796878],[90.336429,23.796872],[90.336438,23.796982],[90.336329,23.796986]]]}}]}