{"type":"FeatureCollection","features":[{"type":"Feature","properties":{"survey":"bds","sheet":"066","dag":"32629","label_bn":"32629","area_sqm":7.4},"geometry":{"type":"Polygon","coordinates":[[[90.335087,23.797657],[90.335088,23.797652],[90.335097,23.797652],[90.335213,23.797642],[90.335214,23.797648],[90.335087,23.797657]]]}},{"type":"Feature","properties":{"survey":"bds","sheet":"066","dag":"32574","label_bn":"32574","area_sqm":17.2},"geometry":{"type":"Polygon","coordinates":[[[90.334376,23.798036],[90.334382,23.798065],[90.334385,23.798087],[90.334385,23.798087],[90.334385,23.798087],[90.334386,23.79809],[90.334394,23.798116],[90.334396,23.798123],[90.334381,23.798127],[90.33438,23.798121],[90.334374,23.798092],[90.334374,23.798088],[90.334374,23.798088],[90.33437,23.798068],[90.334358,23.798008],[90.334372,23.798007],[90.334376,23.798036]]]}},{"type":"Feature","properties":{"survey":"bds","sheet":"066","dag":"32744","label_bn":"32744","area_sqm":14.0},"geometry":{"type":"Polygon","coordinates":[[[90.333977,23.796432],[90.333985,23.796363],[90.334003,23.796367],[90.333994,23.796435],[90.333977,23.796432]]]}},{"type":"Feature","properties":{"survey":"bds","sheet":"066","dag":"32613","label_bn":"32613","area_sqm":18.5},"geometry":{"type":"Polygon","coordinates":[[[90.334664,23.797895],[90.334673,23.797895],[90.334786,23.79789],[90.334785,23.797903],[90.334716,23.797906],[90.334712,23.797907],[90.334666,23.797909],[90.334666,23.797907],[90.334664,23.797895]]]}},{"type":"Feature","properties":{"survey":"bds","sheet":"066","dag":"32700","label_bn":"32700","area_sqm":20.2},"geometry":{"type":"Polygon","coordinates":[[[90.33433,23.796812],[90.334387,23.796732],[90.334416,23.796704],[90.334422,23.796708],[90.334392,23.796748],[90.33434,23.796823],[90.33433,23.796812]]]}},{"type":"Feature","properties":{"survey":"bds","sheet":"066","dag":"32621","label_bn":"32621","area_sqm":20.9},"geometry":{"type":"Polygon","coordinates":[[[90.33479,23.797524],[90.334833,23.797514],[90.334845,23.797555],[90.334803,23.797564],[90.33479,23.797524]]]}},{"type":"Feature","properties":{"survey":"bds","sheet":"066","dag":"32618","label_bn":"32618","area_sqm":23.7},"geometry":{"type":"Polygon","coordinates":[[[90.334619,23.797541],[90.334624,23.797531],[90.334691,23.797534],[90.334692,23.797534],[90.334697,23.797535],[90.334788,23.797515],[90.334831,23.797504],[90.334833,23.797514],[90.33479,23.797524],[90.334697,23.797545],[90.334692,23.797545],[90.334619,23.797541]]]}},{"type":"Feature","properties":{"survey":"bds","sheet":"066","dag":"32588","label_bn":"32588","area_sqm":24.5},"geometry":{"type":"Polygon","coordinates":[[[90.334416,23.797685],[90.334475,23.797687],[90.334515,23.797688],[90.33452,23.797688],[90.33452,23.797688],[90.334549,23.797688],[90.334551,23.797688],[90.334557,23.797688],[90.334557,23.797688],[90.334582,23.797689],[90.334581,23.797703],[90.334561,23.797702],[90.33456,23.797702],[90.334554,23.797702],[90.334552,23.797702],[90.334522,23.797701],[90.334522,23.797701],[90.334517,23.797701],[90.334418,23.797698],[90.334416,23.797685]]]}},{"type":"Feature","properties":{"survey":"bds","sheet":"066","dag":"32583","label_bn":"32583","area_sqm":26.0},"geometry":{"type":"Polygon","coordinates":[[[90.334188,23.797847],[90.334266,23.797833],[90.334268,23.797833],[90.33429,23.797828],[90.334346,23.797816],[90.334353,23.797814],[90.334369,23.797811],[90.334409,23.797802],[90.33441,23.797813],[90.334369,23.797822],[90.334346,23.797827],[90.334291,23.797838],[90.33419,23.797857],[90.334188,23.797847]]]}},{"type":"Feature","properties":{"survey":"bds","sheet":"066","dag":"32706","label_bn":"32706","area_sqm":32.0},"geometry":{"type":"Polygon","coordinates":[[[90.334728,23.796612],[90.334827,23.796591],[90.334831,23.796617],[90.334826,23.796618],[90.334773,23.796631],[90.334733,23.796641],[90.33473,23.796625],[90.334728,23.796612]]]}},{"type":"Feature","properties":{"survey":"bds","sheet":"066","dag":"32864","label_bn":"32864","area_sqm":32.2},"geometry":{"type":"Polygon","coordinates":[[[90.335947,23.796104],[90.335975,23.796095],[90.335978,23.796109],[90.33599,23.79617],[90.335993,23.796181],[90.335969,23.796211],[90.335951,23.796123],[90.335947,23.796104]]]}},{"type":"Feature","properties":{"survey":"bds","sheet":"066","dag":"32874","label_bn":"32874","area_sqm":33.3},"geometry":{"type":"Polygon","coordinates":[[[90.335922,23.79599],[90.335949,23.795982],[90.335972,23.796081],[90.335943,23.796088],[90.335922,23.79599]]]}},{"type":"Feature","properties":{"survey":"bds","sheet":"066","dag":"32783","label_bn":"32783","area_sqm":34.1},"geometry":{"type":"Polygon","coordinates":[[[90.333802,23.795064],[90.333805,23.794941],[90.333829,23.79494],[90.333827,23.795067],[90.333802,23.795064]]]}},{"type":"Feature","properties":{"survey":"bds","sheet":"066","dag":"32651","label_bn":"32651","area_sqm":37.5},"geometry":{"type":"Polygon","coordinates":[[[90.335238,23.797595],[90.335376,23.797563],[90.335428,23.797552],[90.335434,23.797569],[90.335361,23.797585],[90.335256,23.797607],[90.335241,23.79761],[90.335239,23.7976],[90.335238,23.797595]]]}},{"type":"Feature","properties":{"survey":"bds","sheet":"066","dag":"32644","label_bn":"32644","area_sqm":39.3},"geometry":{"type":"Polygon","coordinates":[[[90.335478,23.797337],[90.335508,23.797329],[90.335524,23.797426],[90.335527,23.797439],[90.335513,23.797442],[90.335514,23.797454],[90.335502,23.797457],[90.335498,23.797447],[90.335478,23.797337]]]}},{"type":"Feature","properties":{"survey":"bds","sheet":"066","dag":"32592","label_bn":"32592","area_sqm":40.6},"geometry":{"type":"Polygon","coordinates":[[[90.33404,23.797733],[90.334096,23.797717],[90.334097,23.797717],[90.334118,23.797779],[90.334074,23.797789],[90.334065,23.797791],[90.334066,23.797788],[90.334052,23.79776],[90.33404,23.797733]]]}},{"type":"Feature","properties":{"survey":"bds","sheet":"066","dag":"32591","label_bn":"32591","area_sqm":40.8},"geometry":{"type":"Polygon","coordinates":[[[90.334097,23.797717],[90.334149,23.797702],[90.334171,23.797767],[90.33417,23.797767],[90.334118,23.797779],[90.334097,23.797717]]]}},{"type":"Feature","properties":{"survey":"bds","sheet":"066","dag":"32616","label_bn":"32616","area_sqm":40.9},"geometry":{"type":"Polygon","coordinates":[[[90.334616,23.797719],[90.334732,23.797709],[90.334791,23.797705],[90.334826,23.797701],[90.334836,23.7977],[90.33483,23.797674],[90.334892,23.79765],[90.334897,23.797655],[90.334898,23.797656],[90.334905,23.797665],[90.334849,23.797688],[90.334852,23.797705],[90.334837,23.797707],[90.334733,23.797718],[90.334617,23.797731],[90.334616,23.797719]]]}},{"type":"Feature","properties":{"survey":"bds","sheet":"066","dag":"32661","label_bn":"32661","area_sqm":41.9},"geometry":{"type":"Polygon","coordinates":[[[90.335306,23.797273],[90.335346,23.797262],[90.335374,23.797339],[90.335327,23.797352],[90.335306,23.797273]]]}},{"type":"Feature","properties":{"survey":"bds","sheet":"066","dag":"32599","label_bn":"32599","area_sqm":119.8},"geometry":{"type":"Polygon","coordinates":[[[90.334501,23.797583],[90.334506,23.797584],[90.334527,23.797586],[90.334532,23.797587],[90.334534,23.797587],[90.334563,23.79759],[90.334575,23.797591],[90.334582,23.797592],[90.334582,23.797665],[90.334582,23.797689],[90.334557,23.797688],[90.334557,23.797688],[90.334551,23.797688],[90.334549,23.797688],[90.33452,23.797688],[90.33452,23.797688],[90.334515,23.797688],[90.334475,23.797687],[90.33448,23.797581],[90.334501,23.797583]]]}},{"type":"Feature","properties":{"survey":"bds","sheet":"066","dag":"32585","label_bn":"32585","area_sqm":42.9},"geometry":{"type":"Polygon","coordinates":[[[90.334397,23.797685],[90.334416,23.797685],[90.334418,23.797698],[90.334427,23.797821],[90.334431,23.797871],[90.334432,23.797902],[90.334415,23.797904],[90.334416,23.79787],[90.33441,23.797813],[90.334409,23.797802],[90.3344,23.79772],[90.334397,23.797685]]]}},{"type":"Feature","properties":{"survey":"bds","sheet":"066","dag":"32593","label_bn":"32593","area_sqm":44.0},"geometry":{"type":"Polygon","coordinates":[[[90.334035,23.797719],[90.334144,23.797687],[90.334267,23.79766],[90.334273,23.797678],[90.334149,23.797702],[90.334149,23.797702],[90.334097,23.797717],[90.334096,23.797717],[90.33404,23.797733],[90.334037,23.797725],[90.334035,23.797719]]]}},{"type":"Feature","properties":{"survey":"bds","sheet":"066","dag":"32631","label_bn":"32631","area_sqm":46.9},"geometry":{"type":"Polygon","coordinates":[[[90.334983,23.798027],[90.334985,23.798017],[90.334986,23.798013],[90.334988,23.798003],[90.335007,23.797906],[90.335008,23.797905],[90.335009,23.797898],[90.335025,23.797835],[90.335026,23.797831],[90.335047,23.79777],[90.33506,23.797775],[90.335038,23.797847],[90.335004,23.798003],[90.334998,23.798028],[90.334984,23.798027],[90.334983,23.798027]]]}},{"type":"Feature","properties":{"survey":"bds","sheet":"066","dag":"32641","label_bn":"32641","area_sqm":47.0},"geometry":{"type":"Polygon","coordinates":[[[90.335511,23.798094],[90.335515,23.798068],[90.335517,23.798057],[90.335536,23.798059],[90.335621,23.798069],[90.335611,23.798105],[90.335609,23.798111],[90.335522,23.798095],[90.335522,23.798095],[90.335511,23.798094]]]}},{"type":"Feature","properties":{"survey":"bds","sheet":"066","dag":"32842","label_bn":"32842","area_sqm":47.3},"geometry":{"type":"Polygon","coordinates":[[[90.334591,23.795688],[90.334662,23.795597],[90.334689,23.795614],[90.334626,23.795709],[90.334591,23.795688]]]}},{"type":"Feature","properties":{"survey":"bds","sheet":"066","dag":"32876","label_bn":"32876","area_sqm":49.3},"geometry":{"type":"Polygon","coordinates":[[[90.335975,23.796095],[90.33603,23.796078],[90.336031,23.79608],[90.336045,23.796151],[90.33599,23.79617],[90.335978,23.796109],[90.335975,23.796095]]]}},{"type":"Feature","properties":{"survey":"bds","sheet":"066","dag":"32885","label_bn":"32885","area_sqm":50.1},"geometry":{"type":"Polygon","coordinates":[[[90.335491,23.798089],[90.335525,23.797884],[90.33553,23.797885],[90.335532,23.797875],[90.335547,23.797876],[90.335541,23.797916],[90.335541,23.79792],[90.335524,23.798014],[90.335517,23.798057],[90.335515,23.798068],[90.335511,23.798094],[90.3355,23.79809],[90.335491,23.798089]]]}},{"type":"Feature","properties":{"survey":"bds","sheet":"066","dag":"32660","label_bn":"32660","area_sqm":50.4},"geometry":{"type":"Polygon","coordinates":[[[90.335255,23.797288],[90.335258,23.797287],[90.335291,23.797278],[90.335306,23.797273],[90.335327,23.797352],[90.335272,23.797366],[90.335255,23.797288]]]}},{"type":"Feature","properties":{"survey":"bds","sheet":"066","dag":"32610","label_bn":"32610","area_sqm":50.8},"geometry":{"type":"Polygon","coordinates":[[[90.334837,23.797707],[90.334852,23.797705],[90.334849,23.797688],[90.334905,23.797665],[90.334947,23.797713],[90.33492,23.797732],[90.334879,23.797733],[90.334837,23.797707]]]}},{"type":"Feature","properties":{"survey":"bds","sheet":"066","dag":"32834","label_bn":"32834","area_sqm":53.3},"geometry":{"type":"Polygon","coordinates":[[[90.334738,23.795857],[90.334763,23.795829],[90.334871,23.795897],[90.334843,23.795924],[90.334738,23.795857]]]}},{"type":"Feature","properties":{"survey":"bds","sheet":"066","dag":"32810","label_bn":"32810","area_sqm":54.4},"geometry":{"type":"Polygon","coordinates":[[[90.334414,23.795264],[90.334419,23.795248],[90.334423,23.795232],[90.334552,23.79525],[90.334557,23.79525],[90.334559,23.79525],[90.334563,23.795275],[90.334564,23.795285],[90.334546,23.795283],[90.33445,23.795269],[90.334414,23.795264]]]}},{"type":"Feature","properties":{"survey":"bds","sheet":"066","dag":"32600","label_bn":"32600","area_sqm":118.0},"geometry":{"type":"Polygon","coordinates":[[[90.334515,23.797518],[90.334515,23.797518],[90.334515,23.797518],[90.334526,23.797519],[90.334554,23.797519],[90.334564,23.79752],[90.334566,23.79752],[90.334568,23.79752],[90.334578,23.79752],[90.334589,23.79752],[90.334582,23.797589],[90.334582,23.797592],[90.334575,23.797591],[90.334563,23.79759],[90.334534,23.797587],[90.334532,23.797587],[90.334527,23.797586],[90.334506,23.797584],[90.334501,23.797583],[90.33448,23.797581],[90.33442,23.79758],[90.33443,23.797529],[90.334432,23.79752],[90.334508,23.797518],[90.334515,23.797518]]]}},{"type":"Feature","properties":{"survey":"bds","sheet":"066","dag":"32751","label_bn":"32751","area_sqm":60.7},"geometry":{"type":"Polygon","coordinates":[[[90.333628,23.796358],[90.3337,23.796183],[90.333726,23.796192],[90.33372,23.796207],[90.333701,23.796256],[90.333657,23.796365],[90.333628,23.796358]]]}},{"type":"Feature","properties":{"survey":"bds","sheet":"066","dag":"32531","label_bn":"32531","area_sqm":60.7},"geometry":{"type":"Polygon","coordinates":[[[90.333497,23.79713],[90.333554,23.797012],[90.333595,23.797024],[90.33353,23.797149],[90.333497,23.79713]]]}},{"type":"Feature","properties":{"survey":"bds","sheet":"066","dag":"32764","label_bn":"32764","area_sqm":60.8},"geometry":{"type":"Polygon","coordinates":[[[90.333185,23.795958],[90.333193,23.795935],[90.333196,23.795927],[90.333353,23.795973],[90.333342,23.796005],[90.333316,23.795997],[90.333185,23.795958]]]}},{"type":"Feature","properties":{"survey":"bds","sheet":"066","dag":"32649","label_bn":"32649","area_sqm":62.5},"geometry":{"type":"Polygon","coordinates":[[[90.335235,23.797716],[90.33524,23.79768],[90.335343,23.797692],[90.335361,23.797694],[90.335359,23.797746],[90.335348,23.797743],[90.3353,23.797732],[90.335264,23.797723],[90.335235,23.797716]]]}},{"type":"Feature","properties":{"survey":"bds","sheet":"066","dag":"32622","label_bn":"32622","area_sqm":62.8},"geometry":{"type":"Polygon","coordinates":[[[90.334831,23.797504],[90.334851,23.797499],[90.334922,23.797481],[90.334946,23.797531],[90.334948,23.797535],[90.334884,23.797548],[90.334845,23.797555],[90.334833,23.797514],[90.334831,23.797504]]]}},{"type":"Feature","properties":{"survey":"bds","sheet":"066","dag":"32745","label_bn":"32745","area_sqm":65.2},"geometry":{"type":"Polygon","coordinates":[[[90.333887,23.796412],[90.333914,23.796346],[90.333923,23.796348],[90.333948,23.796354],[90.333985,23.796363],[90.333977,23.796432],[90.333887,23.796412]]]}},{"type":"Feature","properties":{"survey":"bds","sheet":"066","dag":"32671","label_bn":"32671","area_sqm":65.5},"geometry":{"type":"Polygon","coordinates":[[[90.334934,23.797359],[90.335024,23.79723],[90.335026,23.797246],[90.335039,23.797337],[90.334934,23.797359]]]}},{"type":"Feature","properties":{"survey":"bds","sheet":"066","dag":"32586","label_bn":"32586","area_sqm":92.7},"geometry":{"type":"Polygon","coordinates":[[[90.334608,23.797833],[90.334612,23.797845],[90.334596,23.797847],[90.334596,23.797847],[90.334589,23.797848],[90.334556,23.797853],[90.334556,23.797853],[90.334549,23.797854],[90.334431,23.797871],[90.334427,23.797821],[90.33454,23.79781],[90.334546,23.797809],[90.334546,23.797809],[90.33458,23.797806],[90.334586,23.797805],[90.334586,23.797805],[90.3346,23.797804],[90.334608,23.797833]]]}},{"type":"Feature","properties":{"survey":"bds","sheet":"066","dag":"32630","label_bn":"32630","area_sqm":66.1},"geometry":{"type":"Polygon","coordinates":[[[90.335086,23.797683],[90.335086,23.797672],[90.335087,23.797657],[90.335214,23.797648],[90.335216,23.797712],[90.335159,23.7977],[90.335088,23.797684],[90.335086,23.797683]]]}},{"type":"Feature","properties":{"survey":"bds","sheet":"066","dag":"32692","label_bn":"32692","area_sqm":66.3},"geometry":{"type":"Polygon","coordinates":[[[90.334643,23.796871],[90.334726,23.796851],[90.33483,23.796827],[90.33486,23.796819],[90.334891,23.796838],[90.334843,23.79685],[90.334839,23.796851],[90.334759,23.796869],[90.334658,23.796893],[90.334655,23.796889],[90.334648,23.79688],[90.334643,23.796871]]]}},{"type":"Feature","properties":{"survey":"bds","sheet":"066","dag":"32746","label_bn":"32746","area_sqm":66.6},"geometry":{"type":"Polygon","coordinates":[[[90.333811,23.796397],[90.333832,23.796348],[90.333844,23.796319],[90.33389,23.796337],[90.333914,23.796346],[90.333887,23.796412],[90.333811,23.796397]]]}},{"type":"Feature","properties":{"survey":"bds","sheet":"066","dag":"32879","label_bn":"32879","area_sqm":67.3},"geometry":{"type":"Polygon","coordinates":[[[90.335943,23.795957],[90.335968,23.795951],[90.336071,23.795939],[90.33609,23.795936],[90.336175,23.795924],[90.336178,23.795947],[90.336092,23.795961],[90.336076,23.795963],[90.336058,23.795966],[90.336012,23.795973],[90.335949,23.795982],[90.335943,23.795957]]]}},{"type":"Feature","properties":{"survey":"bds","sheet":"066","dag":"32862","label_bn":"32862","area_sqm":67.8},"geometry":{"type":"Polygon","coordinates":[[[90.335771,23.796156],[90.33583,23.796141],[90.335838,23.796184],[90.33585,23.796239],[90.335792,23.796253],[90.335782,23.796207],[90.335771,23.796156]]]}},{"type":"Feature","properties":{"survey":"bds","sheet":"066","dag":"32858","label_bn":"32858","area_sqm":67.9},"geometry":{"type":"Polygon","coordinates":[[[90.335416,23.796241],[90.335476,23.796227],[90.335486,23.796271],[90.335498,23.796324],[90.335439,23.796337],[90.335425,23.796276],[90.335416,23.796241]]]}},{"type":"Feature","properties":{"survey":"bds","sheet":"066","dag":"32871","label_bn":"32871","area_sqm":68.1},"geometry":{"type":"Polygon","coordinates":[[[90.335628,23.796063],[90.335686,23.796049],[90.335708,23.796147],[90.33565,23.796161],[90.335628,23.796063]]]}},{"type":"Feature","properties":{"survey":"bds","sheet":"066","dag":"32867","label_bn":"32867","area_sqm":68.2},"geometry":{"type":"Polygon","coordinates":[[[90.335263,23.796153],[90.33532,23.796137],[90.335345,23.796239],[90.335289,23.796251],[90.335263,23.796153]]]}},{"type":"Feature","properties":{"survey":"bds","sheet":"066","dag":"32663","label_bn":"32663","area_sqm":68.5},"geometry":{"type":"Polygon","coordinates":[[[90.335461,23.79723],[90.33553,23.797211],[90.33553,23.797213],[90.335546,23.797294],[90.335474,23.797311],[90.335461,23.79723]]]}},{"type":"Feature","properties":{"survey":"bds","sheet":"066","dag":"32723","label_bn":"32723","area_sqm":68.5},"geometry":{"type":"Polygon","coordinates":[[[90.333427,23.796522],[90.333461,23.796439],[90.333527,23.796454],[90.333494,23.796538],[90.333427,23.796522]]]}},{"type":"Feature","properties":{"survey":"bds","sheet":"066","dag":"32866","label_bn":"32866","area_sqm":68.5},"geometry":{"type":"Polygon","coordinates":[[[90.335206,23.796169],[90.335263,23.796153],[90.335289,23.796251],[90.335285,23.796252],[90.335229,23.796265],[90.335206,23.796169]]]}},{"type":"Feature","properties":{"survey":"bds","sheet":"066","dag":"32725","label_bn":"32725","area_sqm":68.6},"geometry":{"type":"Polygon","coordinates":[[[90.333494,23.796538],[90.333527,23.796454],[90.333592,23.796471],[90.333562,23.796554],[90.333494,23.796538]]]}},{"type":"Feature","properties":{"survey":"bds","sheet":"066","dag":"32711","label_bn":"32711","area_sqm":68.6},"geometry":{"type":"Polygon","coordinates":[[[90.334021,23.796763],[90.334056,23.796681],[90.334125,23.796696],[90.33409,23.796776],[90.334021,23.796763]]]}},{"type":"Feature","properties":{"survey":"bds","sheet":"066","dag":"32689","label_bn":"32689","area_sqm":69.5},"geometry":{"type":"Polygon","coordinates":[[[90.334658,23.796893],[90.334759,23.796869],[90.334781,23.796967],[90.334763,23.796971],[90.334751,23.796963],[90.334698,23.796923],[90.334658,23.796893]]]}},{"type":"Feature","properties":{"survey":"bds","sheet":"066","dag":"32756","label_bn":"32756","area_sqm":69.8},"geometry":{"type":"Polygon","coordinates":[[[90.333352,23.796272],[90.333391,23.796167],[90.333436,23.796067],[90.333453,23.796074],[90.333458,23.796076],[90.333425,23.796161],[90.333377,23.796282],[90.333352,23.796272]]]}},{"type":"Feature","properties":{"survey":"bds","sheet":"066","dag":"32575","label_bn":"32575","area_sqm":103.5},"geometry":{"type":"Polygon","coordinates":[[[90.334487,23.798054],[90.334491,23.79808],[90.334491,23.79808],[90.334492,23.798084],[90.334492,23.798089],[90.334494,23.798097],[90.334396,23.798123],[90.334394,23.798116],[90.334386,23.79809],[90.334385,23.798087],[90.334385,23.798087],[90.334385,23.798087],[90.334382,23.798065],[90.334376,23.798036],[90.33448,23.798013],[90.334487,23.798054]]]}},{"type":"Feature","properties":{"survey":"bds","sheet":"066","dag":"32530","label_bn":"32530","area_sqm":71.2},"geometry":{"type":"Polygon","coordinates":[[[90.33353,23.797149],[90.333595,23.797024],[90.333638,23.797036],[90.333577,23.797147],[90.333555,23.797174],[90.333537,23.797156],[90.33353,23.797149]]]}},{"type":"Feature","properties":{"survey":"bds","sheet":"066","dag":"32870","label_bn":"32870","area_sqm":71.5},"geometry":{"type":"Polygon","coordinates":[[[90.335568,23.796076],[90.335628,23.796063],[90.33565,23.796161],[90.335589,23.796176],[90.335568,23.796076]]]}},{"type":"Feature","properties":{"survey":"bds","sheet":"066","dag":"32607","label_bn":"32607","area_sqm":71.5},"geometry":{"type":"Polygon","coordinates":[[[90.334973,23.797743],[90.33501,23.797669],[90.335011,23.797667],[90.335084,23.797683],[90.335082,23.797688],[90.335051,23.797759],[90.335041,23.797757],[90.334973,23.797743]]]}},{"type":"Feature","properties":{"survey":"bds","sheet":"066","dag":"32606","label_bn":"32606","area_sqm":71.8},"geometry":{"type":"Polygon","coordinates":[[[90.33493,23.797801],[90.334949,23.79779],[90.334973,23.797743],[90.335041,23.797757],[90.335051,23.797759],[90.335047,23.79777],[90.335026,23.797831],[90.335025,23.797835],[90.33493,23.797801]]]}},{"type":"Feature","properties":{"survey":"bds","sheet":"066","dag":"32598","label_bn":"32598","area_sqm":71.9},"geometry":{"type":"Polygon","coordinates":[[[90.334416,23.797685],[90.334418,23.797637],[90.33442,23.79758],[90.33448,23.797581],[90.334475,23.797687],[90.334416,23.797685]]]}},{"type":"Feature","properties":{"survey":"bds","sheet":"066","dag":"32512","label_bn":"32512","area_sqm":73.1},"geometry":{"type":"Polygon","coordinates":[[[90.333535,23.797566],[90.333675,23.797571],[90.333676,23.797571],[90.333673,23.797586],[90.333667,23.797615],[90.333538,23.797617],[90.333535,23.797566]]]}},{"type":"Feature","properties":{"survey":"bds","sheet":"066","dag":"32646","label_bn":"32646","area_sqm":73.5},"geometry":{"type":"Polygon","coordinates":[[[90.335544,23.797549],[90.335547,23.797519],[90.335656,23.797487],[90.335664,23.797544],[90.335668,23.797568],[90.335544,23.797549]]]}},{"type":"Feature","properties":{"survey":"bds","sheet":"066","dag":"32736","label_bn":"32736","area_sqm":74.0},"geometry":{"type":"Polygon","coordinates":[[[90.334094,23.796659],[90.334135,23.796579],[90.334207,23.796595],[90.334165,23.796676],[90.334132,23.796671],[90.334094,23.796659]]]}},{"type":"Feature","properties":{"survey":"bds","sheet":"066","dag":"32633","label_bn":"32633","area_sqm":74.7},"geometry":{"type":"Polygon","coordinates":[[[90.335038,23.797847],[90.33506,23.797775],[90.335126,23.797791],[90.335141,23.797795],[90.335132,23.797865],[90.335119,23.797863],[90.335038,23.797847]]]}},{"type":"Feature","properties":{"survey":"bds","sheet":"066","dag":"32513","label_bn":"32513","area_sqm":74.9},"geometry":{"type":"Polygon","coordinates":[[[90.333538,23.797617],[90.333667,23.797615],[90.333667,23.79763],[90.333666,23.797646],[90.333665,23.797668],[90.333664,23.797668],[90.333541,23.797669],[90.333538,23.797617]]]}},{"type":"Feature","properties":{"survey":"bds","sheet":"066","dag":"32691","label_bn":"32691","area_sqm":75.7},"geometry":{"type":"Polygon","coordinates":[[[90.334598,23.796979],[90.334635,23.796906],[90.334648,23.79688],[90.334655,23.796889],[90.334658,23.796893],[90.334698,23.796923],[90.334687,23.796944],[90.33465,23.797015],[90.334598,23.796979]]]}},{"type":"Feature","properties":{"survey":"bds","sheet":"066","dag":"32582","label_bn":"32582","area_sqm":77.5},"geometry":{"type":"Polygon","coordinates":[[[90.33417,23.797767],[90.334171,23.797767],[90.334248,23.797749],[90.334268,23.797833],[90.334266,23.797833],[90.334188,23.797847],[90.334187,23.797848],[90.33417,23.797767]]]}},{"type":"Feature","properties":{"survey":"bds","sheet":"066","dag":"32502","label_bn":"32502","area_sqm":78.0},"geometry":{"type":"Polygon","coordinates":[[[90.333849,23.798041],[90.33393,23.798021],[90.33396,23.798106],[90.333879,23.798116],[90.333849,23.798041]]]}},{"type":"Feature","properties":{"survey":"bds","sheet":"066","dag":"32690","label_bn":"32690","area_sqm":78.8},"geometry":{"type":"Polygon","coordinates":[[[90.33465,23.797015],[90.334687,23.796944],[90.334698,23.796923],[90.334751,23.796963],[90.334743,23.796981],[90.334708,23.797055],[90.334685,23.797039],[90.33465,23.797015]]]}},{"type":"Feature","properties":{"survey":"bds","sheet":"066","dag":"32857","label_bn":"32857","area_sqm":79.2},"geometry":{"type":"Polygon","coordinates":[[[90.335349,23.796263],[90.335416,23.796241],[90.335425,23.796276],[90.335439,23.796337],[90.33537,23.796359],[90.335353,23.796282],[90.335349,23.796263]]]}},{"type":"Feature","properties":{"survey":"bds","sheet":"066","dag":"32533","label_bn":"32533","area_sqm":80.2},"geometry":{"type":"Polygon","coordinates":[[[90.333372,23.79707],[90.333468,23.796876],[90.333479,23.796852],[90.333507,23.796865],[90.333449,23.796981],[90.333403,23.797074],[90.333372,23.79707]]]}},{"type":"Feature","properties":{"survey":"bds","sheet":"066","dag":"32772","label_bn":"32772","area_sqm":81.2},"geometry":{"type":"Polygon","coordinates":[[[90.333515,23.796105],[90.333521,23.796093],[90.333569,23.795993],[90.333613,23.796012],[90.333621,23.796015],[90.333573,23.796117],[90.333566,23.796131],[90.333556,23.796125],[90.333515,23.796105]]]}},{"type":"Feature","properties":{"survey":"bds","sheet":"066","dag":"32628","label_bn":"32628","area_sqm":81.3},"geometry":{"type":"Polygon","coordinates":[[[90.335092,23.797599],[90.335184,23.797577],[90.335205,23.797572],[90.335207,23.797587],[90.335213,23.797627],[90.335213,23.797642],[90.335097,23.797652],[90.335092,23.797599]]]}},{"type":"Feature","properties":{"survey":"bds","sheet":"066","dag":"32861","label_bn":"32861","area_sqm":81.4},"geometry":{"type":"Polygon","coordinates":[[[90.335698,23.796178],[90.335771,23.796156],[90.335782,23.796207],[90.335792,23.796253],[90.33572,23.796269],[90.335698,23.796178]]]}},{"type":"Feature","properties":{"survey":"bds","sheet":"066","dag":"32576","label_bn":"32576","area_sqm":103.4},"geometry":{"type":"Polygon","coordinates":[[[90.334606,23.798056],[90.334592,23.798061],[90.33459,23.798062],[90.334585,23.798063],[90.334568,23.79807],[90.334541,23.79808],[90.334494,23.798097],[90.334492,23.798089],[90.334492,23.798084],[90.334491,23.79808],[90.334491,23.79808],[90.334487,23.798054],[90.33448,23.798013],[90.334574,23.797992],[90.334581,23.797991],[90.334581,23.797991],[90.334597,23.797987],[90.334606,23.798056]]]}},{"type":"Feature","properties":{"survey":"bds","sheet":"066","dag":"32553","label_bn":"32553","area_sqm":83.8},"geometry":{"type":"Polygon","coordinates":[[[90.334791,23.796966],[90.334911,23.796935],[90.334919,23.797042],[90.334825,23.797],[90.334791,23.796966]]]}},{"type":"Feature","properties":{"survey":"bds","sheet":"066","dag":"32659","label_bn":"32659","area_sqm":83.8},"geometry":{"type":"Polygon","coordinates":[[[90.335169,23.797309],[90.335169,23.797309],[90.335175,23.797306],[90.335255,23.797288],[90.335272,23.797366],[90.335182,23.797389],[90.335169,23.797312],[90.335169,23.797309]]]}},{"type":"Feature","properties":{"survey":"bds","sheet":"066","dag":"32860","label_bn":"32860","area_sqm":83.9},"geometry":{"type":"Polygon","coordinates":[[[90.335625,23.796193],[90.335677,23.79618],[90.335698,23.796178],[90.33572,23.796269],[90.335698,23.796274],[90.335644,23.796289],[90.335638,23.796256],[90.335625,23.796193]]]}},{"type":"Feature","properties":{"survey":"bds","sheet":"066","dag":"32713","label_bn":"32713","area_sqm":84.7},"geometry":{"type":"Polygon","coordinates":[[[90.333803,23.796719],[90.333838,23.796637],[90.333922,23.796654],[90.333886,23.796736],[90.333803,23.796719]]]}},{"type":"Feature","properties":{"survey":"bds","sheet":"066","dag":"32801","label_bn":"32801","area_sqm":85.3},"geometry":{"type":"Polygon","coordinates":[[[90.334172,23.79524],[90.3342,23.795209],[90.3342,23.795209],[90.33431,23.795217],[90.334341,23.795221],[90.334423,23.795232],[90.334419,23.795248],[90.334414,23.795264],[90.33422,23.795239],[90.334172,23.79524]]]}},{"type":"Feature","properties":{"survey":"bds","sheet":"066","dag":"32609","label_bn":"32609","area_sqm":86.1},"geometry":{"type":"Polygon","coordinates":[[[90.334892,23.79765],[90.334943,23.797631],[90.334984,23.797616],[90.335011,23.797667],[90.33501,23.797669],[90.334973,23.797743],[90.334951,23.797718],[90.334947,23.797713],[90.334905,23.797665],[90.334898,23.797656],[90.334897,23.797655],[90.334892,23.79765]]]}},{"type":"Feature","properties":{"survey":"bds","sheet":"066","dag":"32511","label_bn":"32511","area_sqm":87.9},"geometry":{"type":"Polygon","coordinates":[[[90.333534,23.797498],[90.333574,23.797508],[90.333613,23.797518],[90.333684,23.797531],[90.33368,23.797551],[90.333676,23.797571],[90.333675,23.797571],[90.333535,23.797566],[90.333535,23.797532],[90.333534,23.797498]]]}},{"type":"Feature","properties":{"survey":"bds","sheet":"066","dag":"32818","label_bn":"32818","area_sqm":88.5},"geometry":{"type":"Polygon","coordinates":[[[90.334197,23.795806],[90.334278,23.795719],[90.334333,23.795752],[90.334257,23.795842],[90.334197,23.795806]]]}},{"type":"Feature","properties":{"survey":"bds","sheet":"066","dag":"32817","label_bn":"32817","area_sqm":88.6},"geometry":{"type":"Polygon","coordinates":[[[90.334154,23.795752],[90.334206,23.795677],[90.334278,23.795719],[90.334197,23.795806],[90.334154,23.795752]]]}},{"type":"Feature","properties":{"survey":"bds","sheet":"066","dag":"32715","label_bn":"32715","area_sqm":89.9},"geometry":{"type":"Polygon","coordinates":[[[90.333549,23.796669],[90.333584,23.796586],[90.333673,23.796606],[90.333637,23.796687],[90.333554,23.796671],[90.333549,23.796669]]]}},{"type":"Feature","properties":{"survey":"bds","sheet":"066","dag":"32794","label_bn":"32794","area_sqm":89.9},"geometry":{"type":"Polygon","coordinates":[[[90.3338,23.795091],[90.333802,23.795064],[90.333827,23.795067],[90.333915,23.795071],[90.334,23.795075],[90.334087,23.795077],[90.334123,23.795106],[90.3338,23.795091]]]}},{"type":"Feature","properties":{"survey":"bds","sheet":"066","dag":"32509","label_bn":"32509","area_sqm":90.5},"geometry":{"type":"Polygon","coordinates":[[[90.333667,23.797615],[90.333673,23.797586],[90.333676,23.797571],[90.33368,23.797551],[90.333684,23.797531],[90.333757,23.797536],[90.333761,23.797536],[90.33377,23.797537],[90.333802,23.797595],[90.33367,23.797615],[90.333667,23.797615]]]}},{"type":"Feature","properties":{"survey":"bds","sheet":"066","dag":"32732","label_bn":"32732","area_sqm":91.0},"geometry":{"type":"Polygon","coordinates":[[[90.333886,23.796618],[90.33389,23.79661],[90.333906,23.796579],[90.333927,23.796537],[90.334014,23.796556],[90.333981,23.796636],[90.333886,23.796618]]]}},{"type":"Feature","properties":{"survey":"bds","sheet":"066","dag":"32538","label_bn":"32538","area_sqm":91.5},"geometry":{"type":"Polygon","coordinates":[[[90.33315,23.796657],[90.333186,23.796557],[90.333187,23.796554],[90.333243,23.796578],[90.333253,23.796582],[90.33321,23.796694],[90.33315,23.796657]]]}},{"type":"Feature","properties":{"survey":"bds","sheet":"066","dag":"32590","label_bn":"32590","area_sqm":91.5},"geometry":{"type":"Polygon","coordinates":[[[90.334149,23.797702],[90.334273,23.797678],[90.334286,23.79774],[90.334248,23.797749],[90.334171,23.797767],[90.334149,23.797702],[90.334149,23.797702]]]}},{"type":"Feature","properties":{"survey":"bds","sheet":"066","dag":"32730","label_bn":"32730","area_sqm":93.0},"geometry":{"type":"Polygon","coordinates":[[[90.3338,23.796601],[90.333831,23.796517],[90.33384,23.796519],[90.333876,23.796525],[90.33392,23.796536],[90.333927,23.796537],[90.333906,23.796579],[90.33389,23.79661],[90.333886,23.796618],[90.3338,23.796601]]]}},{"type":"Feature","properties":{"survey":"bds","sheet":"066","dag":"32581","label_bn":"32581","area_sqm":94.7},"geometry":{"type":"Polygon","coordinates":[[[90.334065,23.797791],[90.334074,23.797789],[90.334118,23.797779],[90.33417,23.797767],[90.334187,23.797848],[90.334107,23.797867],[90.334095,23.79787],[90.334084,23.79784],[90.334065,23.797791]]]}},{"type":"Feature","properties":{"survey":"bds","sheet":"066","dag":"32634","label_bn":"32634","area_sqm":95.0},"geometry":{"type":"Polygon","coordinates":[[[90.335047,23.79777],[90.335051,23.797759],[90.335082,23.797688],[90.335084,23.797683],[90.335086,23.797683],[90.335088,23.797684],[90.335159,23.7977],[90.335158,23.797707],[90.335141,23.797795],[90.335126,23.797791],[90.33506,23.797775],[90.335047,23.79777]]]}},{"type":"Feature","properties":{"survey":"bds","sheet":"066","dag":"32799","label_bn":"32799","area_sqm":96.1},"geometry":{"type":"Polygon","coordinates":[[[90.334203,23.79545],[90.334238,23.795372],[90.334343,23.79539],[90.3343,23.795465],[90.334203,23.79545]]]}},{"type":"Feature","properties":{"survey":"bds","sheet":"066","dag":"32514","label_bn":"32514","area_sqm":96.3},"geometry":{"type":"Polygon","coordinates":[[[90.333541,23.797669],[90.333664,23.797668],[90.333665,23.797668],[90.333662,23.797714],[90.333667,23.797731],[90.33366,23.797732],[90.333549,23.797747],[90.333541,23.797669]]]}},{"type":"Feature","properties":{"survey":"bds","sheet":"066","dag":"32537","label_bn":"32537","area_sqm":97.5},"geometry":{"type":"Polygon","coordinates":[[[90.333189,23.796712],[90.33321,23.796694],[90.333299,23.796747],[90.3333,23.796747],[90.333379,23.796794],[90.333435,23.796826],[90.333479,23.796852],[90.333468,23.796876],[90.333395,23.796834],[90.33331,23.796784],[90.333237,23.796743],[90.333189,23.796712]]]}},{"type":"Feature","properties":{"survey":"bds","sheet":"066","dag":"32611","label_bn":"32611","area_sqm":97.7},"geometry":{"type":"Polygon","coordinates":[[[90.334837,23.797707],[90.334879,23.797733],[90.33492,23.797732],[90.334947,23.797713],[90.334951,23.797718],[90.334973,23.797743],[90.334949,23.79779],[90.33493,23.797801],[90.334908,23.797803],[90.334857,23.797807],[90.334837,23.797707]]]}},{"type":"Feature","properties":{"survey":"bds","sheet":"066","dag":"32551","label_bn":"32551","area_sqm":98.4},"geometry":{"type":"Polygon","coordinates":[[[90.334652,23.797148],[90.334708,23.797055],[90.334775,23.797094],[90.3347,23.797196],[90.334681,23.797185],[90.334652,23.797148]]]}},{"type":"Feature","properties":{"survey":"bds","sheet":"066","dag":"32755","label_bn":"32755","area_sqm":98.5},"geometry":{"type":"Polygon","coordinates":[[[90.333377,23.796282],[90.333425,23.796161],[90.333431,23.796163],[90.333486,23.796186],[90.333441,23.796306],[90.333377,23.796282]]]}},{"type":"Feature","properties":{"survey":"bds","sheet":"066","dag":"32822","label_bn":"32822","area_sqm":98.6},"geometry":{"type":"Polygon","coordinates":[[[90.334362,23.796412],[90.334417,23.796341],[90.334497,23.796383],[90.334441,23.796463],[90.33444,23.796464],[90.33444,23.796464],[90.334362,23.796412]]]}},{"type":"Feature","properties":{"survey":"bds","sheet":"066","dag":"32851","label_bn":"32851","area_sqm":98.6},"geometry":{"type":"Polygon","coordinates":[[[90.334971,23.796226],[90.335056,23.796206],[90.335079,23.7963],[90.334991,23.796323],[90.334971,23.796226]]]}},{"type":"Feature","properties":{"survey":"bds","sheet":"066","dag":"32758","label_bn":"32758","area_sqm":99.0},"geometry":{"type":"Polygon","coordinates":[[[90.333279,23.796245],[90.333319,23.796139],[90.333391,23.796167],[90.333352,23.796272],[90.333279,23.796245]]]}},{"type":"Feature","properties":{"survey":"bds","sheet":"066","dag":"32835","label_bn":"32835","area_sqm":99.0},"geometry":{"type":"Polygon","coordinates":[[[90.334617,23.795899],[90.334707,23.795796],[90.334763,23.795829],[90.334738,23.795857],[90.334671,23.795932],[90.334617,23.795899]]]}},{"type":"Feature","properties":{"survey":"bds","sheet":"066","dag":"32718","label_bn":"32718","area_sqm":99.1},"geometry":{"type":"Polygon","coordinates":[[[90.333187,23.796554],[90.333205,23.796456],[90.333295,23.796496],[90.333265,23.796585],[90.333265,23.796585],[90.333253,23.796582],[90.333243,23.796578],[90.333187,23.796554]]]}},{"type":"Feature","properties":{"survey":"bds","sheet":"066","dag":"32775","label_bn":"32775","area_sqm":99.7},"geometry":{"type":"Polygon","coordinates":[[[90.333699,23.796182],[90.3337,23.796178],[90.333751,23.79607],[90.333798,23.796089],[90.333818,23.796098],[90.333792,23.796153],[90.333784,23.796171],[90.333767,23.796206],[90.333736,23.796195],[90.333732,23.796194],[90.333726,23.796192],[90.3337,23.796183],[90.333699,23.796182]]]}},{"type":"Feature","properties":{"survey":"bds","sheet":"066","dag":"32757","label_bn":"32757","area_sqm":99.7},"geometry":{"type":"Polygon","coordinates":[[[90.333319,23.796139],[90.333362,23.796035],[90.333365,23.796036],[90.333436,23.796067],[90.333391,23.796167],[90.333319,23.796139]]]}},{"type":"Feature","properties":{"survey":"bds","sheet":"066","dag":"32738","label_bn":"32738","area_sqm":99.8},"geometry":{"type":"Polygon","coordinates":[[[90.334224,23.796599],[90.334257,23.796522],[90.334332,23.796537],[90.334364,23.796548],[90.334372,23.796551],[90.33434,23.796588],[90.334317,23.796615],[90.334313,23.796619],[90.334224,23.796599]]]}},{"type":"Feature","properties":{"survey":"bds","sheet":"066","dag":"32798","label_bn":"32798","area_sqm":99.9},"geometry":{"type":"Polygon","coordinates":[[[90.334102,23.795432],[90.334115,23.795394],[90.334131,23.795352],[90.334238,23.795372],[90.334203,23.79545],[90.334102,23.795432]]]}},{"type":"Feature","properties":{"survey":"bds","sheet":"066","dag":"32774","label_bn":"32774","area_sqm":100.3},"geometry":{"type":"Polygon","coordinates":[[[90.333632,23.796157],[90.333637,23.796148],[90.333686,23.796042],[90.333747,23.796068],[90.333751,23.79607],[90.3337,23.796178],[90.333699,23.796182],[90.333693,23.796179],[90.333632,23.796157]]]}},{"type":"Feature","properties":{"survey":"bds","sheet":"066","dag":"32603","label_bn":"32603","area_sqm":100.3},"geometry":{"type":"Polygon","coordinates":[[[90.334821,23.798029],[90.334827,23.797913],[90.334827,23.797901],[90.334866,23.797904],[90.334901,23.797907],[90.334891,23.798007],[90.334889,23.798028],[90.334832,23.798029],[90.334821,23.798029]]]}},{"type":"Feature","properties":{"survey":"bds","sheet":"066","dag":"32813","label_bn":"32813","area_sqm":100.4},"geometry":{"type":"Polygon","coordinates":[[[90.334423,23.795486],[90.334473,23.795417],[90.334578,23.795462],[90.334527,23.795522],[90.334423,23.795486]]]}},{"type":"Feature","properties":{"survey":"bds","sheet":"066","dag":"32552","label_bn":"32552","area_sqm":100.4},"geometry":{"type":"Polygon","coordinates":[[[90.334708,23.797055],[90.334743,23.796981],[90.334751,23.796963],[90.334763,23.796971],[90.334781,23.796967],[90.334791,23.796966],[90.334825,23.797],[90.334815,23.79702],[90.334799,23.797051],[90.334775,23.797094],[90.334708,23.797055]]]}},{"type":"Feature","properties":{"survey":"bds","sheet":"066","dag":"32737","label_bn":"32737","area_sqm":100.6},"geometry":{"type":"Polygon","coordinates":[[[90.334165,23.796676],[90.334207,23.796595],[90.334224,23.796599],[90.334313,23.796619],[90.33426,23.796695],[90.334212,23.796686],[90.334165,23.796676]]]}},{"type":"Feature","properties":{"survey":"bds","sheet":"066","dag":"32657","label_bn":"32657","area_sqm":100.6},"geometry":{"type":"Polygon","coordinates":[[[90.335178,23.79742],[90.335182,23.797389],[90.335207,23.797411],[90.335224,23.797513],[90.335238,23.797595],[90.335239,23.7976],[90.335241,23.79761],[90.33524,23.79768],[90.335235,23.797716],[90.335216,23.797712],[90.335214,23.797648],[90.335213,23.797642],[90.335213,23.797627],[90.335207,23.797587],[90.335205,23.797572],[90.335191,23.797494],[90.335178,23.79742]]]}},{"type":"Feature","properties":{"survey":"bds","sheet":"066","dag":"32735","label_bn":"32735","area_sqm":101.3},"geometry":{"type":"Polygon","coordinates":[[[90.334122,23.796574],[90.334152,23.796496],[90.334257,23.796522],[90.334224,23.796599],[90.334207,23.796595],[90.334135,23.796579],[90.334122,23.796574]]]}},{"type":"Feature","properties":{"survey":"bds","sheet":"066","dag":"32807","label_bn":"32807","area_sqm":101.3},"geometry":{"type":"Polygon","coordinates":[[[90.334362,23.795126],[90.334364,23.795117],[90.334386,23.795038],[90.334487,23.795042],[90.33448,23.795067],[90.334465,23.795128],[90.334362,23.795126]]]}},{"type":"Feature","properties":{"survey":"bds","sheet":"066","dag":"32655","label_bn":"32655","area_sqm":102.9},"geometry":{"type":"Polygon","coordinates":[[[90.335291,23.797389],[90.335373,23.797367],[90.335392,23.797475],[90.335361,23.797482],[90.335311,23.797493],[90.335291,23.797389]]]}},{"type":"Feature","properties":{"survey":"bds","sheet":"066","dag":"32698","label_bn":"32698","area_sqm":103.0},"geometry":{"type":"Polygon","coordinates":[[[90.33434,23.796823],[90.334392,23.796748],[90.334395,23.796749],[90.334478,23.796799],[90.334478,23.796799],[90.334434,23.796861],[90.334425,23.796874],[90.33434,23.796823]]]}},{"type":"Feature","properties":{"survey":"bds","sheet":"066","dag":"32773","label_bn":"32773","area_sqm":103.2},"geometry":{"type":"Polygon","coordinates":[[[90.333566,23.796131],[90.333573,23.796117],[90.333621,23.796015],[90.333679,23.796039],[90.333686,23.796042],[90.333637,23.796148],[90.333632,23.796157],[90.333626,23.796155],[90.333582,23.79614],[90.333566,23.796131]]]}},{"type":"Feature","properties":{"survey":"bds","sheet":"066","dag":"32754","label_bn":"32754","area_sqm":103.3},"geometry":{"type":"Polygon","coordinates":[[[90.333441,23.796306],[90.333486,23.796186],[90.333491,23.796187],[90.333555,23.796212],[90.333505,23.79633],[90.333441,23.796306]]]}},{"type":"Feature","properties":{"survey":"bds","sheet":"066","dag":"32662","label_bn":"32662","area_sqm":103.3},"geometry":{"type":"Polygon","coordinates":[[[90.335346,23.797262],[90.335419,23.797242],[90.335461,23.79723],[90.335474,23.797311],[90.335374,23.797339],[90.335346,23.797262]]]}},{"type":"Feature","properties":{"survey":"bds","sheet":"066","dag":"32695","label_bn":"32695","area_sqm":103.6},"geometry":{"type":"Polygon","coordinates":[[[90.334529,23.796936],[90.33458,23.796862],[90.334607,23.796823],[90.334642,23.796869],[90.334643,23.796871],[90.334648,23.79688],[90.334635,23.796906],[90.334598,23.796979],[90.334529,23.796936]]]}},{"type":"Feature","properties":{"survey":"bds","sheet":"066","dag":"32726","label_bn":"32726","area_sqm":103.6},"geometry":{"type":"Polygon","coordinates":[[[90.333562,23.796554],[90.333592,23.796471],[90.333604,23.796473],[90.333692,23.79649],[90.333664,23.796576],[90.333562,23.796554]]]}},{"type":"Feature","properties":{"survey":"bds","sheet":"066","dag":"32656","label_bn":"32656","area_sqm":103.6},"geometry":{"type":"Polygon","coordinates":[[[90.335207,23.797411],[90.335291,23.797389],[90.335311,23.797493],[90.335224,23.797513],[90.335207,23.797411]]]}},{"type":"Feature","properties":{"survey":"bds","sheet":"066","dag":"32734","label_bn":"32734","area_sqm":103.9},"geometry":{"type":"Polygon","coordinates":[[[90.334014,23.796556],[90.334048,23.796474],[90.334152,23.796496],[90.334122,23.796574],[90.334014,23.796556]]]}},{"type":"Feature","properties":{"survey":"bds","sheet":"066","dag":"32605","label_bn":"32605","area_sqm":104.1},"geometry":{"type":"Polygon","coordinates":[[[90.3349,23.797886],[90.334914,23.797833],[90.334932,23.797825],[90.33493,23.797801],[90.335025,23.797835],[90.335009,23.797898],[90.334901,23.797907],[90.3349,23.797886]]]}},{"type":"Feature","properties":{"survey":"bds","sheet":"066","dag":"32627","label_bn":"32627","area_sqm":104.1},"geometry":{"type":"Polygon","coordinates":[[[90.335079,23.79752],[90.335191,23.797494],[90.335205,23.797572],[90.335184,23.797577],[90.335092,23.797599],[90.335082,23.797535],[90.335079,23.79752]]]}},{"type":"Feature","properties":{"survey":"bds","sheet":"066","dag":"32667","label_bn":"32667","area_sqm":104.2},"geometry":{"type":"Polygon","coordinates":[[[90.335395,23.797165],[90.335399,23.797164],[90.335506,23.797135],[90.33553,23.797211],[90.335461,23.79723],[90.335419,23.797242],[90.335395,23.797165]]]}},{"type":"Feature","properties":{"survey":"bds","sheet":"066","dag":"32542","label_bn":"32542","area_sqm":104.3},"geometry":{"type":"Polygon","coordinates":[[[90.333435,23.796826],[90.333502,23.796659],[90.333503,23.796658],[90.333549,23.796669],[90.333548,23.79667],[90.333526,23.796729],[90.333489,23.796825],[90.333479,23.796852],[90.333435,23.796826]]]}},{"type":"Feature","properties":{"survey":"bds","sheet":"066","dag":"32626","label_bn":"32626","area_sqm":105.1},"geometry":{"type":"Polygon","coordinates":[[[90.335052,23.797447],[90.335158,23.797423],[90.335178,23.79742],[90.335191,23.797494],[90.335079,23.79752],[90.335076,23.797509],[90.335052,23.797447]]]}},{"type":"Feature","properties":{"survey":"bds","sheet":"066","dag":"32521","label_bn":"32521","area_sqm":106.9},"geometry":{"type":"Polygon","coordinates":[[[90.333348,23.797508],[90.33343,23.797499],[90.3335,23.797491],[90.333503,23.797526],[90.333504,23.797551],[90.333354,23.797571],[90.333348,23.797508]]]}},{"type":"Feature","properties":{"survey":"bds","sheet":"066","dag":"32666","label_bn":"32666","area_sqm":107.3},"geometry":{"type":"Polygon","coordinates":[[[90.335506,23.797135],[90.33551,23.797134],[90.335615,23.797108],[90.335627,23.797105],[90.335642,23.797182],[90.335633,23.797184],[90.33553,23.797211],[90.335506,23.797135]]]}},{"type":"Feature","properties":{"survey":"bds","sheet":"066","dag":"32645","label_bn":"32645","area_sqm":107.5},"geometry":{"type":"Polygon","coordinates":[[[90.335527,23.797439],[90.335644,23.797408],[90.335656,23.797487],[90.335547,23.797519],[90.335527,23.797439]]]}},{"type":"Feature","properties":{"survey":"bds","sheet":"066","dag":"32696","label_bn":"32696","area_sqm":108.0},"geometry":{"type":"Polygon","coordinates":[[[90.334222,23.796787],[90.334231,23.796758],[90.334268,23.79678],[90.33433,23.796812],[90.33434,23.796823],[90.334425,23.796874],[90.334529,23.796936],[90.334598,23.796979],[90.334576,23.796991],[90.334473,23.796928],[90.334372,23.796867],[90.334359,23.79686],[90.334316,23.796832],[90.334222,23.796787]]]}},{"type":"Feature","properties":{"survey":"bds","sheet":"066","dag":"32805","label_bn":"32805","area_sqm":108.2},"geometry":{"type":"Polygon","coordinates":[[[90.334501,23.794986],[90.334506,23.794964],[90.334506,23.794964],[90.334513,23.794936],[90.334521,23.794905],[90.334636,23.79491],[90.334634,23.794914],[90.334613,23.794994],[90.334501,23.794986]]]}},{"type":"Feature","properties":{"survey":"bds","sheet":"066","dag":"32664","label_bn":"32664","area_sqm":108.7},"geometry":{"type":"Polygon","coordinates":[[[90.33553,23.797211],[90.335633,23.797184],[90.335642,23.797182],[90.335655,23.797265],[90.335649,23.797267],[90.335546,23.797294],[90.33553,23.797213],[90.33553,23.797211]]]}},{"type":"Feature","properties":{"survey":"bds","sheet":"066","dag":"32804","label_bn":"32804","area_sqm":109.7},"geometry":{"type":"Polygon","coordinates":[[[90.334521,23.794905],[90.334525,23.794891],[90.334539,23.794835],[90.334542,23.794823],[90.334658,23.794825],[90.334636,23.79491],[90.334521,23.794905]]]}},{"type":"Feature","properties":{"survey":"bds","sheet":"066","dag":"32515","label_bn":"32515","area_sqm":109.9},"geometry":{"type":"Polygon","coordinates":[[[90.333549,23.797747],[90.33366,23.797732],[90.333667,23.797731],[90.333676,23.797773],[90.333682,23.797802],[90.333667,23.797806],[90.333557,23.797832],[90.333549,23.797747]]]}},{"type":"Feature","properties":{"survey":"bds","sheet":"066","dag":"32522","label_bn":"32522","area_sqm":111.0},"geometry":{"type":"Polygon","coordinates":[[[90.333258,23.797454],[90.333368,23.797478],[90.33349,23.797463],[90.333504,23.797462],[90.333524,23.797465],[90.333578,23.797479],[90.333574,23.797508],[90.333534,23.797498],[90.3335,23.797491],[90.33343,23.797499],[90.333348,23.797508],[90.333337,23.797506],[90.333299,23.797501],[90.333268,23.79749],[90.333262,23.797488],[90.333258,23.797454]]]}},{"type":"Feature","properties":{"survey":"bds","sheet":"066","dag":"32614","label_bn":"32614","area_sqm":111.1},"geometry":{"type":"Polygon","coordinates":[[[90.334636,23.797822],[90.334782,23.797818],[90.334786,23.79789],[90.334673,23.797895],[90.334664,23.797895],[90.334636,23.797822]]]}},{"type":"Feature","properties":{"survey":"bds","sheet":"066","dag":"32573","label_bn":"32573","area_sqm":153.8},"geometry":{"type":"Polygon","coordinates":[[[90.334358,23.798008],[90.33437,23.798068],[90.334374,23.798088],[90.334374,23.798088],[90.334374,23.798092],[90.33438,23.798121],[90.334381,23.798127],[90.334275,23.798149],[90.334272,23.798126],[90.334272,23.798125],[90.334272,23.798125],[90.33427,23.798111],[90.334258,23.798014],[90.334357,23.798005],[90.334358,23.798008]]]}},{"type":"Feature","properties":{"survey":"bds","sheet":"066","dag":"32578","label_bn":"32578","area_sqm":162.3},"geometry":{"type":"Polygon","coordinates":[[[90.334631,23.797907],[90.334633,23.797914],[90.334614,23.797917],[90.334613,23.797917],[90.334607,23.797918],[90.334596,23.797921],[90.334568,23.797926],[90.334568,23.797926],[90.334562,23.797927],[90.334534,23.797932],[90.334433,23.797945],[90.334432,23.797932],[90.334432,23.797902],[90.334431,23.797871],[90.334549,23.797854],[90.334556,23.797853],[90.334556,23.797853],[90.334589,23.797848],[90.334596,23.797847],[90.334596,23.797847],[90.334612,23.797845],[90.334631,23.797907]]]}},{"type":"Feature","properties":{"survey":"bds","sheet":"066","dag":"32675","label_bn":"32675","area_sqm":112.0},"geometry":{"type":"Polygon","coordinates":[[[90.335255,23.79709],[90.335326,23.797073],[90.335375,23.797061],[90.33539,23.797139],[90.335385,23.79714],[90.335273,23.797171],[90.335255,23.79709]]]}},{"type":"Feature","properties":{"survey":"bds","sheet":"066","dag":"32545","label_bn":"32545","area_sqm":112.1},"geometry":{"type":"Polygon","coordinates":[[[90.334208,23.79685],[90.334219,23.796796],[90.334222,23.796787],[90.334316,23.796832],[90.334359,23.79686],[90.334329,23.796919],[90.334208,23.79685]]]}},{"type":"Feature","properties":{"survey":"bds","sheet":"066","dag":"32625","label_bn":"32625","area_sqm":112.3},"geometry":{"type":"Polygon","coordinates":[[[90.335026,23.797368],[90.335146,23.797336],[90.335158,23.797423],[90.335052,23.797447],[90.335026,23.797368]]]}},{"type":"Feature","properties":{"survey":"bds","sheet":"066","dag":"32674","label_bn":"32674","area_sqm":112.4},"geometry":{"type":"Polygon","coordinates":[[[90.335142,23.797117],[90.335228,23.797097],[90.335251,23.797091],[90.335255,23.79709],[90.335273,23.797171],[90.335157,23.797202],[90.335142,23.797117]]]}},{"type":"Feature","properties":{"survey":"bds","sheet":"066","dag":"32882","label_bn":"32882","area_sqm":112.7},"geometry":{"type":"Polygon","coordinates":[[[90.335858,23.795855],[90.335939,23.795835],[90.33594,23.795841],[90.335942,23.795846],[90.335968,23.795951],[90.335943,23.795957],[90.335887,23.79597],[90.335861,23.795868],[90.33586,23.795862],[90.335858,23.795855]]]}},{"type":"Feature","properties":{"survey":"bds","sheet":"066","dag":"32710","label_bn":"32710","area_sqm":113.3},"geometry":{"type":"Polygon","coordinates":[[[90.33409,23.796776],[90.334125,23.796696],[90.33419,23.796709],[90.334249,23.796721],[90.334256,23.796722],[90.334231,23.796758],[90.334222,23.796787],[90.334201,23.796785],[90.33409,23.796776]]]}},{"type":"Feature","properties":{"survey":"bds","sheet":"066","dag":"32519","label_bn":"32519","area_sqm":113.6},"geometry":{"type":"Polygon","coordinates":[[[90.333363,23.797662],[90.33351,23.797644],[90.333511,23.797644],[90.333516,23.797711],[90.333371,23.797729],[90.333371,23.797729],[90.333371,23.797727],[90.333363,23.797662]]]}},{"type":"Feature","properties":{"survey":"bds","sheet":"066","dag":"32676","label_bn":"32676","area_sqm":113.7},"geometry":{"type":"Polygon","coordinates":[[[90.335375,23.797061],[90.335407,23.797047],[90.335419,23.797042],[90.335456,23.797033],[90.335494,23.797025],[90.335503,23.797107],[90.335396,23.797137],[90.33539,23.797139],[90.335375,23.797061]]]}},{"type":"Feature","properties":{"survey":"bds","sheet":"066","dag":"32504","label_bn":"32504","area_sqm":114.1},"geometry":{"type":"Polygon","coordinates":[[[90.333717,23.797945],[90.333886,23.797889],[90.333908,23.797951],[90.333825,23.797967],[90.333743,23.797996],[90.333717,23.797945]]]}},{"type":"Feature","properties":{"survey":"bds","sheet":"066","dag":"32760","label_bn":"32760","area_sqm":115.0},"geometry":{"type":"Polygon","coordinates":[[[90.333119,23.796159],[90.333138,23.796096],[90.333284,23.796148],[90.333262,23.796211],[90.333119,23.796159]]]}},{"type":"Feature","properties":{"survey":"bds","sheet":"066","dag":"32793","label_bn":"32793","area_sqm":116.0},"geometry":{"type":"Polygon","coordinates":[[[90.334097,23.795198],[90.334123,23.795106],[90.334229,23.795108],[90.3342,23.795209],[90.334199,23.795208],[90.334155,23.795204],[90.334097,23.795198]]]}},{"type":"Feature","properties":{"survey":"bds","sheet":"066","dag":"32677","label_bn":"32677","area_sqm":116.2},"geometry":{"type":"Polygon","coordinates":[[[90.335494,23.797025],[90.335525,23.797013],[90.335544,23.797006],[90.335547,23.797006],[90.335588,23.796996],[90.335611,23.796991],[90.335619,23.797076],[90.335608,23.797079],[90.335512,23.797105],[90.335503,23.797107],[90.335494,23.797025]]]}},{"type":"Feature","properties":{"survey":"bds","sheet":"066","dag":"32705","label_bn":"32705","area_sqm":116.2},"geometry":{"type":"Polygon","coordinates":[[[90.33472,23.796655],[90.334733,23.796641],[90.334773,23.796631],[90.334826,23.796618],[90.334831,23.796617],[90.334838,23.796719],[90.334825,23.796722],[90.334754,23.796739],[90.334731,23.796682],[90.33472,23.796655]]]}},{"type":"Feature","properties":{"survey":"bds","sheet":"066","dag":"32803","label_bn":"32803","area_sqm":116.9},"geometry":{"type":"Polygon","coordinates":[[[90.334411,23.794932],[90.334412,23.794926],[90.334425,23.79487],[90.334433,23.794835],[90.334539,23.794835],[90.334525,23.794891],[90.334521,23.794905],[90.334513,23.794936],[90.334411,23.794932]]]}},{"type":"Feature","properties":{"survey":"bds","sheet":"066","dag":"32668","label_bn":"32668","area_sqm":117.1},"geometry":{"type":"Polygon","coordinates":[[[90.335278,23.797195],[90.335395,23.797165],[90.335419,23.797242],[90.335346,23.797262],[90.335306,23.797273],[90.335291,23.797278],[90.335286,23.797242],[90.335278,23.797195]]]}},{"type":"Feature","properties":{"survey":"bds","sheet":"066","dag":"32733","label_bn":"32733","area_sqm":117.3},"geometry":{"type":"Polygon","coordinates":[[[90.333981,23.796636],[90.334014,23.796556],[90.334122,23.796574],[90.334135,23.796579],[90.334094,23.796659],[90.333981,23.796636]]]}},{"type":"Feature","properties":{"survey":"bds","sheet":"066","dag":"32836","label_bn":"32836","area_sqm":118.8},"geometry":{"type":"Polygon","coordinates":[[[90.33455,23.79586],[90.334639,23.795756],[90.334707,23.795796],[90.334617,23.795899],[90.334571,23.795872],[90.33455,23.79586]]]}},{"type":"Feature","properties":{"survey":"bds","sheet":"066","dag":"32743","label_bn":"32743","area_sqm":120.5},"geometry":{"type":"Polygon","coordinates":[[[90.333948,23.796354],[90.33398,23.796284],[90.334002,23.796236],[90.334084,23.796261],[90.334031,23.796373],[90.334017,23.79637],[90.334003,23.796367],[90.333985,23.796363],[90.333948,23.796354]]]}},{"type":"Feature","properties":{"survey":"bds","sheet":"066","dag":"32669","label_bn":"32669","area_sqm":121.1},"geometry":{"type":"Polygon","coordinates":[[[90.33516,23.79722],[90.335278,23.797195],[90.335286,23.797242],[90.335291,23.797278],[90.335258,23.797287],[90.335255,23.797288],[90.335175,23.797306],[90.335169,23.797309],[90.33516,23.79722]]]}},{"type":"Feature","properties":{"survey":"bds","sheet":"066","dag":"32786","label_bn":"32786","area_sqm":122.2},"geometry":{"type":"Polygon","coordinates":[[[90.334,23.794957],[90.334096,23.794959],[90.334087,23.795077],[90.334,23.795075],[90.334,23.794957]]]}},{"type":"Feature","properties":{"survey":"bds","sheet":"066","dag":"32650","label_bn":"32650","area_sqm":122.4},"geometry":{"type":"Polygon","coordinates":[[[90.33524,23.79768],[90.335241,23.79761],[90.335256,23.797607],[90.335361,23.797585],[90.335361,23.79766],[90.335361,23.79768],[90.335361,23.797694],[90.335343,23.797692],[90.33524,23.79768]]]}},{"type":"Feature","properties":{"survey":"bds","sheet":"066","dag":"32541","label_bn":"32541","area_sqm":122.6},"geometry":{"type":"Polygon","coordinates":[[[90.333379,23.796794],[90.333438,23.796647],[90.333492,23.796656],[90.333503,23.796658],[90.333502,23.796659],[90.333435,23.796826],[90.333379,23.796794]]]}},{"type":"Feature","properties":{"survey":"bds","sheet":"066","dag":"32527","label_bn":"32527","area_sqm":123.2},"geometry":{"type":"Polygon","coordinates":[[[90.333567,23.797253],[90.333697,23.797249],[90.333709,23.797248],[90.333737,23.797326],[90.333721,23.797325],[90.333579,23.797321],[90.333567,23.797253]]]}},{"type":"Feature","properties":{"survey":"bds","sheet":"066","dag":"32806","label_bn":"32806","area_sqm":123.8},"geometry":{"type":"Polygon","coordinates":[[[90.334386,23.795038],[90.334387,23.795031],[90.334397,23.794991],[90.334411,23.794932],[90.334513,23.794936],[90.334506,23.794964],[90.334506,23.794964],[90.334501,23.794986],[90.334493,23.795018],[90.334487,23.795042],[90.334386,23.795038]]]}},{"type":"Feature","properties":{"survey":"bds","sheet":"066","dag":"32802","label_bn":"32802","area_sqm":124.0},"geometry":{"type":"Polygon","coordinates":[[[90.33431,23.795217],[90.334335,23.795114],[90.334367,23.794983],[90.334371,23.794969],[90.334396,23.794864],[90.334425,23.79487],[90.334412,23.794926],[90.334411,23.794932],[90.334397,23.794991],[90.334387,23.795031],[90.334386,23.795038],[90.334364,23.795117],[90.334362,23.795126],[90.334341,23.795221],[90.33431,23.795217]]]}},{"type":"Feature","properties":{"survey":"bds","sheet":"066","dag":"32528","label_bn":"32528","area_sqm":124.6},"geometry":{"type":"Polygon","coordinates":[[[90.333555,23.797174],[90.333557,23.797174],[90.333566,23.797173],[90.333689,23.79717],[90.333701,23.79717],[90.333694,23.797197],[90.333709,23.797248],[90.333697,23.797249],[90.333567,23.797253],[90.33356,23.797203],[90.333555,23.797174]]]}},{"type":"Feature","properties":{"survey":"bds","sheet":"066","dag":"32589","label_bn":"32589","area_sqm":124.6},"geometry":{"type":"Polygon","coordinates":[[[90.334266,23.797657],[90.334418,23.797637],[90.334416,23.797685],[90.334397,23.797685],[90.3344,23.79772],[90.334347,23.79773],[90.334286,23.79774],[90.334273,23.797678],[90.334267,23.79766],[90.334266,23.797657]]]}},{"type":"Feature","properties":{"survey":"bds","sheet":"066","dag":"32847","label_bn":"32847","area_sqm":125.1},"geometry":{"type":"Polygon","coordinates":[[[90.334834,23.795979],[90.334896,23.795921],[90.334905,23.795912],[90.334965,23.796008],[90.334972,23.796018],[90.334885,23.796067],[90.334883,23.796064],[90.334834,23.795979]]]}},{"type":"Feature","properties":{"survey":"bds","sheet":"066","dag":"32550","label_bn":"32550","area_sqm":125.5},"geometry":{"type":"Polygon","coordinates":[[[90.33457,23.797357],[90.334636,23.79726],[90.334667,23.797204],[90.334672,23.797196],[90.334624,23.797141],[90.334629,23.797135],[90.334639,23.79712],[90.334676,23.797055],[90.334576,23.796991],[90.334598,23.796979],[90.33465,23.797015],[90.334685,23.797039],[90.334708,23.797055],[90.334652,23.797148],[90.334681,23.797185],[90.3347,23.797196],[90.334687,23.797219],[90.334664,23.797261],[90.334591,23.797368],[90.33457,23.797357]]]}},{"type":"Feature","properties":{"survey":"bds","sheet":"066","dag":"32821","label_bn":"32821","area_sqm":125.7},"geometry":{"type":"Polygon","coordinates":[[[90.334258,23.796356],[90.334317,23.796278],[90.334417,23.796341],[90.334362,23.796412],[90.334274,23.796365],[90.334258,23.796356]]]}},{"type":"Feature","properties":{"survey":"bds","sheet":"066","dag":"32694","label_bn":"32694","area_sqm":126.2},"geometry":{"type":"Polygon","coordinates":[[[90.334576,23.796781],[90.334704,23.796751],[90.334726,23.796851],[90.334643,23.796871],[90.334642,23.796869],[90.334607,23.796823],[90.334576,23.796781]]]}},{"type":"Feature","properties":{"survey":"bds","sheet":"066","dag":"32619","label_bn":"32619","area_sqm":128.9},"geometry":{"type":"Polygon","coordinates":[[[90.334769,23.797424],[90.33477,23.797429],[90.334788,23.797515],[90.334697,23.797535],[90.334692,23.797534],[90.334691,23.797534],[90.334624,23.797531],[90.334638,23.797509],[90.33466,23.797483],[90.334679,23.797464],[90.334693,23.797453],[90.334707,23.797441],[90.334708,23.797441],[90.334718,23.797435],[90.334718,23.797435],[90.334723,23.797431],[90.33474,23.797424],[90.334768,23.797422],[90.334769,23.797424]]]}},{"type":"Feature","properties":{"survey":"bds","sheet":"066","dag":"32790","label_bn":"32790","area_sqm":126.9},"geometry":{"type":"Polygon","coordinates":[[[90.334277,23.794965],[90.334278,23.794958],[90.334298,23.794843],[90.334298,23.794843],[90.334298,23.794843],[90.334396,23.794864],[90.334371,23.794969],[90.334308,23.794966],[90.334277,23.794965]]]}},{"type":"Feature","properties":{"survey":"bds","sheet":"066","dag":"32792","label_bn":"32792","area_sqm":127.3},"geometry":{"type":"Polygon","coordinates":[[[90.3342,23.795209],[90.334229,23.795108],[90.334335,23.795114],[90.33431,23.795217],[90.3342,23.795209]]]}},{"type":"Feature","properties":{"survey":"bds","sheet":"066","dag":"32549","label_bn":"32549","area_sqm":127.3},"geometry":{"type":"Polygon","coordinates":[[[90.334528,23.797077],[90.334576,23.796991],[90.334676,23.797055],[90.334639,23.79712],[90.334629,23.797135],[90.334528,23.797077]]]}},{"type":"Feature","properties":{"survey":"bds","sheet":"066","dag":"32507","label_bn":"32507","area_sqm":127.3},"geometry":{"type":"Polygon","coordinates":[[[90.333662,23.797714],[90.333829,23.797666],[90.333848,23.797731],[90.333676,23.797773],[90.333667,23.797731],[90.333662,23.797714]]]}},{"type":"Feature","properties":{"survey":"bds","sheet":"066","dag":"32699","label_bn":"32699","area_sqm":128.1},"geometry":{"type":"Polygon","coordinates":[[[90.334392,23.796748],[90.334422,23.796708],[90.334416,23.796704],[90.334423,23.796694],[90.334436,23.796675],[90.334465,23.796637],[90.334514,23.796705],[90.334529,23.796722],[90.334492,23.796778],[90.334478,23.796799],[90.334395,23.796749],[90.334392,23.796748]]]}},{"type":"Feature","properties":{"survey":"bds","sheet":"066","dag":"32877","label_bn":"32877","area_sqm":128.3},"geometry":{"type":"Polygon","coordinates":[[[90.33603,23.796078],[90.336034,23.796077],[90.336038,23.796076],[90.336078,23.796069],[90.336078,23.796069],[90.336095,23.796066],[90.336189,23.79605],[90.336192,23.796122],[90.336114,23.796136],[90.336045,23.796151],[90.336031,23.79608],[90.33603,23.796078]]]}},{"type":"Feature","properties":{"survey":"bds","sheet":"066","dag":"32701","label_bn":"32701","area_sqm":128.7},"geometry":{"type":"Polygon","coordinates":[[[90.334231,23.796758],[90.334256,23.796722],[90.334297,23.796675],[90.334387,23.796732],[90.33433,23.796812],[90.334268,23.79678],[90.334231,23.796758]]]}},{"type":"Feature","properties":{"survey":"bds","sheet":"066","dag":"32784","label_bn":"32784","area_sqm":129.4},"geometry":{"type":"Polygon","coordinates":[[[90.333827,23.795067],[90.333829,23.79494],[90.333915,23.794935],[90.333915,23.795071],[90.333827,23.795067]]]}},{"type":"Feature","properties":{"survey":"bds","sheet":"066","dag":"32721","label_bn":"32721","area_sqm":131.0},"geometry":{"type":"Polygon","coordinates":[[[90.333338,23.796387],[90.33337,23.796309],[90.333382,23.796313],[90.333493,23.796355],[90.333465,23.796428],[90.333461,23.796439],[90.333338,23.796387]]]}},{"type":"Feature","properties":{"survey":"bds","sheet":"066","dag":"32833","label_bn":"32833","area_sqm":132.7},"geometry":{"type":"Polygon","coordinates":[[[90.334671,23.795932],[90.334738,23.795857],[90.334843,23.795924],[90.33477,23.795991],[90.334671,23.795932]]]}},{"type":"Feature","properties":{"survey":"bds","sheet":"066","dag":"32652","label_bn":"32652","area_sqm":133.2},"geometry":{"type":"Polygon","coordinates":[[[90.335224,23.797513],[90.335311,23.797493],[90.335361,23.797482],[90.335376,23.797563],[90.335238,23.797595],[90.335224,23.797513]]]}},{"type":"Feature","properties":{"survey":"bds","sheet":"066","dag":"32753","label_bn":"32753","area_sqm":133.3},"geometry":{"type":"Polygon","coordinates":[[[90.333425,23.796161],[90.333458,23.796076],[90.333498,23.796096],[90.333515,23.796105],[90.333556,23.796125],[90.333566,23.796131],[90.333582,23.79614],[90.333555,23.796212],[90.333491,23.796187],[90.333486,23.796186],[90.333431,23.796163],[90.333425,23.796161]]]}},{"type":"Feature","properties":{"survey":"bds","sheet":"066","dag":"32854","label_bn":"32854","area_sqm":133.6},"geometry":{"type":"Polygon","coordinates":[[[90.335056,23.796206],[90.335177,23.796178],[90.335196,23.796273],[90.335079,23.7963],[90.335056,23.796206]]]}},{"type":"Feature","properties":{"survey":"bds","sheet":"066","dag":"32856","label_bn":"32856","area_sqm":133.6},"geometry":{"type":"Polygon","coordinates":[[[90.335234,23.796288],[90.335349,23.796263],[90.335353,23.796282],[90.33537,23.796359],[90.335254,23.796387],[90.335236,23.796296],[90.335234,23.796288]]]}},{"type":"Feature","properties":{"survey":"bds","sheet":"066","dag":"32620","label_bn":"32620","area_sqm":136.4},"geometry":{"type":"Polygon","coordinates":[[[90.334883,23.7974],[90.334917,23.797469],[90.334922,23.797481],[90.334851,23.797499],[90.334831,23.797504],[90.334788,23.797515],[90.33477,23.797429],[90.334769,23.797424],[90.334768,23.797422],[90.334812,23.797411],[90.334814,23.79741],[90.334823,23.797408],[90.33488,23.797395],[90.334883,23.7974]]]}},{"type":"Feature","properties":{"survey":"bds","sheet":"066","dag":"32875","label_bn":"32875","area_sqm":134.0},"geometry":{"type":"Polygon","coordinates":[[[90.335949,23.795982],[90.336012,23.795973],[90.336058,23.795966],[90.336078,23.796069],[90.336078,23.796069],[90.336038,23.796076],[90.336034,23.796077],[90.33603,23.796078],[90.335975,23.796095],[90.335972,23.796081],[90.335949,23.795982]]]}},{"type":"Feature","properties":{"survey":"bds","sheet":"066","dag":"32565","label_bn":"32565","area_sqm":134.1},"geometry":{"type":"Polygon","coordinates":[[[90.333849,23.797653],[90.333989,23.797609],[90.334001,23.797637],[90.334018,23.797678],[90.334019,23.797682],[90.333869,23.797727],[90.333868,23.797723],[90.333849,23.797653]]]}},{"type":"Feature","properties":{"survey":"bds","sheet":"066","dag":"32722","label_bn":"32722","area_sqm":134.4},"geometry":{"type":"Polygon","coordinates":[[[90.333305,23.79647],[90.333338,23.796387],[90.333461,23.796439],[90.333427,23.796522],[90.333305,23.79647]]]}},{"type":"Feature","properties":{"survey":"bds","sheet":"066","dag":"32665","label_bn":"32665","area_sqm":134.9},"geometry":{"type":"Polygon","coordinates":[[[90.335627,23.797105],[90.335775,23.797069],[90.335782,23.797151],[90.33571,23.797168],[90.335642,23.797182],[90.335627,23.797105]]]}},{"type":"Feature","properties":{"survey":"bds","sheet":"066","dag":"32712","label_bn":"32712","area_sqm":135.3},"geometry":{"type":"Polygon","coordinates":[[[90.333886,23.796736],[90.333922,23.796654],[90.334056,23.796681],[90.334021,23.796763],[90.333886,23.796736]]]}},{"type":"Feature","properties":{"survey":"bds","sheet":"066","dag":"32597","label_bn":"32597","area_sqm":135.6},"geometry":{"type":"Polygon","coordinates":[[[90.334235,23.797574],[90.33424,23.797574],[90.334355,23.797578],[90.334377,23.797578],[90.33442,23.79758],[90.334418,23.797637],[90.334266,23.797657],[90.334235,23.797576],[90.334235,23.797574]]]}},{"type":"Feature","properties":{"survey":"bds","sheet":"066","dag":"32785","label_bn":"32785","area_sqm":136.6},"geometry":{"type":"Polygon","coordinates":[[[90.333915,23.794935],[90.334,23.79493],[90.334,23.794957],[90.334,23.795075],[90.333915,23.795071],[90.333915,23.794935]]]}},{"type":"Feature","properties":{"survey":"bds","sheet":"066","dag":"32883","label_bn":"32883","area_sqm":137.3},"geometry":{"type":"Polygon","coordinates":[[[90.335939,23.795835],[90.33604,23.795824],[90.336071,23.795939],[90.335968,23.795951],[90.335942,23.795846],[90.33594,23.795841],[90.335939,23.795835]]]}},{"type":"Feature","properties":{"survey":"bds","sheet":"066","dag":"32717","label_bn":"32717","area_sqm":137.3},"geometry":{"type":"Polygon","coordinates":[[[90.333265,23.796585],[90.333265,23.796585],[90.333295,23.796496],[90.333416,23.796549],[90.333384,23.796627],[90.33338,23.796635],[90.333348,23.796621],[90.333265,23.796585]]]}},{"type":"Feature","properties":{"survey":"bds","sheet":"066","dag":"32873","label_bn":"32873","area_sqm":137.4},"geometry":{"type":"Polygon","coordinates":[[[90.335804,23.796019],[90.335922,23.79599],[90.335943,23.796088],[90.335826,23.796117],[90.335804,23.796019]]]}},{"type":"Feature","properties":{"survey":"bds","sheet":"066","dag":"32612","label_bn":"32612","area_sqm":137.4},"geometry":{"type":"Polygon","coordinates":[[[90.334782,23.797818],[90.334857,23.797807],[90.334908,23.797803],[90.33493,23.797801],[90.334932,23.797825],[90.334914,23.797833],[90.3349,23.797886],[90.334901,23.797907],[90.334866,23.797904],[90.334827,23.797901],[90.334785,23.797903],[90.334786,23.79789],[90.334782,23.797818]]]}},{"type":"Feature","properties":{"survey":"bds","sheet":"066","dag":"32683","label_bn":"32683","area_sqm":137.4},"geometry":{"type":"Polygon","coordinates":[[[90.335077,23.79708],[90.335091,23.797025],[90.335123,23.797017],[90.335134,23.797015],[90.335198,23.797],[90.335213,23.79705],[90.335216,23.79706],[90.335228,23.797097],[90.335142,23.797117],[90.335101,23.797094],[90.335077,23.79708]]]}},{"type":"Feature","properties":{"survey":"bds","sheet":"066","dag":"32729","label_bn":"32729","area_sqm":137.5},"geometry":{"type":"Polygon","coordinates":[[[90.333739,23.796499],[90.333772,23.796416],[90.333909,23.796445],[90.333876,23.796525],[90.333876,23.796525],[90.33384,23.796519],[90.333831,23.796517],[90.333739,23.796499]]]}},{"type":"Feature","properties":{"survey":"bds","sheet":"066","dag":"32878","label_bn":"32878","area_sqm":137.6},"geometry":{"type":"Polygon","coordinates":[[[90.336058,23.795966],[90.336076,23.795963],[90.336092,23.795961],[90.336178,23.795947],[90.336189,23.79605],[90.336095,23.796066],[90.336078,23.796069],[90.336058,23.795966]]]}},{"type":"Feature","properties":{"survey":"bds","sheet":"066","dag":"32884","label_bn":"32884","area_sqm":138.8},"geometry":{"type":"Polygon","coordinates":[[[90.33604,23.795824],[90.336147,23.795814],[90.336175,23.795924],[90.33609,23.795936],[90.336071,23.795939],[90.33604,23.795824]]]}},{"type":"Feature","properties":{"survey":"bds","sheet":"066","dag":"32872","label_bn":"32872","area_sqm":138.9},"geometry":{"type":"Polygon","coordinates":[[[90.335686,23.796049],[90.335804,23.796019],[90.335826,23.796117],[90.335708,23.796147],[90.335686,23.796049]]]}},{"type":"Feature","properties":{"survey":"bds","sheet":"066","dag":"32731","label_bn":"32731","area_sqm":139.7},"geometry":{"type":"Polygon","coordinates":[[[90.333876,23.796525],[90.333876,23.796525],[90.333909,23.796445],[90.334048,23.796474],[90.334014,23.796556],[90.333927,23.796537],[90.33392,23.796536],[90.333876,23.796525]]]}},{"type":"Feature","properties":{"survey":"bds","sheet":"066","dag":"32869","label_bn":"32869","area_sqm":140.0},"geometry":{"type":"Polygon","coordinates":[[[90.335457,23.796104],[90.335568,23.796076],[90.335589,23.796176],[90.335471,23.79621],[90.335457,23.796104]]]}},{"type":"Feature","properties":{"survey":"bds","sheet":"066","dag":"32728","label_bn":"32728","area_sqm":140.3},"geometry":{"type":"Polygon","coordinates":[[[90.333604,23.796473],[90.333636,23.796387],[90.333772,23.796416],[90.333739,23.796499],[90.333692,23.79649],[90.333604,23.796473]]]}},{"type":"Feature","properties":{"survey":"bds","sheet":"066","dag":"32855","label_bn":"32855","area_sqm":140.3},"geometry":{"type":"Polygon","coordinates":[[[90.334885,23.796346],[90.334991,23.796323],[90.335079,23.7963],[90.335196,23.796273],[90.335177,23.796178],[90.335206,23.796169],[90.335229,23.796265],[90.335234,23.796288],[90.335236,23.796296],[90.335254,23.796387],[90.335222,23.796396],[90.335199,23.796289],[90.335082,23.796316],[90.334888,23.796362],[90.334885,23.796346]]]}},{"type":"Feature","properties":{"survey":"bds","sheet":"066","dag":"32741","label_bn":"32741","area_sqm":140.7},"geometry":{"type":"Polygon","coordinates":[[[90.334152,23.796469],[90.334183,23.796362],[90.334195,23.796322],[90.334248,23.79635],[90.334258,23.796356],[90.334274,23.796365],[90.334261,23.796409],[90.334239,23.796488],[90.334235,23.796487],[90.334152,23.796469]]]}},{"type":"Feature","properties":{"survey":"bds","sheet":"066","dag":"32750","label_bn":"32750","area_sqm":140.9},"geometry":{"type":"Polygon","coordinates":[[[90.333657,23.796365],[90.333701,23.796256],[90.33372,23.796207],[90.333793,23.79622],[90.33373,23.79638],[90.333657,23.796365]]]}},{"type":"Feature","properties":{"survey":"bds","sheet":"066","dag":"32503","label_bn":"32503","area_sqm":140.9},"geometry":{"type":"Polygon","coordinates":[[[90.333743,23.797996],[90.333825,23.797967],[90.333908,23.797951],[90.33393,23.798021],[90.333849,23.798041],[90.333772,23.798059],[90.333743,23.797996]]]}},{"type":"Feature","properties":{"survey":"bds","sheet":"066","dag":"32658","label_bn":"32658","area_sqm":141.3},"geometry":{"type":"Polygon","coordinates":[[[90.335182,23.797389],[90.335272,23.797366],[90.335327,23.797352],[90.335374,23.797339],[90.335474,23.797311],[90.335546,23.797294],[90.335649,23.797267],[90.335655,23.797265],[90.335656,23.797291],[90.335628,23.7973],[90.335508,23.797329],[90.335478,23.797337],[90.335373,23.797367],[90.335291,23.797389],[90.335207,23.797411],[90.335182,23.797389]]]}},{"type":"Feature","properties":{"survey":"bds","sheet":"066","dag":"32727","label_bn":"32727","area_sqm":141.4},"geometry":{"type":"Polygon","coordinates":[[[90.333664,23.796576],[90.333692,23.79649],[90.333739,23.796499],[90.333831,23.796517],[90.3338,23.796601],[90.333664,23.796576]]]}},{"type":"Feature","properties":{"survey":"bds","sheet":"066","dag":"32604","label_bn":"32604","area_sqm":141.9},"geometry":{"type":"Polygon","coordinates":[[[90.334889,23.798028],[90.334891,23.798007],[90.334901,23.797907],[90.335009,23.797898],[90.335008,23.797905],[90.335007,23.797906],[90.334988,23.798003],[90.334986,23.798013],[90.334985,23.798017],[90.334983,23.798027],[90.334889,23.798028]]]}},{"type":"Feature","properties":{"survey":"bds","sheet":"066","dag":"32584","label_bn":"32584","area_sqm":143.7},"geometry":{"type":"Polygon","coordinates":[[[90.334248,23.797749],[90.334286,23.79774],[90.334347,23.79773],[90.3344,23.79772],[90.334409,23.797802],[90.334369,23.797811],[90.334353,23.797814],[90.334346,23.797816],[90.33429,23.797828],[90.334268,23.797833],[90.334248,23.797749]]]}},{"type":"Feature","properties":{"survey":"bds","sheet":"066","dag":"32654","label_bn":"32654","area_sqm":143.8},"geometry":{"type":"Polygon","coordinates":[[[90.335373,23.797367],[90.335478,23.797337],[90.335498,23.797447],[90.335502,23.797457],[90.335392,23.797475],[90.335373,23.797367]]]}},{"type":"Feature","properties":{"survey":"bds","sheet":"066","dag":"32814","label_bn":"32814","area_sqm":144.0},"geometry":{"type":"Polygon","coordinates":[[[90.334102,23.795432],[90.334203,23.79545],[90.3343,23.795465],[90.334339,23.795472],[90.334423,23.795486],[90.334423,23.795486],[90.334527,23.795522],[90.334509,23.795544],[90.334408,23.79552],[90.334402,23.795519],[90.334326,23.7955],[90.334138,23.795469],[90.334102,23.795432]]]}},{"type":"Feature","properties":{"survey":"bds","sheet":"066","dag":"32863","label_bn":"32863","area_sqm":145.1},"geometry":{"type":"Polygon","coordinates":[[[90.33583,23.796141],[90.335947,23.796104],[90.335951,23.796123],[90.335969,23.796211],[90.33585,23.796239],[90.335838,23.796184],[90.33583,23.796141]]]}},{"type":"Feature","properties":{"survey":"bds","sheet":"066","dag":"32532","label_bn":"32532","area_sqm":145.3},"geometry":{"type":"Polygon","coordinates":[[[90.333403,23.797074],[90.333449,23.796981],[90.333554,23.797012],[90.333497,23.79713],[90.333403,23.797074]]]}},{"type":"Feature","properties":{"survey":"bds","sheet":"066","dag":"32672","label_bn":"32672","area_sqm":145.3},"geometry":{"type":"Polygon","coordinates":[[[90.335024,23.79723],[90.335058,23.797135],[90.335062,23.797123],[90.335077,23.79708],[90.335101,23.797094],[90.335142,23.797117],[90.335157,23.797202],[90.335026,23.797246],[90.335024,23.79723]]]}},{"type":"Feature","properties":{"survey":"bds","sheet":"066","dag":"32548","label_bn":"32548","area_sqm":146.1},"geometry":{"type":"Polygon","coordinates":[[[90.33442,23.797037],[90.334473,23.796928],[90.334576,23.796991],[90.334528,23.797077],[90.33442,23.797037]]]}},{"type":"Feature","properties":{"survey":"bds","sheet":"066","dag":"32587","label_bn":"32587","area_sqm":214.3},"geometry":{"type":"Polygon","coordinates":[[[90.334517,23.797701],[90.334522,23.797701],[90.334522,23.797701],[90.334552,23.797702],[90.334554,23.797702],[90.33456,23.797702],[90.334561,23.797702],[90.334581,23.797703],[90.3346,23.797804],[90.334586,23.797805],[90.334586,23.797805],[90.33458,23.797806],[90.334546,23.797809],[90.334546,23.797809],[90.33454,23.79781],[90.334427,23.797821],[90.334418,23.797698],[90.334517,23.797701]]]}},{"type":"Feature","properties":{"survey":"bds","sheet":"066","dag":"32525","label_bn":"32525","area_sqm":147.0},"geometry":{"type":"Polygon","coordinates":[[[90.333372,23.79707],[90.333403,23.797074],[90.333497,23.79713],[90.33353,23.797149],[90.333537,23.797156],[90.333555,23.797174],[90.33356,23.797203],[90.333567,23.797253],[90.333579,23.797321],[90.3336,23.797437],[90.333613,23.797518],[90.333574,23.797508],[90.333578,23.797479],[90.333533,23.797206],[90.333528,23.797176],[90.333372,23.79707]]]}},{"type":"Feature","properties":{"survey":"bds","sheet":"066","dag":"32850","label_bn":"32850","area_sqm":147.0},"geometry":{"type":"Polygon","coordinates":[[[90.33487,23.79622],[90.334961,23.7962],[90.334971,23.796226],[90.334991,23.796323],[90.334885,23.796346],[90.33487,23.79622]]]}},{"type":"Feature","properties":{"survey":"bds","sheet":"066","dag":"32508","label_bn":"32508","area_sqm":147.6},"geometry":{"type":"Polygon","coordinates":[[[90.333662,23.797714],[90.333665,23.797668],[90.333666,23.797646],[90.333667,23.79763],[90.333667,23.797615],[90.33367,23.797615],[90.333802,23.797595],[90.333829,23.797666],[90.333662,23.797714]]]}},{"type":"Feature","properties":{"survey":"bds","sheet":"066","dag":"32539","label_bn":"32539","area_sqm":149.9},"geometry":{"type":"Polygon","coordinates":[[[90.33321,23.796694],[90.333253,23.796582],[90.333265,23.796585],[90.333348,23.796621],[90.3333,23.796747],[90.333299,23.796747],[90.33321,23.796694]]]}},{"type":"Feature","properties":{"survey":"bds","sheet":"066","dag":"32765","label_bn":"32765","area_sqm":150.0},"geometry":{"type":"Polygon","coordinates":[[[90.333196,23.795927],[90.333216,23.795868],[90.333221,23.795853],[90.333227,23.795855],[90.33338,23.795895],[90.333374,23.795912],[90.333353,23.795973],[90.333196,23.795927]]]}},{"type":"Feature","properties":{"survey":"bds","sheet":"066","dag":"32724","label_bn":"32724","area_sqm":150.0},"geometry":{"type":"Polygon","coordinates":[[[90.333461,23.796439],[90.333465,23.796428],[90.333493,23.796355],[90.333498,23.796356],[90.333636,23.796387],[90.333604,23.796473],[90.333592,23.796471],[90.333527,23.796454],[90.333461,23.796439]]]}},{"type":"Feature","properties":{"survey":"bds","sheet":"066","dag":"32540","label_bn":"32540","area_sqm":151.0},"geometry":{"type":"Polygon","coordinates":[[[90.3333,23.796747],[90.333348,23.796621],[90.33338,23.796635],[90.333438,23.796647],[90.333379,23.796794],[90.3333,23.796747]]]}},{"type":"Feature","properties":{"survey":"bds","sheet":"066","dag":"32853","label_bn":"32853","area_sqm":151.5},"geometry":{"type":"Polygon","coordinates":[[[90.335082,23.796316],[90.335199,23.796289],[90.335222,23.796396],[90.335102,23.796425],[90.335088,23.796348],[90.335082,23.796316]]]}},{"type":"Feature","properties":{"survey":"bds","sheet":"066","dag":"32747","label_bn":"32747","area_sqm":152.6},"geometry":{"type":"Polygon","coordinates":[[[90.333844,23.796319],[90.333892,23.796215],[90.333978,23.796232],[90.333993,23.796235],[90.334002,23.796236],[90.33398,23.796284],[90.333948,23.796354],[90.333923,23.796348],[90.333914,23.796346],[90.33389,23.796337],[90.333844,23.796319]]]}},{"type":"Feature","properties":{"survey":"bds","sheet":"066","dag":"32678","label_bn":"32678","area_sqm":152.7},"geometry":{"type":"Polygon","coordinates":[[[90.335611,23.796991],[90.335764,23.796956],[90.335772,23.797045],[90.335628,23.797073],[90.335619,23.797076],[90.335611,23.796991]]]}},{"type":"Feature","properties":{"survey":"bds","sheet":"066","dag":"32688","label_bn":"32688","area_sqm":153.1},"geometry":{"type":"Polygon","coordinates":[[[90.334759,23.796869],[90.334839,23.796851],[90.334843,23.79685],[90.334891,23.796838],[90.3349,23.79688],[90.334905,23.796904],[90.334911,23.796935],[90.334791,23.796966],[90.334781,23.796967],[90.334759,23.796869]]]}},{"type":"Feature","properties":{"survey":"bds","sheet":"066","dag":"32501","label_bn":"32501","area_sqm":153.4},"geometry":{"type":"Polygon","coordinates":[[[90.333879,23.798116],[90.33396,23.798106],[90.333996,23.798099],[90.334,23.798116],[90.334015,23.798195],[90.334017,23.798209],[90.333888,23.79822],[90.333884,23.79822],[90.33388,23.798147],[90.333879,23.798116]]]}},{"type":"Feature","properties":{"survey":"bds","sheet":"066","dag":"32566","label_bn":"32566","area_sqm":153.6},"geometry":{"type":"Polygon","coordinates":[[[90.333869,23.797727],[90.334019,23.797682],[90.334032,23.797712],[90.334035,23.797719],[90.334037,23.797725],[90.33404,23.797733],[90.334052,23.79776],[90.333891,23.797808],[90.333869,23.797727]]]}},{"type":"Feature","properties":{"survey":"bds","sheet":"066","dag":"32643","label_bn":"32643","area_sqm":153.8},"geometry":{"type":"Polygon","coordinates":[[[90.335508,23.797329],[90.335628,23.7973],[90.335644,23.797408],[90.335527,23.797439],[90.335524,23.797426],[90.335508,23.797329]]]}},{"type":"Feature","properties":{"survey":"bds","sheet":"066","dag":"32569","label_bn":"32569","area_sqm":153.9},"geometry":{"type":"Polygon","coordinates":[[[90.333939,23.797964],[90.334108,23.797916],[90.334111,23.797926],[90.334114,23.797937],[90.334126,23.797982],[90.334128,23.797991],[90.333964,23.798039],[90.333943,23.797976],[90.333939,23.797964]]]}},{"type":"Feature","properties":{"survey":"bds","sheet":"066","dag":"32670","label_bn":"32670","area_sqm":154.0},"geometry":{"type":"Polygon","coordinates":[[[90.335026,23.797246],[90.335157,23.797202],[90.33516,23.79722],[90.335169,23.797309],[90.335169,23.797309],[90.335169,23.797312],[90.335039,23.797337],[90.335026,23.797246]]]}},{"type":"Feature","properties":{"survey":"bds","sheet":"066","dag":"32648","label_bn":"32648","area_sqm":154.4},"geometry":{"type":"Polygon","coordinates":[[[90.335359,23.797746],[90.335361,23.797694],[90.335361,23.79768],[90.335361,23.79766],[90.335361,23.797585],[90.335434,23.797569],[90.335428,23.797552],[90.335457,23.797543],[90.335461,23.797542],[90.335456,23.797708],[90.335394,23.797696],[90.335359,23.797746]]]}},{"type":"Feature","properties":{"survey":"bds","sheet":"066","dag":"32546","label_bn":"32546","area_sqm":154.4},"geometry":{"type":"Polygon","coordinates":[[[90.334179,23.796974],[90.334208,23.79685],[90.334329,23.796919],[90.3343,23.796997],[90.334254,23.796988],[90.334179,23.796974]]]}},{"type":"Feature","properties":{"survey":"bds","sheet":"066","dag":"32823","label_bn":"32823","area_sqm":154.8},"geometry":{"type":"Polygon","coordinates":[[[90.33408,23.796129],[90.334096,23.796108],[90.334317,23.796244],[90.334512,23.796362],[90.334497,23.796383],[90.334417,23.796341],[90.334317,23.796278],[90.33408,23.796129]]]}},{"type":"Feature","properties":{"survey":"bds","sheet":"066","dag":"32520","label_bn":"32520","area_sqm":157.0},"geometry":{"type":"Polygon","coordinates":[[[90.333354,23.797571],[90.333504,23.797551],[90.333511,23.797644],[90.33351,23.797644],[90.333363,23.797662],[90.333359,23.797622],[90.333354,23.797571]]]}},{"type":"Feature","properties":{"survey":"bds","sheet":"066","dag":"32789","label_bn":"32789","area_sqm":157.5},"geometry":{"type":"Polygon","coordinates":[[[90.334171,23.79492],[90.334173,23.794843],[90.334298,23.794843],[90.334298,23.794843],[90.334278,23.794958],[90.334277,23.794965],[90.334171,23.79496],[90.334171,23.794936],[90.334171,23.79492]]]}},{"type":"Feature","properties":{"survey":"bds","sheet":"066","dag":"32556","label_bn":"32556","area_sqm":158.8},"geometry":{"type":"Polygon","coordinates":[[[90.3347,23.797196],[90.334775,23.797094],[90.334861,23.797146],[90.334846,23.797173],[90.334807,23.797259],[90.3347,23.797196]]]}},{"type":"Feature","properties":{"survey":"bds","sheet":"066","dag":"32693","label_bn":"32693","area_sqm":159.5},"geometry":{"type":"Polygon","coordinates":[[[90.334704,23.796751],[90.334722,23.796747],[90.334754,23.796739],[90.334825,23.796722],[90.334838,23.796719],[90.334858,23.796818],[90.33486,23.796819],[90.33483,23.796827],[90.334726,23.796851],[90.334704,23.796751]]]}},{"type":"Feature","properties":{"survey":"bds","sheet":"066","dag":"32568","label_bn":"32568","area_sqm":159.6},"geometry":{"type":"Polygon","coordinates":[[[90.333913,23.797888],[90.334084,23.79784],[90.334095,23.79787],[90.334108,23.797916],[90.333939,23.797964],[90.333913,23.797888]]]}},{"type":"Feature","properties":{"survey":"bds","sheet":"066","dag":"32868","label_bn":"32868","area_sqm":162.7},"geometry":{"type":"Polygon","coordinates":[[[90.33532,23.796137],[90.33536,23.796126],[90.335457,23.796104],[90.335471,23.79621],[90.335345,23.796239],[90.33532,23.796137]]]}},{"type":"Feature","properties":{"survey":"bds","sheet":"066","dag":"32840","label_bn":"32840","area_sqm":163.3},"geometry":{"type":"Polygon","coordinates":[[[90.334484,23.795623],[90.334554,23.795532],[90.334662,23.795597],[90.334591,23.795688],[90.334484,23.795623]]]}},{"type":"Feature","properties":{"survey":"bds","sheet":"066","dag":"32830","label_bn":"32830","area_sqm":163.7},"geometry":{"type":"Polygon","coordinates":[[[90.334286,23.79586],[90.334376,23.795753],[90.334464,23.795808],[90.334376,23.795915],[90.334286,23.79586]]]}},{"type":"Feature","properties":{"survey":"bds","sheet":"066","dag":"32505","label_bn":"32505","area_sqm":164.0},"geometry":{"type":"Polygon","coordinates":[[[90.333696,23.797867],[90.33387,23.797813],[90.33389,23.797888],[90.333886,23.797889],[90.333717,23.797945],[90.333696,23.797867]]]}},{"type":"Feature","properties":{"survey":"bds","sheet":"066","dag":"32510","label_bn":"32510","area_sqm":164.4},"geometry":{"type":"Polygon","coordinates":[[[90.3336,23.797437],[90.333732,23.797421],[90.333757,23.797497],[90.33377,23.797535],[90.33377,23.797537],[90.333761,23.797536],[90.333757,23.797536],[90.333684,23.797531],[90.333613,23.797518],[90.3336,23.797437]]]}},{"type":"Feature","properties":{"survey":"bds","sheet":"066","dag":"32702","label_bn":"32702","area_sqm":164.7},"geometry":{"type":"Polygon","coordinates":[[[90.334297,23.796675],[90.334354,23.796612],[90.334357,23.796609],[90.334402,23.796558],[90.334421,23.796581],[90.334422,23.796583],[90.334465,23.796637],[90.334436,23.796675],[90.334423,23.796694],[90.334416,23.796704],[90.334387,23.796732],[90.334297,23.796675]]]}},{"type":"Feature","properties":{"survey":"bds","sheet":"066","dag":"32776","label_bn":"32776","area_sqm":164.8},"geometry":{"type":"Polygon","coordinates":[[[90.333406,23.795925],[90.333417,23.795899],[90.333424,23.795902],[90.333628,23.795981],[90.333812,23.79606],[90.333835,23.796071],[90.333818,23.796098],[90.333798,23.796089],[90.333751,23.79607],[90.333747,23.796068],[90.333686,23.796042],[90.333679,23.796039],[90.333621,23.796015],[90.333613,23.796012],[90.333569,23.795993],[90.33355,23.795985],[90.333482,23.795957],[90.333406,23.795925]]]}},{"type":"Feature","properties":{"survey":"bds","sheet":"066","dag":"32714","label_bn":"32714","area_sqm":165.6},"geometry":{"type":"Polygon","coordinates":[[[90.333637,23.796687],[90.333673,23.796606],[90.333838,23.796637],[90.333803,23.796719],[90.333637,23.796687]]]}},{"type":"Feature","properties":{"survey":"bds","sheet":"066","dag":"32653","label_bn":"32653","area_sqm":166.4},"geometry":{"type":"Polygon","coordinates":[[[90.335361,23.797482],[90.335392,23.797475],[90.335502,23.797457],[90.335514,23.797454],[90.335513,23.797442],[90.335527,23.797439],[90.335547,23.797519],[90.335544,23.797549],[90.335482,23.797538],[90.335461,23.797542],[90.335457,23.797543],[90.335428,23.797552],[90.335376,23.797563],[90.335361,23.797482]]]}},{"type":"Feature","properties":{"survey":"bds","sheet":"066","dag":"32567","label_bn":"32567","area_sqm":167.2},"geometry":{"type":"Polygon","coordinates":[[[90.333891,23.797808],[90.334052,23.79776],[90.334066,23.797788],[90.334065,23.797791],[90.334084,23.79784],[90.333913,23.797888],[90.333891,23.797808]]]}},{"type":"Feature","properties":{"survey":"bds","sheet":"066","dag":"32859","label_bn":"32859","area_sqm":168.7},"geometry":{"type":"Polygon","coordinates":[[[90.335476,23.796227],[90.335565,23.796208],[90.335625,23.796193],[90.335638,23.796256],[90.335644,23.796289],[90.335498,23.796324],[90.335486,23.796271],[90.335476,23.796227]]]}},{"type":"Feature","properties":{"survey":"bds","sheet":"066","dag":"32572","label_bn":"32572","area_sqm":195.6},"geometry":{"type":"Polygon","coordinates":[[[90.33427,23.798111],[90.334272,23.798125],[90.334272,23.798125],[90.334272,23.798126],[90.334275,23.798149],[90.334276,23.798157],[90.334177,23.798184],[90.334173,23.79817],[90.334173,23.798169],[90.334173,23.798169],[90.334169,23.798152],[90.334169,23.798152],[90.334156,23.798099],[90.334137,23.798025],[90.334258,23.798014],[90.33427,23.798111]]]}},{"type":"Feature","properties":{"survey":"bds","sheet":"066","dag":"32517","label_bn":"32517","area_sqm":169.2},"geometry":{"type":"Polygon","coordinates":[[[90.3335,23.797491],[90.333534,23.797498],[90.333535,23.797532],[90.333535,23.797566],[90.333538,23.797617],[90.333541,23.797669],[90.333549,23.797747],[90.333557,23.797832],[90.333562,23.797903],[90.333598,23.797904],[90.333609,23.797907],[90.333617,23.797913],[90.333616,23.797913],[90.333594,23.797936],[90.333592,23.797934],[90.33359,23.797933],[90.333555,23.797941],[90.333538,23.797945],[90.333527,23.797871],[90.333516,23.797711],[90.333511,23.797644],[90.333504,23.797551],[90.333503,23.797526],[90.3335,23.797491]]]}},{"type":"Feature","properties":{"survey":"bds","sheet":"066","dag":"32529","label_bn":"32529","area_sqm":170.4},"geometry":{"type":"Polygon","coordinates":[[[90.333555,23.797174],[90.333577,23.797147],[90.333638,23.797036],[90.333723,23.797061],[90.333734,23.797064],[90.333701,23.79717],[90.333689,23.79717],[90.333566,23.797173],[90.333557,23.797174],[90.333555,23.797174]]]}},{"type":"Feature","properties":{"survey":"bds","sheet":"066","dag":"32716","label_bn":"32716","area_sqm":171.9},"geometry":{"type":"Polygon","coordinates":[[[90.33338,23.796635],[90.333384,23.796627],[90.333416,23.796549],[90.333549,23.796581],[90.333584,23.796586],[90.333549,23.796669],[90.333503,23.796658],[90.333492,23.796656],[90.333438,23.796647],[90.33338,23.796635]]]}},{"type":"Feature","properties":{"survey":"bds","sheet":"066","dag":"32846","label_bn":"32846","area_sqm":173.3},"geometry":{"type":"Polygon","coordinates":[[[90.334693,23.796112],[90.334758,23.79605],[90.334834,23.795979],[90.334883,23.796064],[90.334885,23.796067],[90.334852,23.796087],[90.334779,23.796148],[90.334778,23.796149],[90.334758,23.796144],[90.334718,23.796134],[90.334693,23.796112]]]}},{"type":"Feature","properties":{"survey":"bds","sheet":"066","dag":"32797","label_bn":"32797","area_sqm":174.2},"geometry":{"type":"Polygon","coordinates":[[[90.333952,23.795463],[90.333964,23.795429],[90.33399,23.795351],[90.334115,23.795394],[90.334102,23.795432],[90.334076,23.795503],[90.334053,23.795496],[90.333952,23.795463]]]}},{"type":"Feature","properties":{"survey":"bds","sheet":"066","dag":"32686","label_bn":"32686","area_sqm":174.8},"geometry":{"type":"Polygon","coordinates":[[[90.334911,23.796935],[90.33495,23.796926],[90.334976,23.796921],[90.335,23.796915],[90.335012,23.79694],[90.335024,23.796964],[90.335045,23.797008],[90.335044,23.797072],[90.334919,23.797042],[90.334911,23.796935]]]}},{"type":"Feature","properties":{"survey":"bds","sheet":"066","dag":"32766","label_bn":"32766","area_sqm":217.6},"geometry":{"type":"Polygon","coordinates":[[[90.333369,23.795778],[90.333419,23.795793],[90.33338,23.795895],[90.333227,23.795855],[90.333221,23.795853],[90.333217,23.795852],[90.333252,23.795742],[90.333369,23.795778]]]}},{"type":"Feature","properties":{"survey":"bds","sheet":"066","dag":"32623","label_bn":"32623","area_sqm":176.0},"geometry":{"type":"Polygon","coordinates":[[[90.334803,23.797564],[90.334845,23.797555],[90.334884,23.797548],[90.334948,23.797535],[90.334984,23.797616],[90.334943,23.797631],[90.334892,23.79765],[90.33483,23.797674],[90.334814,23.7976],[90.334803,23.797564]]]}},{"type":"Feature","properties":{"survey":"bds","sheet":"066","dag":"32707","label_bn":"32707","area_sqm":176.8},"geometry":{"type":"Polygon","coordinates":[[[90.334704,23.796518],[90.334858,23.796479],[90.334864,23.796509],[90.334878,23.79658],[90.334827,23.796591],[90.334728,23.796612],[90.334704,23.796518]]]}},{"type":"Feature","properties":{"survey":"bds","sheet":"066","dag":"32640","label_bn":"32640","area_sqm":177.3},"geometry":{"type":"Polygon","coordinates":[[[90.335517,23.798057],[90.335524,23.798014],[90.335541,23.79792],[90.335541,23.797916],[90.335563,23.79792],[90.335564,23.79792],[90.335657,23.797933],[90.335621,23.798069],[90.335621,23.798069],[90.335536,23.798059],[90.335517,23.798057]]]}},{"type":"Feature","properties":{"survey":"bds","sheet":"066","dag":"32838","label_bn":"32838","area_sqm":177.8},"geometry":{"type":"Polygon","coordinates":[[[90.334464,23.795649],[90.334484,23.795623],[90.334591,23.795688],[90.334626,23.795709],[90.334767,23.795794],[90.334896,23.795873],[90.334871,23.795897],[90.334763,23.795829],[90.334707,23.795796],[90.334639,23.795756],[90.334464,23.795649]]]}},{"type":"Feature","properties":{"survey":"bds","sheet":"066","dag":"32829","label_bn":"32829","area_sqm":182.4},"geometry":{"type":"Polygon","coordinates":[[[90.334265,23.795885],[90.334286,23.79586],[90.334376,23.795915],[90.334482,23.795978],[90.334639,23.796073],[90.334668,23.79609],[90.334693,23.796112],[90.334678,23.796136],[90.334653,23.796121],[90.334483,23.796018],[90.334389,23.795962],[90.334265,23.795885]]]}},{"type":"Feature","properties":{"survey":"bds","sheet":"066","dag":"32564","label_bn":"32564","area_sqm":182.7},"geometry":{"type":"Polygon","coordinates":[[[90.333794,23.797534],[90.333878,23.797526],[90.333941,23.79752],[90.333959,23.797549],[90.333965,23.797561],[90.333989,23.797609],[90.333849,23.797653],[90.33383,23.797597],[90.333795,23.797536],[90.333794,23.797534]]]}},{"type":"Feature","properties":{"survey":"bds","sheet":"066","dag":"32557","label_bn":"32557","area_sqm":183.1},"geometry":{"type":"Polygon","coordinates":[[[90.334664,23.797261],[90.334687,23.797219],[90.3347,23.797196],[90.334807,23.797259],[90.334895,23.797311],[90.334917,23.797324],[90.334893,23.797346],[90.334888,23.79735],[90.334884,23.797354],[90.334869,23.797366],[90.334845,23.797354],[90.334664,23.797261]]]}},{"type":"Feature","properties":{"survey":"bds","sheet":"066","dag":"32536","label_bn":"32536","area_sqm":183.6},"geometry":{"type":"Polygon","coordinates":[[[90.333151,23.796896],[90.333237,23.796743],[90.33331,23.796784],[90.333221,23.796958],[90.333151,23.796896]]]}},{"type":"Feature","properties":{"survey":"bds","sheet":"066","dag":"32845","label_bn":"32845","area_sqm":198.3},"geometry":{"type":"Polygon","coordinates":[[[90.335067,23.79577],[90.335039,23.795794],[90.334962,23.795861],[90.334915,23.795904],[90.334905,23.795912],[90.334896,23.795921],[90.334834,23.795979],[90.334758,23.79605],[90.334693,23.796112],[90.334668,23.79609],[90.334717,23.796043],[90.33477,23.795991],[90.334843,23.795924],[90.334871,23.795897],[90.334896,23.795873],[90.334934,23.795838],[90.335018,23.795769],[90.33505,23.795742],[90.335067,23.79577]]]}},{"type":"Feature","properties":{"survey":"bds","sheet":"066","dag":"32506","label_bn":"32506","area_sqm":183.9},"geometry":{"type":"Polygon","coordinates":[[[90.333676,23.797773],[90.333848,23.797731],[90.33387,23.797813],[90.333696,23.797867],[90.333682,23.797802],[90.333676,23.797773]]]}},{"type":"Feature","properties":{"survey":"bds","sheet":"066","dag":"32526","label_bn":"32526","area_sqm":185.7},"geometry":{"type":"Polygon","coordinates":[[[90.333579,23.797321],[90.333721,23.797325],[90.333737,23.797326],[90.333746,23.797377],[90.333754,23.797418],[90.333745,23.797419],[90.333732,23.797421],[90.3336,23.797437],[90.333579,23.797321]]]}},{"type":"Feature","properties":{"survey":"bds","sheet":"066","dag":"32673","label_bn":"32673","area_sqm":189.4},"geometry":{"type":"Polygon","coordinates":[[[90.335157,23.797202],[90.335273,23.797171],[90.335385,23.79714],[90.33539,23.797139],[90.335396,23.797137],[90.335503,23.797107],[90.335512,23.797105],[90.335608,23.797079],[90.335619,23.797076],[90.335628,23.797073],[90.335772,23.797045],[90.335775,23.797069],[90.335627,23.797105],[90.335615,23.797108],[90.33551,23.797134],[90.335506,23.797135],[90.335399,23.797164],[90.335395,23.797165],[90.335278,23.797195],[90.33516,23.79722],[90.335157,23.797202]]]}},{"type":"Feature","properties":{"survey":"bds","sheet":"066","dag":"32831","label_bn":"32831","area_sqm":192.7},"geometry":{"type":"Polygon","coordinates":[[[90.334376,23.795915],[90.334464,23.795808],[90.33455,23.79586],[90.334571,23.795872],[90.334482,23.795978],[90.334376,23.795915]]]}},{"type":"Feature","properties":{"survey":"bds","sheet":"066","dag":"32543","label_bn":"32543","area_sqm":193.3},"geometry":{"type":"Polygon","coordinates":[[[90.333449,23.796981],[90.333507,23.796865],[90.333479,23.796852],[90.333489,23.796825],[90.333616,23.796884],[90.333554,23.797012],[90.333449,23.796981]]]}},{"type":"Feature","properties":{"survey":"bds","sheet":"066","dag":"32579","label_bn":"32579","area_sqm":193.4},"geometry":{"type":"Polygon","coordinates":[[[90.334114,23.797937],[90.334132,23.797933],[90.334347,23.797886],[90.334416,23.79787],[90.334415,23.797904],[90.334432,23.797902],[90.334432,23.797932],[90.33435,23.797945],[90.334148,23.797979],[90.334126,23.797982],[90.334114,23.797937]]]}},{"type":"Feature","properties":{"survey":"bds","sheet":"066","dag":"32865","label_bn":"32865","area_sqm":194.4},"geometry":{"type":"Polygon","coordinates":[[[90.335229,23.796265],[90.335285,23.796252],[90.335289,23.796251],[90.335345,23.796239],[90.335471,23.79621],[90.335589,23.796176],[90.33565,23.796161],[90.335708,23.796147],[90.335826,23.796117],[90.335943,23.796088],[90.335972,23.796081],[90.335975,23.796095],[90.335947,23.796104],[90.33583,23.796141],[90.335771,23.796156],[90.335698,23.796178],[90.335677,23.79618],[90.335625,23.796193],[90.335565,23.796208],[90.335476,23.796227],[90.335416,23.796241],[90.335349,23.796263],[90.335234,23.796288],[90.335229,23.796265]]]}},{"type":"Feature","properties":{"survey":"bds","sheet":"066","dag":"32596","label_bn":"32596","area_sqm":194.4},"geometry":{"type":"Polygon","coordinates":[[[90.33422,23.797504],[90.334306,23.797493],[90.334335,23.797496],[90.334382,23.797502],[90.334432,23.797509],[90.334524,23.797508],[90.334524,23.797508],[90.334526,23.797508],[90.334567,23.797508],[90.334578,23.797508],[90.334579,23.797508],[90.33458,23.797509],[90.334581,23.797509],[90.334589,23.797513],[90.334589,23.79752],[90.334578,23.79752],[90.334568,23.79752],[90.334566,23.79752],[90.334564,23.79752],[90.334554,23.797519],[90.334526,23.797519],[90.334515,23.797518],[90.334515,23.797518],[90.334515,23.797518],[90.334508,23.797518],[90.334432,23.79752],[90.33443,23.797529],[90.33442,23.79758],[90.334377,23.797578],[90.334355,23.797578],[90.33424,23.797574],[90.334235,23.797574],[90.33422,23.797504]]]}},{"type":"Feature","properties":{"survey":"bds","sheet":"066","dag":"32827","label_bn":"32827","area_sqm":196.6},"geometry":{"type":"Polygon","coordinates":[[[90.334296,23.796089],[90.334389,23.795962],[90.334483,23.796018],[90.334393,23.796143],[90.33439,23.796146],[90.334296,23.796089]]]}},{"type":"Feature","properties":{"survey":"bds","sheet":"066","dag":"32608","label_bn":"32608","area_sqm":197.4},"geometry":{"type":"Polygon","coordinates":[[[90.334946,23.797531],[90.335035,23.797516],[90.335076,23.797509],[90.335079,23.79752],[90.335082,23.797535],[90.335092,23.797599],[90.335097,23.797652],[90.335088,23.797652],[90.335087,23.797657],[90.335086,23.797672],[90.335086,23.797683],[90.335084,23.797683],[90.335011,23.797667],[90.334984,23.797616],[90.334948,23.797535],[90.334946,23.797531]]]}},{"type":"Feature","properties":{"survey":"bds","sheet":"066","dag":"32704","label_bn":"32704","area_sqm":199.8},"geometry":{"type":"Polygon","coordinates":[[[90.334514,23.796705],[90.33472,23.796655],[90.334731,23.796682],[90.334754,23.796739],[90.334722,23.796747],[90.334704,23.796751],[90.334576,23.796781],[90.334529,23.796722],[90.334514,23.796705]]]}},{"type":"Feature","properties":{"survey":"bds","sheet":"066","dag":"32632","label_bn":"32632","area_sqm":202.0},"geometry":{"type":"Polygon","coordinates":[[[90.334998,23.798028],[90.335004,23.798003],[90.335038,23.797847],[90.335119,23.797863],[90.335132,23.797865],[90.335108,23.798005],[90.335103,23.798033],[90.335103,23.798034],[90.335061,23.798032],[90.334998,23.798028]]]}},{"type":"Feature","properties":{"survey":"bds","sheet":"066","dag":"32547","label_bn":"32547","area_sqm":202.7},"geometry":{"type":"Polygon","coordinates":[[[90.3343,23.796997],[90.334329,23.796919],[90.334359,23.79686],[90.334372,23.796867],[90.334473,23.796928],[90.33442,23.797037],[90.3343,23.796997]]]}},{"type":"Feature","properties":{"survey":"bds","sheet":"066","dag":"32720","label_bn":"32720","area_sqm":203.0},"geometry":{"type":"Polygon","coordinates":[[[90.333212,23.79643],[90.333269,23.796271],[90.33337,23.796309],[90.333338,23.796387],[90.333305,23.79647],[90.333212,23.79643]]]}},{"type":"Feature","properties":{"survey":"bds","sheet":"066","dag":"32534","label_bn":"32534","area_sqm":203.7},"geometry":{"type":"Polygon","coordinates":[[[90.333302,23.797018],[90.333395,23.796834],[90.333468,23.796876],[90.333372,23.79707],[90.333302,23.797018]]]}},{"type":"Feature","properties":{"survey":"bds","sheet":"066","dag":"32555","label_bn":"32555","area_sqm":205.9},"geometry":{"type":"Polygon","coordinates":[[[90.334807,23.797259],[90.334846,23.797173],[90.334861,23.797146],[90.335,23.79723],[90.334917,23.797324],[90.334895,23.797311],[90.334807,23.797259]]]}},{"type":"Feature","properties":{"survey":"bds","sheet":"066","dag":"32740","label_bn":"32740","area_sqm":207.8},"geometry":{"type":"Polygon","coordinates":[[[90.334239,23.796488],[90.334261,23.796409],[90.334274,23.796365],[90.334362,23.796412],[90.33444,23.796464],[90.33444,23.796464],[90.334391,23.796529],[90.334381,23.796527],[90.334239,23.796488]]]}},{"type":"Feature","properties":{"survey":"bds","sheet":"066","dag":"32642","label_bn":"32642","area_sqm":207.9},"geometry":{"type":"Polygon","coordinates":[[[90.335609,23.798111],[90.335611,23.798105],[90.335621,23.798069],[90.335621,23.798069],[90.335657,23.797933],[90.335663,23.797914],[90.335688,23.79784],[90.335687,23.797807],[90.335686,23.797796],[90.33569,23.797769],[90.335681,23.797747],[90.33569,23.797716],[90.335691,23.797696],[90.33569,23.797669],[90.33568,23.797626],[90.335668,23.797569],[90.335668,23.797568],[90.335664,23.797544],[90.335656,23.797487],[90.335644,23.797408],[90.335628,23.7973],[90.335656,23.797291],[90.335666,23.797355],[90.335671,23.797387],[90.335673,23.7974],[90.335686,23.797487],[90.335703,23.797593],[90.335704,23.797632],[90.335705,23.797688],[90.335706,23.797716],[90.335695,23.79775],[90.335698,23.797762],[90.335695,23.7978],[90.335696,23.797833],[90.335701,23.797835],[90.335701,23.797843],[90.335691,23.797911],[90.335689,23.797919],[90.335673,23.797935],[90.335669,23.797968],[90.335645,23.798064],[90.335636,23.798071],[90.335625,23.798114],[90.335609,23.798111]]]}},{"type":"Feature","properties":{"survey":"bds","sheet":"066","dag":"32759","label_bn":"32759","area_sqm":211.2},"geometry":{"type":"Polygon","coordinates":[[[90.333125,23.796642],[90.333161,23.796533],[90.333165,23.796503],[90.333218,23.796328],[90.333238,23.796271],[90.333262,23.796211],[90.333284,23.796148],[90.333334,23.796023],[90.333336,23.796023],[90.333362,23.796035],[90.333319,23.796139],[90.333279,23.796245],[90.333269,23.796271],[90.333212,23.79643],[90.333205,23.796456],[90.333187,23.796554],[90.333186,23.796557],[90.33315,23.796657],[90.333125,23.796642]]]}},{"type":"Feature","properties":{"survey":"bds","sheet":"066","dag":"32602","label_bn":"32602","area_sqm":216.2},"geometry":{"type":"Polygon","coordinates":[[[90.334666,23.797909],[90.334712,23.797907],[90.334716,23.797906],[90.334785,23.797903],[90.334827,23.797901],[90.334827,23.797913],[90.334821,23.798029],[90.334715,23.798037],[90.334695,23.798038],[90.334688,23.79804],[90.334666,23.797909]]]}},{"type":"Feature","properties":{"survey":"bds","sheet":"066","dag":"32558","label_bn":"32558","area_sqm":228.8},"geometry":{"type":"Polygon","coordinates":[[[90.334845,23.797354],[90.334869,23.797366],[90.334834,23.797371],[90.33475,23.797382],[90.334737,23.797384],[90.334731,23.797388],[90.334719,23.797394],[90.334676,23.797419],[90.334653,23.797405],[90.33465,23.797403],[90.334635,23.797394],[90.334632,23.797393],[90.334591,23.797368],[90.334664,23.797261],[90.334845,23.797354]]]}},{"type":"Feature","properties":{"survey":"bds","sheet":"066","dag":"32749","label_bn":"32749","area_sqm":220.6},"geometry":{"type":"Polygon","coordinates":[[[90.33372,23.796207],[90.333726,23.796192],[90.333732,23.796194],[90.333736,23.796195],[90.333767,23.796206],[90.333784,23.796171],[90.333892,23.796215],[90.333844,23.796319],[90.333832,23.796348],[90.333811,23.796397],[90.33373,23.79638],[90.333793,23.79622],[90.33372,23.796207]]]}},{"type":"Feature","properties":{"survey":"bds","sheet":"066","dag":"32697","label_bn":"32697","area_sqm":220.6},"geometry":{"type":"Polygon","coordinates":[[[90.334425,23.796874],[90.334434,23.796861],[90.334478,23.796799],[90.334478,23.796799],[90.334492,23.796778],[90.334529,23.796722],[90.334576,23.796781],[90.334607,23.796823],[90.33458,23.796862],[90.334529,23.796936],[90.334425,23.796874]]]}},{"type":"Feature","properties":{"survey":"bds","sheet":"066","dag":"32580","label_bn":"32580","area_sqm":222.6},"geometry":{"type":"Polygon","coordinates":[[[90.334095,23.79787],[90.334107,23.797867],[90.334187,23.797848],[90.334188,23.797847],[90.33419,23.797857],[90.334291,23.797838],[90.334346,23.797827],[90.334369,23.797822],[90.33441,23.797813],[90.334416,23.79787],[90.334347,23.797886],[90.334132,23.797933],[90.334114,23.797937],[90.334111,23.797926],[90.334108,23.797916],[90.334095,23.79787]]]}},{"type":"Feature","properties":{"survey":"bds","sheet":"066","dag":"32808","label_bn":"32808","area_sqm":223.2},"geometry":{"type":"Polygon","coordinates":[[[90.33446,23.795148],[90.334465,23.795128],[90.33448,23.795067],[90.334487,23.795042],[90.334493,23.795018],[90.334501,23.794986],[90.334613,23.794994],[90.334613,23.794996],[90.334579,23.795166],[90.334567,23.795163],[90.33446,23.795148]]]}},{"type":"Feature","properties":{"survey":"bds","sheet":"066","dag":"32843","label_bn":"32843","area_sqm":223.9},"geometry":{"type":"Polygon","coordinates":[[[90.334626,23.795709],[90.334689,23.795614],[90.334737,23.795645],[90.334776,23.79567],[90.334788,23.795677],[90.334849,23.795714],[90.334818,23.795745],[90.334767,23.795794],[90.334626,23.795709]]]}},{"type":"Feature","properties":{"survey":"bds","sheet":"066","dag":"32535","label_bn":"32535","area_sqm":225.1},"geometry":{"type":"Polygon","coordinates":[[[90.333221,23.796958],[90.33331,23.796784],[90.333395,23.796834],[90.333302,23.797018],[90.333221,23.796958]]]}},{"type":"Feature","properties":{"survey":"bds","sheet":"066","dag":"32849","label_bn":"32849","area_sqm":227.3},"geometry":{"type":"Polygon","coordinates":[[[90.334852,23.796087],[90.334885,23.796067],[90.334972,23.796018],[90.334997,23.796186],[90.334961,23.7962],[90.33487,23.79622],[90.334852,23.796087]]]}},{"type":"Feature","properties":{"survey":"bds","sheet":"066","dag":"32524","label_bn":"32524","area_sqm":230.2},"geometry":{"type":"Polygon","coordinates":[[[90.333238,23.797115],[90.333372,23.79707],[90.333528,23.797176],[90.333334,23.797202],[90.333238,23.797115]]]}},{"type":"Feature","properties":{"survey":"bds","sheet":"066","dag":"32624","label_bn":"32624","area_sqm":231.8},"geometry":{"type":"Polygon","coordinates":[[[90.33488,23.797395],[90.335026,23.797368],[90.335052,23.797447],[90.335076,23.797509],[90.335035,23.797516],[90.334946,23.797531],[90.334922,23.797481],[90.334917,23.797469],[90.334883,23.7974],[90.33488,23.797395]]]}},{"type":"Feature","properties":{"survey":"bds","sheet":"066","dag":"32771","label_bn":"32771","area_sqm":234.9},"geometry":{"type":"Polygon","coordinates":[[[90.333362,23.796035],[90.333367,23.796022],[90.333406,23.795925],[90.333482,23.795957],[90.33355,23.795985],[90.333569,23.795993],[90.333521,23.796093],[90.333515,23.796105],[90.333498,23.796096],[90.333458,23.796076],[90.333453,23.796074],[90.333436,23.796067],[90.333365,23.796036],[90.333362,23.796035]]]}},{"type":"Feature","properties":{"survey":"bds","sheet":"066","dag":"32809","label_bn":"32809","area_sqm":235.9},"geometry":{"type":"Polygon","coordinates":[[[90.334341,23.795221],[90.334362,23.795126],[90.334465,23.795128],[90.33446,23.795148],[90.334567,23.795163],[90.334579,23.795166],[90.334557,23.79525],[90.334552,23.79525],[90.334423,23.795232],[90.334341,23.795221]]]}},{"type":"Feature","properties":{"survey":"bds","sheet":"066","dag":"32570","label_bn":"32570","area_sqm":236.1},"geometry":{"type":"Polygon","coordinates":[[[90.333732,23.797421],[90.333745,23.797419],[90.333754,23.797418],[90.333793,23.797531],[90.333794,23.797534],[90.333795,23.797536],[90.33383,23.797597],[90.333849,23.797653],[90.333868,23.797723],[90.333869,23.797727],[90.333891,23.797808],[90.333913,23.797888],[90.333939,23.797964],[90.333943,23.797976],[90.333964,23.798039],[90.333975,23.798069],[90.333978,23.798074],[90.333982,23.798077],[90.334015,23.798073],[90.334023,23.798109],[90.334042,23.79819],[90.334047,23.798208],[90.334017,23.798209],[90.334015,23.798195],[90.334,23.798116],[90.333996,23.798099],[90.33396,23.798106],[90.33393,23.798021],[90.333908,23.797951],[90.333886,23.797889],[90.33389,23.797888],[90.33387,23.797813],[90.333848,23.797731],[90.333829,23.797666],[90.333802,23.797595],[90.33377,23.797537],[90.33377,23.797535],[90.333757,23.797497],[90.333732,23.797421]]]}},{"type":"Feature","properties":{"survey":"bds","sheet":"066","dag":"32516","label_bn":"32516","area_sqm":236.2},"geometry":{"type":"Polygon","coordinates":[[[90.333557,23.797832],[90.333667,23.797806],[90.333682,23.797802],[90.333696,23.797867],[90.333717,23.797945],[90.333743,23.797996],[90.333731,23.797996],[90.333638,23.797998],[90.333617,23.797913],[90.333617,23.797913],[90.333609,23.797907],[90.333598,23.797904],[90.333562,23.797903],[90.333557,23.797832]]]}},{"type":"Feature","properties":{"survey":"bds","sheet":"066","dag":"32594","label_bn":"32594","area_sqm":239.8},"geometry":{"type":"Polygon","coordinates":[[[90.334001,23.797637],[90.334007,23.797635],[90.334235,23.797574],[90.334235,23.797576],[90.334266,23.797657],[90.334267,23.79766],[90.334144,23.797687],[90.334035,23.797719],[90.334032,23.797712],[90.334019,23.797682],[90.334018,23.797678],[90.334001,23.797637]]]}},{"type":"Feature","properties":{"survey":"bds","sheet":"066","dag":"32812","label_bn":"32812","area_sqm":246.4},"geometry":{"type":"Polygon","coordinates":[[[90.334672,23.795298],[90.334681,23.795299],[90.334702,23.79532],[90.334698,23.795324],[90.33464,23.795388],[90.334615,23.795416],[90.334616,23.795417],[90.334578,23.795462],[90.334473,23.795417],[90.334522,23.795347],[90.334539,23.795321],[90.334564,23.795285],[90.334672,23.795298]]]}},{"type":"Feature","properties":{"survey":"bds","sheet":"066","dag":"32839","label_bn":"32839","area_sqm":246.6},"geometry":{"type":"Polygon","coordinates":[[[90.334705,23.795323],[90.334724,23.795345],[90.334721,23.795348],[90.334635,23.795443],[90.334554,23.795532],[90.334484,23.795623],[90.334464,23.795649],[90.334376,23.795753],[90.334286,23.79586],[90.33428,23.795856],[90.334257,23.795842],[90.334333,23.795752],[90.334433,23.795634],[90.334509,23.795544],[90.334527,23.795522],[90.334578,23.795462],[90.334616,23.795417],[90.334615,23.795416],[90.33464,23.795388],[90.334698,23.795324],[90.334702,23.79532],[90.334705,23.795323]]]}},{"type":"Feature","properties":{"survey":"bds","sheet":"066","dag":"32709","label_bn":"32709","area_sqm":244.8},"geometry":{"type":"Polygon","coordinates":[[[90.33419,23.796709],[90.334212,23.796686],[90.33426,23.796695],[90.334313,23.796619],[90.334317,23.796615],[90.33434,23.796588],[90.334372,23.796551],[90.334391,23.796529],[90.33444,23.796464],[90.334441,23.796463],[90.334497,23.796383],[90.334512,23.796362],[90.334586,23.796259],[90.334665,23.796154],[90.334678,23.796136],[90.334693,23.796112],[90.334718,23.796134],[90.334684,23.79618],[90.334467,23.79647],[90.334419,23.796535],[90.334402,23.796558],[90.334357,23.796609],[90.334354,23.796612],[90.334297,23.796675],[90.334256,23.796722],[90.334249,23.796721],[90.33419,23.796709]]]}},{"type":"Feature","properties":{"survey":"bds","sheet":"066","dag":"32852","label_bn":"32852","area_sqm":249.0},"geometry":{"type":"Polygon","coordinates":[[[90.334888,23.796362],[90.335082,23.796316],[90.335088,23.796348],[90.335102,23.796425],[90.334985,23.796451],[90.334908,23.796472],[90.334905,23.796454],[90.334888,23.796362]]]}},{"type":"Feature","properties":{"survey":"bds","sheet":"066","dag":"32615","label_bn":"32615","area_sqm":254.4},"geometry":{"type":"Polygon","coordinates":[[[90.334617,23.797731],[90.334733,23.797718],[90.334837,23.797707],[90.334857,23.797807],[90.334782,23.797818],[90.334636,23.797822],[90.334622,23.797778],[90.334617,23.797731]]]}},{"type":"Feature","properties":{"survey":"bds","sheet":"066","dag":"32770","label_bn":"32770","area_sqm":259.2},"geometry":{"type":"Polygon","coordinates":[[[90.333334,23.796023],[90.333339,23.796012],[90.33334,23.796009],[90.333342,23.796005],[90.333353,23.795973],[90.333374,23.795912],[90.33338,23.795895],[90.333419,23.795793],[90.333451,23.795712],[90.333476,23.795648],[90.333482,23.795632],[90.333566,23.795412],[90.333602,23.795418],[90.33355,23.795553],[90.333507,23.795665],[90.333502,23.795678],[90.333417,23.795899],[90.333406,23.795925],[90.333367,23.796022],[90.333362,23.796035],[90.333336,23.796023],[90.333334,23.796023]]]}},{"type":"Feature","properties":{"survey":"bds","sheet":"066","dag":"32518","label_bn":"32518","area_sqm":260.0},"geometry":{"type":"Polygon","coordinates":[[[90.333371,23.797729],[90.333371,23.797729],[90.333516,23.797711],[90.333527,23.797871],[90.333397,23.797891],[90.333392,23.797892],[90.333371,23.797729]]]}},{"type":"Feature","properties":{"survey":"bds","sheet":"066","dag":"32684","label_bn":"32684","area_sqm":262.1},"geometry":{"type":"Polygon","coordinates":[[[90.334869,23.797366],[90.334884,23.797354],[90.334888,23.79735],[90.334893,23.797346],[90.334917,23.797324],[90.335,23.79723],[90.335002,23.797228],[90.335018,23.797167],[90.335034,23.79711],[90.335044,23.797072],[90.335045,23.797008],[90.335087,23.796998],[90.335101,23.796994],[90.335134,23.797015],[90.335123,23.797017],[90.335091,23.797025],[90.335077,23.79708],[90.335062,23.797123],[90.335058,23.797135],[90.335024,23.79723],[90.334934,23.797359],[90.335039,23.797337],[90.335169,23.797312],[90.335182,23.797389],[90.335178,23.79742],[90.335158,23.797423],[90.335146,23.797336],[90.335026,23.797368],[90.33488,23.797395],[90.334869,23.797366]]]}},{"type":"Feature","properties":{"survey":"bds","sheet":"066","dag":"32828","label_bn":"32828","area_sqm":264.6},"geometry":{"type":"Polygon","coordinates":[[[90.334167,23.796012],[90.334265,23.795885],[90.334389,23.795962],[90.334296,23.796089],[90.334167,23.796012]]]}},{"type":"Feature","properties":{"survey":"bds","sheet":"066","dag":"32763","label_bn":"32763","area_sqm":269.7},"geometry":{"type":"Polygon","coordinates":[[[90.333138,23.796096],[90.333153,23.796054],[90.333185,23.795958],[90.333316,23.795997],[90.333342,23.796005],[90.33334,23.796009],[90.333339,23.796012],[90.333334,23.796023],[90.333284,23.796148],[90.333138,23.796096]]]}},{"type":"Feature","properties":{"survey":"bds","sheet":"066","dag":"32848","label_bn":"32848","area_sqm":357.1},"geometry":{"type":"Polygon","coordinates":[[[90.335159,23.795914],[90.335117,23.795937],[90.335034,23.795981],[90.335024,23.795987],[90.334972,23.796018],[90.334965,23.796008],[90.334905,23.795912],[90.334915,23.795904],[90.334962,23.795861],[90.335039,23.795794],[90.335067,23.79577],[90.335159,23.795914]]]}},{"type":"Feature","properties":{"survey":"bds","sheet":"066","dag":"32752","label_bn":"32752","area_sqm":277.9},"geometry":{"type":"Polygon","coordinates":[[[90.333505,23.79633],[90.333555,23.796212],[90.333582,23.79614],[90.333626,23.796155],[90.333632,23.796157],[90.333693,23.796179],[90.333699,23.796182],[90.3337,23.796183],[90.333628,23.796358],[90.333505,23.79633]]]}},{"type":"Feature","properties":{"survey":"bds","sheet":"066","dag":"32639","label_bn":"32639","area_sqm":280.1},"geometry":{"type":"Polygon","coordinates":[[[90.335541,23.797916],[90.335547,23.797876],[90.335552,23.797726],[90.335594,23.797737],[90.335681,23.797747],[90.33569,23.797769],[90.335686,23.797796],[90.335687,23.797807],[90.335688,23.79784],[90.335663,23.797914],[90.335657,23.797933],[90.335564,23.79792],[90.335563,23.79792],[90.335541,23.797916]]]}},{"type":"Feature","properties":{"survey":"bds","sheet":"066","dag":"32742","label_bn":"32742","area_sqm":287.5},"geometry":{"type":"Polygon","coordinates":[[[90.333994,23.796435],[90.334003,23.796367],[90.334017,23.79637],[90.334031,23.796373],[90.334084,23.796261],[90.334195,23.796322],[90.334183,23.796362],[90.334152,23.796469],[90.333994,23.796435]]]}},{"type":"Feature","properties":{"survey":"bds","sheet":"066","dag":"32638","label_bn":"32638","area_sqm":294.7},"geometry":{"type":"Polygon","coordinates":[[[90.335387,23.797863],[90.335387,23.797858],[90.335388,23.797837],[90.335394,23.797696],[90.335456,23.797708],[90.335476,23.797712],[90.33554,23.797724],[90.335552,23.797726],[90.335552,23.797726],[90.335547,23.797876],[90.335532,23.797875],[90.33553,23.797885],[90.335525,23.797884],[90.335387,23.797863]]]}},{"type":"Feature","properties":{"survey":"bds","sheet":"066","dag":"32571","label_bn":"32571","area_sqm":304.9},"geometry":{"type":"Polygon","coordinates":[[[90.334156,23.798099],[90.334169,23.798152],[90.334169,23.798152],[90.334173,23.798169],[90.334173,23.798169],[90.334173,23.79817],[90.334177,23.798184],[90.334078,23.798202],[90.334065,23.798204],[90.334047,23.798208],[90.334042,23.79819],[90.334023,23.798109],[90.334015,23.798073],[90.333982,23.798077],[90.333978,23.798074],[90.333975,23.798069],[90.333964,23.798039],[90.334128,23.797991],[90.334135,23.798018],[90.334137,23.798025],[90.334156,23.798099]]]}},{"type":"Feature","properties":{"survey":"bds","sheet":"066","dag":"32637","label_bn":"32637","area_sqm":308.6},"geometry":{"type":"Polygon","coordinates":[[[90.335371,23.798072],[90.335371,23.798071],[90.335373,23.798042],[90.335374,23.798033],[90.335387,23.797863],[90.335525,23.797884],[90.335491,23.798089],[90.335436,23.798081],[90.335371,23.798072]]]}},{"type":"Feature","properties":{"survey":"bds","sheet":"066","dag":"32595","label_bn":"32595","area_sqm":308.6},"geometry":{"type":"Polygon","coordinates":[[[90.333959,23.797549],[90.334099,23.797497],[90.334201,23.79746],[90.33422,23.797504],[90.334235,23.797574],[90.334007,23.797635],[90.334001,23.797637],[90.333989,23.797609],[90.333965,23.797561],[90.333959,23.797549]]]}},{"type":"Feature","properties":{"survey":"bds","sheet":"066","dag":"32837","label_bn":"32837","area_sqm":313.4},"geometry":{"type":"Polygon","coordinates":[[[90.334376,23.795753],[90.334464,23.795649],[90.334639,23.795756],[90.33455,23.79586],[90.334464,23.795808],[90.334376,23.795753]]]}},{"type":"Feature","properties":{"survey":"bds","sheet":"066","dag":"32844","label_bn":"32844","area_sqm":403.8},"geometry":{"type":"Polygon","coordinates":[[[90.334976,23.795627],[90.33505,23.795742],[90.335018,23.795769],[90.334934,23.795838],[90.334896,23.795873],[90.334767,23.795794],[90.334818,23.795745],[90.334849,23.795714],[90.334919,23.79565],[90.334962,23.795611],[90.334976,23.795627]]]}},{"type":"Feature","properties":{"survey":"bds","sheet":"066","dag":"32601","label_bn":"32601","area_sqm":314.4},"geometry":{"type":"Polygon","coordinates":[[[90.334581,23.797703],[90.334582,23.797689],[90.334582,23.797665],[90.334582,23.797592],[90.334582,23.797589],[90.334589,23.79752],[90.334589,23.797513],[90.334614,23.797486],[90.33462,23.797479],[90.33462,23.797479],[90.334647,23.797449],[90.334676,23.797419],[90.334719,23.797394],[90.334731,23.797388],[90.334731,23.797388],[90.334737,23.797384],[90.33475,23.797382],[90.334834,23.797371],[90.334869,23.797366],[90.33488,23.797395],[90.334823,23.797408],[90.334814,23.79741],[90.334814,23.79741],[90.334812,23.797411],[90.334768,23.797422],[90.33474,23.797424],[90.334723,23.797431],[90.334718,23.797435],[90.334718,23.797435],[90.334708,23.797441],[90.334707,23.797441],[90.334693,23.797453],[90.334679,23.797464],[90.33466,23.797483],[90.334638,23.797509],[90.334624,23.797531],[90.334619,23.797541],[90.334616,23.797583],[90.334611,23.797653],[90.334616,23.797719],[90.334617,23.797731],[90.334622,23.797778],[90.334636,23.797822],[90.334664,23.797895],[90.334666,23.797907],[90.334666,23.797909],[90.334688,23.79804],[90.334655,23.798046],[90.334653,23.798028],[90.334647,23.797977],[90.334644,23.797952],[90.334638,23.797933],[90.334633,23.797914],[90.334631,23.797907],[90.334612,23.797845],[90.334608,23.797833],[90.3346,23.797804],[90.334581,23.797703]]]}},{"type":"Feature","properties":{"survey":"bds","sheet":"066","dag":"32577","label_bn":"32577","area_sqm":413.6},"geometry":{"type":"Polygon","coordinates":[[[90.334653,23.798028],[90.334655,23.798046],[90.334616,23.798054],[90.334616,23.798054],[90.33461,23.798055],[90.334606,23.798056],[90.334597,23.797987],[90.334581,23.797991],[90.334581,23.797991],[90.334574,23.797992],[90.33448,23.798013],[90.334376,23.798036],[90.334372,23.798007],[90.334358,23.798008],[90.334357,23.798005],[90.334258,23.798014],[90.334137,23.798025],[90.334135,23.798018],[90.334128,23.797991],[90.334126,23.797982],[90.334148,23.797979],[90.33435,23.797945],[90.334432,23.797932],[90.334433,23.797945],[90.334534,23.797932],[90.334562,23.797927],[90.334568,23.797926],[90.334568,23.797926],[90.334596,23.797921],[90.334607,23.797918],[90.334613,23.797917],[90.334614,23.797917],[90.334633,23.797914],[90.334638,23.797933],[90.334644,23.797952],[90.334647,23.797977],[90.334653,23.798028]]]}},{"type":"Feature","properties":{"survey":"bds","sheet":"066","dag":"32825","label_bn":"32825","area_sqm":324.6},"geometry":{"type":"Polygon","coordinates":[[[90.334317,23.796244],[90.33439,23.796146],[90.334393,23.796143],[90.334586,23.796259],[90.334512,23.796362],[90.334317,23.796244]]]}},{"type":"Feature","properties":{"survey":"bds","sheet":"066","dag":"32719","label_bn":"32719","area_sqm":329.4},"geometry":{"type":"Polygon","coordinates":[[[90.333205,23.796456],[90.333212,23.79643],[90.333305,23.79647],[90.333427,23.796522],[90.333494,23.796538],[90.333562,23.796554],[90.333664,23.796576],[90.3338,23.796601],[90.333886,23.796618],[90.333981,23.796636],[90.334094,23.796659],[90.334132,23.796671],[90.334165,23.796676],[90.334212,23.796686],[90.33419,23.796709],[90.334125,23.796696],[90.334056,23.796681],[90.333922,23.796654],[90.333838,23.796637],[90.333673,23.796606],[90.333584,23.796586],[90.333549,23.796581],[90.333416,23.796549],[90.333295,23.796496],[90.333205,23.796456]]]}},{"type":"Feature","properties":{"survey":"bds","sheet":"066","dag":"32800","label_bn":"32800","area_sqm":333.6},"geometry":{"type":"Polygon","coordinates":[[[90.334131,23.795352],[90.334172,23.79524],[90.33422,23.795239],[90.334414,23.795264],[90.334343,23.79539],[90.334238,23.795372],[90.334131,23.795352]]]}},{"type":"Feature","properties":{"survey":"bds","sheet":"066","dag":"32880","label_bn":"32880","area_sqm":341.8},"geometry":{"type":"Polygon","coordinates":[[[90.334961,23.7962],[90.334997,23.796186],[90.335887,23.79597],[90.335943,23.795957],[90.335949,23.795982],[90.335922,23.79599],[90.335804,23.796019],[90.335686,23.796049],[90.335628,23.796063],[90.335568,23.796076],[90.335457,23.796104],[90.33536,23.796126],[90.33532,23.796137],[90.335263,23.796153],[90.335206,23.796169],[90.335177,23.796178],[90.335056,23.796206],[90.334971,23.796226],[90.334961,23.7962]]]}},{"type":"Feature","properties":{"survey":"bds","sheet":"066","dag":"32811","label_bn":"32811","area_sqm":342.2},"geometry":{"type":"Polygon","coordinates":[[[90.3343,23.795465],[90.334343,23.79539],[90.334414,23.795264],[90.33445,23.795269],[90.334546,23.795283],[90.334564,23.795285],[90.334539,23.795321],[90.334522,23.795347],[90.334473,23.795417],[90.334423,23.795486],[90.334423,23.795486],[90.334339,23.795472],[90.3343,23.795465]]]}},{"type":"Feature","properties":{"survey":"bds","sheet":"066","dag":"32739","label_bn":"32739","area_sqm":348.7},"geometry":{"type":"Polygon","coordinates":[[[90.333269,23.796271],[90.333279,23.796245],[90.333352,23.796272],[90.333377,23.796282],[90.333441,23.796306],[90.333505,23.79633],[90.333628,23.796358],[90.333657,23.796365],[90.33373,23.79638],[90.333811,23.796397],[90.333887,23.796412],[90.333977,23.796432],[90.333994,23.796435],[90.334152,23.796469],[90.334235,23.796487],[90.334239,23.796488],[90.334381,23.796527],[90.334391,23.796529],[90.334372,23.796551],[90.334364,23.796548],[90.334332,23.796537],[90.334257,23.796522],[90.334152,23.796496],[90.334048,23.796474],[90.333909,23.796445],[90.333772,23.796416],[90.333636,23.796387],[90.333498,23.796356],[90.333493,23.796355],[90.333382,23.796313],[90.33337,23.796309],[90.333269,23.796271]]]}},{"type":"Feature","properties":{"survey":"bds","sheet":"066","dag":"32832","label_bn":"32832","area_sqm":349.7},"geometry":{"type":"Polygon","coordinates":[[[90.334482,23.795978],[90.334571,23.795872],[90.334617,23.795899],[90.334671,23.795932],[90.33477,23.795991],[90.334717,23.796043],[90.334668,23.79609],[90.334639,23.796073],[90.334482,23.795978]]]}},{"type":"Feature","properties":{"survey":"bds","sheet":"066","dag":"32820","label_bn":"32820","area_sqm":350.4},"geometry":{"type":"Polygon","coordinates":[[[90.333993,23.796235],[90.334075,23.796136],[90.33408,23.796129],[90.334317,23.796278],[90.334258,23.796356],[90.334248,23.79635],[90.334195,23.796322],[90.334084,23.796261],[90.334002,23.796236],[90.333993,23.796235]]]}},{"type":"Feature","properties":{"survey":"bds","sheet":"066","dag":"32824","label_bn":"32824","area_sqm":355.7},"geometry":{"type":"Polygon","coordinates":[[[90.334096,23.796108],[90.334167,23.796012],[90.334296,23.796089],[90.33439,23.796146],[90.334317,23.796244],[90.334096,23.796108]]]}},{"type":"Feature","properties":{"survey":"bds","sheet":"066","dag":"32554","label_bn":"32554","area_sqm":361.0},"geometry":{"type":"Polygon","coordinates":[[[90.334775,23.797094],[90.334799,23.797051],[90.334815,23.79702],[90.334825,23.797],[90.334919,23.797042],[90.335044,23.797072],[90.335034,23.79711],[90.335018,23.797167],[90.335002,23.797228],[90.335,23.79723],[90.334861,23.797146],[90.334775,23.797094]]]}},{"type":"Feature","properties":{"survey":"bds","sheet":"066","dag":"32826","label_bn":"32826","area_sqm":392.5},"geometry":{"type":"Polygon","coordinates":[[[90.334393,23.796143],[90.334483,23.796018],[90.334653,23.796121],[90.334678,23.796136],[90.334665,23.796154],[90.334586,23.796259],[90.334393,23.796143]]]}},{"type":"Feature","properties":{"survey":"bds","sheet":"066","dag":"32617","label_bn":"32617","area_sqm":396.2},"geometry":{"type":"Polygon","coordinates":[[[90.334611,23.797653],[90.334616,23.797583],[90.334619,23.797541],[90.334692,23.797545],[90.334697,23.797545],[90.33479,23.797524],[90.334803,23.797564],[90.334814,23.7976],[90.33483,23.797674],[90.334836,23.7977],[90.334826,23.797701],[90.334791,23.797705],[90.334732,23.797709],[90.334616,23.797719],[90.334611,23.797653]]]}},{"type":"Feature","properties":{"survey":"bds","sheet":"066","dag":"32703","label_bn":"32703","area_sqm":406.4},"geometry":{"type":"Polygon","coordinates":[[[90.334421,23.796581],[90.334704,23.796518],[90.334728,23.796612],[90.33473,23.796625],[90.334733,23.796641],[90.33472,23.796655],[90.334514,23.796705],[90.334465,23.796637],[90.334422,23.796583],[90.334421,23.796581]]]}},{"type":"Feature","properties":{"survey":"bds","sheet":"066","dag":"32561","label_bn":"32561","area_sqm":406.6},"geometry":{"type":"Polygon","coordinates":[[[90.334149,23.797345],[90.334179,23.796974],[90.334254,23.796988],[90.334256,23.797012],[90.334265,23.797121],[90.33427,23.79724],[90.334273,23.797323],[90.334176,23.797342],[90.334149,23.797345]]]}},{"type":"Feature","properties":{"survey":"bds","sheet":"066","dag":"32791","label_bn":"32791","area_sqm":428.8},"geometry":{"type":"Polygon","coordinates":[[[90.334087,23.795077],[90.334096,23.794959],[90.334096,23.794957],[90.334171,23.79496],[90.334277,23.794965],[90.334308,23.794966],[90.334371,23.794969],[90.334367,23.794983],[90.334335,23.795114],[90.334229,23.795108],[90.334123,23.795106],[90.334087,23.795077]]]}},{"type":"Feature","properties":{"survey":"bds","sheet":"066","dag":"32635","label_bn":"32635","area_sqm":436.5},"geometry":{"type":"Polygon","coordinates":[[[90.335103,23.798034],[90.335103,23.798033],[90.335108,23.798005],[90.335132,23.797865],[90.335141,23.797795],[90.335158,23.797707],[90.335159,23.7977],[90.335216,23.797712],[90.335235,23.797716],[90.335264,23.797723],[90.335263,23.797728],[90.335244,23.797876],[90.335232,23.798008],[90.335231,23.798013],[90.335224,23.798046],[90.335223,23.798052],[90.335103,23.798034]]]}},{"type":"Feature","properties":{"survey":"bds","sheet":"066","dag":"32816","label_bn":"32816","area_sqm":437.0},"geometry":{"type":"Polygon","coordinates":[[[90.334206,23.795677],[90.334313,23.795519],[90.334326,23.7955],[90.334402,23.795519],[90.334408,23.79552],[90.334509,23.795544],[90.334433,23.795634],[90.334333,23.795752],[90.334278,23.795719],[90.334206,23.795677]]]}},{"type":"Feature","properties":{"survey":"bds","sheet":"066","dag":"32795","label_bn":"32795","area_sqm":441.0},"geometry":{"type":"Polygon","coordinates":[[[90.333788,23.795248],[90.333789,23.795232],[90.33379,23.795218],[90.3338,23.795091],[90.334123,23.795106],[90.334097,23.795198],[90.334049,23.795206],[90.3338,23.795246],[90.333788,23.795248]]]}},{"type":"Feature","properties":{"survey":"bds","sheet":"066","dag":"32647","label_bn":"32647","area_sqm":449.8},"geometry":{"type":"Polygon","coordinates":[[[90.335456,23.797708],[90.335461,23.797542],[90.335482,23.797538],[90.335544,23.797549],[90.335668,23.797568],[90.335668,23.797569],[90.33568,23.797626],[90.33569,23.797669],[90.335691,23.797696],[90.33569,23.797716],[90.335681,23.797747],[90.335594,23.797737],[90.335552,23.797726],[90.335552,23.797726],[90.33554,23.797724],[90.335476,23.797712],[90.335456,23.797708]]]}},{"type":"Feature","properties":{"survey":"bds","sheet":"066","dag":"32815","label_bn":"32815","area_sqm":516.1},"geometry":{"type":"Polygon","coordinates":[[[90.334016,23.795693],[90.334111,23.795518],[90.334138,23.795469],[90.334326,23.7955],[90.334313,23.795519],[90.334206,23.795677],[90.334154,23.795752],[90.334016,23.795693]]]}},{"type":"Feature","properties":{"survey":"bds","sheet":"066","dag":"32636","label_bn":"32636","area_sqm":526.8},"geometry":{"type":"Polygon","coordinates":[[[90.335223,23.798052],[90.335224,23.798046],[90.335231,23.798013],[90.335232,23.798008],[90.335244,23.797876],[90.335263,23.797728],[90.335264,23.797723],[90.3353,23.797732],[90.335348,23.797743],[90.335359,23.797746],[90.335394,23.797696],[90.335388,23.797837],[90.335387,23.797858],[90.335387,23.797863],[90.335374,23.798033],[90.335373,23.798042],[90.335371,23.798071],[90.335371,23.798072],[90.33536,23.79807],[90.335246,23.798053],[90.335244,23.798053],[90.335223,23.798052]]]}},{"type":"Feature","properties":{"survey":"bds","sheet":"066","dag":"32563","label_bn":"32563","area_sqm":556.7},"geometry":{"type":"Polygon","coordinates":[[[90.333746,23.797377],[90.333786,23.797369],[90.333876,23.797366],[90.334042,23.797354],[90.334031,23.797378],[90.334099,23.797497],[90.333959,23.797549],[90.333941,23.79752],[90.333878,23.797526],[90.333794,23.797534],[90.333793,23.797531],[90.333754,23.797418],[90.333746,23.797377]]]}},{"type":"Feature","properties":{"survey":"bds","sheet":"066","dag":"32841","label_bn":"32841","area_sqm":795.1},"geometry":{"type":"Polygon","coordinates":[[[90.334727,23.795349],[90.334962,23.795611],[90.334919,23.79565],[90.334849,23.795714],[90.334788,23.795677],[90.334776,23.79567],[90.334737,23.795645],[90.334689,23.795614],[90.334662,23.795597],[90.334554,23.795532],[90.334635,23.795443],[90.334721,23.795348],[90.334724,23.795345],[90.334727,23.795349]]]}},{"type":"Feature","properties":{"survey":"bds","sheet":"066","dag":"32778","label_bn":"32778","area_sqm":725.2},"geometry":{"type":"Polygon","coordinates":[[[90.333502,23.795678],[90.333507,23.795665],[90.33355,23.795553],[90.333966,23.795735],[90.333991,23.795745],[90.333933,23.795868],[90.333904,23.795855],[90.333611,23.795726],[90.333502,23.795678]]]}},{"type":"Feature","properties":{"survey":"bds","sheet":"066","dag":"32796","label_bn":"32796","area_sqm":813.3},"geometry":{"type":"Polygon","coordinates":[[[90.333746,23.795397],[90.333788,23.795248],[90.3338,23.795246],[90.334049,23.795206],[90.334097,23.795198],[90.334155,23.795204],[90.334199,23.795208],[90.3342,23.795209],[90.3342,23.795209],[90.334172,23.79524],[90.334131,23.795352],[90.334115,23.795394],[90.33399,23.795351],[90.333964,23.795429],[90.333952,23.795463],[90.333746,23.795397]]]}},{"type":"Feature","properties":{"survey":"bds","sheet":"066","dag":"32560","label_bn":"32560","area_sqm":851.5},"geometry":{"type":"Polygon","coordinates":[[[90.334254,23.796988],[90.3343,23.796997],[90.33442,23.797037],[90.334528,23.797077],[90.334629,23.797135],[90.334624,23.797141],[90.334672,23.797196],[90.334667,23.797204],[90.334636,23.79726],[90.334408,23.797247],[90.33427,23.79724],[90.334265,23.797121],[90.334256,23.797012],[90.334254,23.796988]]]}},{"type":"Feature","properties":{"survey":"bds","sheet":"066","dag":"32523","label_bn":"32523","area_sqm":980.1},"geometry":{"type":"Polygon","coordinates":[[[90.333214,23.797219],[90.333309,23.797207],[90.333334,23.797202],[90.333528,23.797176],[90.333533,23.797206],[90.333578,23.797479],[90.333524,23.797465],[90.333504,23.797462],[90.33349,23.797463],[90.333368,23.797478],[90.333258,23.797454],[90.333238,23.797347],[90.333228,23.797294],[90.33322,23.79725],[90.333214,23.797219]]]}},{"type":"Feature","properties":{"survey":"bds","sheet":"066","dag":"32777","label_bn":"32777","area_sqm":1194.3},"geometry":{"type":"Polygon","coordinates":[[[90.333417,23.795899],[90.333502,23.795678],[90.333611,23.795726],[90.333904,23.795855],[90.333933,23.795868],[90.333852,23.796035],[90.333835,23.796071],[90.333812,23.79606],[90.333628,23.795981],[90.333424,23.795902],[90.333417,23.795899]]]}},{"type":"Feature","properties":{"survey":"bds","sheet":"066","dag":"32559","label_bn":"32559","area_sqm":1359.4},"geometry":{"type":"Polygon","coordinates":[[[90.334589,23.797513],[90.334581,23.797509],[90.33458,23.797509],[90.334579,23.797508],[90.334578,23.797508],[90.334567,23.797508],[90.334526,23.797508],[90.334524,23.797508],[90.334524,23.797508],[90.334432,23.797509],[90.334382,23.797502],[90.334335,23.797496],[90.334306,23.797493],[90.33422,23.797504],[90.334201,23.79746],[90.334099,23.797497],[90.334031,23.797378],[90.334042,23.797354],[90.334149,23.797345],[90.334176,23.797342],[90.334273,23.797323],[90.33427,23.79724],[90.334408,23.797247],[90.334636,23.79726],[90.33457,23.797357],[90.334591,23.797368],[90.334632,23.797393],[90.334635,23.797394],[90.33465,23.797403],[90.334653,23.797405],[90.334676,23.797419],[90.334647,23.797449],[90.33462,23.797479],[90.33462,23.797479],[90.334614,23.797486],[90.334589,23.797513]]]}},{"type":"Feature","properties":{"survey":"bds","sheet":"066","dag":"32779","label_bn":"32779","area_sqm":1301.6},"geometry":{"type":"Polygon","coordinates":[[[90.334111,23.795518],[90.334016,23.795693],[90.333991,23.795745],[90.333966,23.795735],[90.33355,23.795553],[90.333602,23.795418],[90.333604,23.795413],[90.333746,23.795397],[90.333952,23.795463],[90.334053,23.795496],[90.334076,23.795503],[90.334102,23.795432],[90.334138,23.795469],[90.334111,23.795518]]]}},{"type":"Feature","properties":{"survey":"bds","sheet":"066","dag":"32708","label_bn":"32708","area_sqm":1406.2},"geometry":{"type":"Polygon","coordinates":[[[90.334402,23.796558],[90.334419,23.796535],[90.334467,23.79647],[90.334684,23.79618],[90.334718,23.796134],[90.334758,23.796144],[90.334778,23.796149],[90.334779,23.796148],[90.334852,23.796087],[90.33487,23.79622],[90.334885,23.796346],[90.334888,23.796362],[90.334905,23.796454],[90.334908,23.796472],[90.334884,23.796475],[90.334864,23.796478],[90.334858,23.796479],[90.334704,23.796518],[90.334421,23.796581],[90.334402,23.796558]]]}},{"type":"Feature","properties":{"survey":"bds","sheet":"066","dag":"32881","label_bn":"32881","area_sqm":1394.1},"geometry":{"type":"Polygon","coordinates":[[[90.334997,23.796186],[90.334972,23.796018],[90.335024,23.795987],[90.335034,23.795981],[90.335117,23.795937],[90.335159,23.795914],[90.335166,23.795925],[90.335529,23.79598],[90.335562,23.795974],[90.335861,23.795868],[90.335887,23.79597],[90.334997,23.796186]]]}},{"type":"Feature","properties":{"survey":"bds","sheet":"066","dag":"32819","label_bn":"32819","area_sqm":1539.8},"geometry":{"type":"Polygon","coordinates":[[[90.333784,23.796171],[90.333792,23.796153],[90.333818,23.796098],[90.333835,23.796071],[90.333852,23.796035],[90.333933,23.795868],[90.333991,23.795745],[90.334016,23.795693],[90.334154,23.795752],[90.334197,23.795806],[90.334257,23.795842],[90.33428,23.795856],[90.334286,23.79586],[90.334265,23.795885],[90.334167,23.796012],[90.334096,23.796108],[90.33408,23.796129],[90.334075,23.796136],[90.333993,23.796235],[90.333978,23.796232],[90.333892,23.796215],[90.333784,23.796171]]]}},{"type":"Feature","properties":{"survey":"bds","sheet":"066","dag":"32562","label_bn":"32562","area_sqm":1870.9},"geometry":{"type":"Polygon","coordinates":[[[90.333694,23.797197],[90.333701,23.79717],[90.333734,23.797064],[90.333745,23.797033],[90.333749,23.797022],[90.333843,23.796996],[90.333909,23.796979],[90.33417,23.796974],[90.334179,23.796974],[90.334149,23.797345],[90.334042,23.797354],[90.333876,23.797366],[90.333786,23.797369],[90.333746,23.797377],[90.333737,23.797326],[90.333709,23.797248],[90.333694,23.797197]]]}},{"type":"Feature","properties":{"survey":"bds","sheet":"066","dag":"32544","label_bn":"32544","area_sqm":1980.2},"geometry":{"type":"Polygon","coordinates":[[[90.333489,23.796825],[90.333526,23.796729],[90.333548,23.79667],[90.333549,23.796669],[90.333554,23.796671],[90.333637,23.796687],[90.333803,23.796719],[90.333886,23.796736],[90.334021,23.796763],[90.33409,23.796776],[90.334201,23.796785],[90.334222,23.796787],[90.334219,23.796796],[90.334208,23.79685],[90.334179,23.796974],[90.33417,23.796974],[90.333909,23.796979],[90.333843,23.796996],[90.333749,23.797022],[90.333745,23.797033],[90.333734,23.797064],[90.333723,23.797061],[90.333638,23.797036],[90.333595,23.797024],[90.333554,23.797012],[90.333616,23.796884],[90.333489,23.796825]]]}}]}