{"type":"FeatureCollection","features":[{"type":"Feature","properties":{"survey":"bds","sheet":"067","dag":"33103","label_bn":"33103","area_sqm":16.6},"geometry":{"type":"Polygon","coordinates":[[[90.333582,23.798779],[90.333582,23.79877],[90.333589,23.798712],[90.333603,23.798622],[90.333606,23.79858],[90.333614,23.798581],[90.333599,23.798697],[90.333592,23.798756],[90.33359,23.798779],[90.333582,23.798779]]]}},{"type":"Feature","properties":{"survey":"bds","sheet":"067","dag":"33053","label_bn":"33053","area_sqm":17.7},"geometry":{"type":"Polygon","coordinates":[[[90.334027,23.799505],[90.334028,23.799391],[90.334028,23.799386],[90.334028,23.799364],[90.334036,23.799364],[90.334036,23.799387],[90.334036,23.799392],[90.334033,23.799475],[90.334032,23.799505],[90.334038,23.799581],[90.334027,23.799582],[90.334027,23.799505],[90.334027,23.799505]]]}},{"type":"Feature","properties":{"survey":"bds","sheet":"067","dag":"33278","label_bn":"33278","area_sqm":19.3},"geometry":{"type":"Polygon","coordinates":[[[90.335097,23.799815],[90.335102,23.799759],[90.335132,23.79976],[90.335128,23.799814],[90.335097,23.799815]]]}},{"type":"Feature","properties":{"survey":"bds","sheet":"067","dag":"33032","label_bn":"33032","area_sqm":22.4},"geometry":{"type":"Polygon","coordinates":[[[90.333579,23.799454],[90.333586,23.799425],[90.333624,23.799325],[90.333624,23.799325],[90.333637,23.799329],[90.333636,23.799331],[90.333609,23.799405],[90.333596,23.799452],[90.333587,23.799453],[90.333579,23.799454]]]}},{"type":"Feature","properties":{"survey":"bds","sheet":"067","dag":"33206","label_bn":"33206","area_sqm":22.4},"geometry":{"type":"Polygon","coordinates":[[[90.334501,23.799322],[90.33451,23.799264],[90.334513,23.799213],[90.334523,23.799213],[90.334521,23.799269],[90.334517,23.799359],[90.334504,23.79936],[90.334502,23.79936],[90.334501,23.799322]]]}},{"type":"Feature","properties":{"survey":"bds","sheet":"067","dag":"33346","label_bn":"33346","area_sqm":25.3},"geometry":{"type":"Polygon","coordinates":[[[90.335215,23.798347],[90.335222,23.798302],[90.335235,23.798199],[90.335254,23.798094],[90.335264,23.798095],[90.335245,23.798189],[90.335233,23.798282],[90.335224,23.798347],[90.335215,23.798347]]]}},{"type":"Feature","properties":{"survey":"bds","sheet":"067","dag":"33218","label_bn":"33218","area_sqm":29.1},"geometry":{"type":"Polygon","coordinates":[[[90.334621,23.799453],[90.334664,23.799449],[90.334671,23.799504],[90.334622,23.799509],[90.334621,23.799453]]]}},{"type":"Feature","properties":{"survey":"bds","sheet":"067","dag":"33215","label_bn":"33215","area_sqm":31.1},"geometry":{"type":"Polygon","coordinates":[[[90.334549,23.799456],[90.33455,23.799447],[90.334674,23.799441],[90.334799,23.79943],[90.334877,23.799425],[90.334877,23.799434],[90.334749,23.799443],[90.334726,23.799443],[90.334664,23.799449],[90.334621,23.799453],[90.334549,23.799456]]]}},{"type":"Feature","properties":{"survey":"bds","sheet":"067","dag":"33164","label_bn":"33164","area_sqm":32.2},"geometry":{"type":"Polygon","coordinates":[[[90.334328,23.798241],[90.334481,23.798211],[90.334484,23.798244],[90.334524,23.798243],[90.334524,23.798252],[90.334475,23.798252],[90.334471,23.798223],[90.334444,23.798228],[90.334434,23.79823],[90.334434,23.798237],[90.334329,23.798257],[90.334328,23.798241]]]}},{"type":"Feature","properties":{"survey":"bds","sheet":"067","dag":"33274","label_bn":"33274","area_sqm":35.4},"geometry":{"type":"Polygon","coordinates":[[[90.334973,23.799889],[90.33498,23.799821],[90.335022,23.799818],[90.335019,23.799873],[90.335017,23.799893],[90.334973,23.799889]]]}},{"type":"Feature","properties":{"survey":"bds","sheet":"067","dag":"33137","label_bn":"33137","area_sqm":36.2},"geometry":{"type":"Polygon","coordinates":[[[90.333478,23.798444],[90.333484,23.79838],[90.333529,23.79838],[90.33353,23.798389],[90.333529,23.798447],[90.333478,23.798444]]]}},{"type":"Feature","properties":{"survey":"bds","sheet":"067","dag":"33273","label_bn":"33273","area_sqm":36.3},"geometry":{"type":"Polygon","coordinates":[[[90.334929,23.799884],[90.334933,23.799801],[90.334945,23.799815],[90.334954,23.799821],[90.33498,23.799821],[90.334973,23.799889],[90.334929,23.799884]]]}},{"type":"Feature","properties":{"survey":"bds","sheet":"067","dag":"33207","label_bn":"33207","area_sqm":36.7},"geometry":{"type":"Polygon","coordinates":[[[90.334517,23.799359],[90.334521,23.799269],[90.334555,23.79927],[90.334556,23.799358],[90.334517,23.799359]]]}},{"type":"Feature","properties":{"survey":"bds","sheet":"067","dag":"33174","label_bn":"33174","area_sqm":40.0},"geometry":{"type":"Polygon","coordinates":[[[90.334761,23.79834],[90.334766,23.798224],[90.334775,23.798072],[90.334788,23.79807],[90.334778,23.798235],[90.334775,23.798341],[90.334774,23.798347],[90.334761,23.79834]]]}},{"type":"Feature","properties":{"survey":"bds","sheet":"067","dag":"33342","label_bn":"33342","area_sqm":43.9},"geometry":{"type":"Polygon","coordinates":[[[90.335165,23.798191],[90.335179,23.798083],[90.335186,23.798084],[90.335214,23.798089],[90.335202,23.798195],[90.335165,23.798191]]]}},{"type":"Feature","properties":{"survey":"bds","sheet":"067","dag":"33343","label_bn":"33343","area_sqm":44.7},"geometry":{"type":"Polygon","coordinates":[[[90.335202,23.798195],[90.335214,23.798089],[90.335222,23.79809],[90.335254,23.798094],[90.335235,23.798199],[90.335202,23.798195]]]}},{"type":"Feature","properties":{"survey":"bds","sheet":"067","dag":"33219","label_bn":"33219","area_sqm":45.6},"geometry":{"type":"Polygon","coordinates":[[[90.334549,23.799456],[90.334621,23.799453],[90.334622,23.799509],[90.33455,23.799512],[90.334549,23.799456]]]}},{"type":"Feature","properties":{"survey":"bds","sheet":"067","dag":"33239","label_bn":"33239","area_sqm":47.9},"geometry":{"type":"Polygon","coordinates":[[[90.334916,23.800723],[90.334939,23.800623],[90.334956,23.800523],[90.334971,23.800526],[90.334964,23.800585],[90.334951,23.800665],[90.334935,23.800749],[90.334916,23.800723]]]}},{"type":"Feature","properties":{"survey":"bds","sheet":"067","dag":"33141","label_bn":"33141","area_sqm":48.2},"geometry":{"type":"Polygon","coordinates":[[[90.333484,23.798316],[90.333485,23.798307],[90.33349,23.798279],[90.333524,23.798277],[90.333525,23.798294],[90.333525,23.798295],[90.333529,23.79838],[90.333484,23.79838],[90.333484,23.798316]]]}},{"type":"Feature","properties":{"survey":"bds","sheet":"067","dag":"33089","label_bn":"33089","area_sqm":48.6},"geometry":{"type":"Polygon","coordinates":[[[90.333207,23.798622],[90.333265,23.798629],[90.333231,23.798742],[90.333216,23.798743],[90.333207,23.798622]]]}},{"type":"Feature","properties":{"survey":"bds","sheet":"067","dag":"33370","label_bn":"33370","area_sqm":48.9},"geometry":{"type":"Polygon","coordinates":[[[90.335602,23.7983],[90.335605,23.798278],[90.335679,23.798295],[90.335683,23.798296],[90.335691,23.798241],[90.335693,23.798228],[90.335699,23.798192],[90.335716,23.798206],[90.335718,23.798219],[90.335715,23.798232],[90.335712,23.798249],[90.335704,23.798299],[90.335701,23.798321],[90.335602,23.7983]]]}},{"type":"Feature","properties":{"survey":"bds","sheet":"067","dag":"33367","label_bn":"33367","area_sqm":187.8},"geometry":{"type":"Polygon","coordinates":[[[90.335605,23.798278],[90.335602,23.7983],[90.335571,23.798474],[90.335562,23.798548],[90.335554,23.79864],[90.335548,23.798696],[90.335655,23.798706],[90.335655,23.798707],[90.335649,23.798758],[90.335643,23.79885],[90.335642,23.798926],[90.33564,23.799055],[90.335638,23.799176],[90.335619,23.799174],[90.335619,23.799132],[90.335618,23.79909],[90.335621,23.799079],[90.335626,23.798851],[90.335638,23.798721],[90.335534,23.798711],[90.335542,23.798619],[90.335548,23.798544],[90.335554,23.798484],[90.335557,23.798461],[90.335572,23.798379],[90.335586,23.798274],[90.335605,23.798278]]]}},{"type":"Feature","properties":{"survey":"bds","sheet":"067","dag":"33242","label_bn":"33242","area_sqm":51.6},"geometry":{"type":"Polygon","coordinates":[[[90.334964,23.800585],[90.334971,23.800526],[90.33505,23.800531],[90.335042,23.800588],[90.334964,23.800585]]]}},{"type":"Feature","properties":{"survey":"bds","sheet":"067","dag":"33217","label_bn":"33217","area_sqm":52.3},"geometry":{"type":"Polygon","coordinates":[[[90.334664,23.799449],[90.334726,23.799443],[90.334749,23.799443],[90.334755,23.799495],[90.334671,23.799504],[90.334664,23.799449]]]}},{"type":"Feature","properties":{"survey":"bds","sheet":"067","dag":"33034","label_bn":"33034","area_sqm":52.4},"geometry":{"type":"Polygon","coordinates":[[[90.333692,23.799445],[90.333717,23.799383],[90.333721,23.799375],[90.333726,23.799362],[90.333772,23.799369],[90.333756,23.799449],[90.333735,23.799448],[90.333723,23.799447],[90.333692,23.799445]]]}},{"type":"Feature","properties":{"survey":"bds","sheet":"067","dag":"33243","label_bn":"33243","area_sqm":52.5},"geometry":{"type":"Polygon","coordinates":[[[90.335042,23.800588],[90.33505,23.800531],[90.335129,23.800535],[90.335122,23.800593],[90.335042,23.800588]]]}},{"type":"Feature","properties":{"survey":"bds","sheet":"067","dag":"33071","label_bn":"33071","area_sqm":56.5},"geometry":{"type":"Polygon","coordinates":[[[90.334384,23.799548],[90.334384,23.799512],[90.334529,23.799515],[90.334529,23.799516],[90.334531,23.799547],[90.334384,23.799548]]]}},{"type":"Feature","properties":{"survey":"bds","sheet":"067","dag":"33275","label_bn":"33275","area_sqm":57.9},"geometry":{"type":"Polygon","coordinates":[[[90.335017,23.799924],[90.335017,23.799893],[90.335019,23.799873],[90.335122,23.799874],[90.335118,23.799923],[90.335017,23.799924]]]}},{"type":"Feature","properties":{"survey":"bds","sheet":"067","dag":"33270","label_bn":"33270","area_sqm":58.1},"geometry":{"type":"Polygon","coordinates":[[[90.33501,23.799972],[90.335017,23.799924],[90.335118,23.799923],[90.335112,23.799975],[90.335112,23.799975],[90.335038,23.799973],[90.335024,23.799973],[90.33501,23.799972]]]}},{"type":"Feature","properties":{"survey":"bds","sheet":"067","dag":"33081","label_bn":"33081","area_sqm":59.7},"geometry":{"type":"Polygon","coordinates":[[[90.333572,23.799001],[90.333583,23.798933],[90.33366,23.798944],[90.333651,23.798989],[90.333646,23.799011],[90.333572,23.799001]]]}},{"type":"Feature","properties":{"survey":"bds","sheet":"067","dag":"33309","label_bn":"33309","area_sqm":60.6},"geometry":{"type":"Polygon","coordinates":[[[90.3349,23.799517],[90.334905,23.799519],[90.335014,23.799523],[90.335012,23.79957],[90.334906,23.799569],[90.334902,23.799568],[90.334904,23.799538],[90.3349,23.799517]]]}},{"type":"Feature","properties":{"survey":"bds","sheet":"067","dag":"33208","label_bn":"33208","area_sqm":60.8},"geometry":{"type":"Polygon","coordinates":[[[90.334555,23.79927],[90.334604,23.799268],[90.334608,23.799375],[90.334558,23.799376],[90.334556,23.799358],[90.334555,23.79927]]]}},{"type":"Feature","properties":{"survey":"bds","sheet":"067","dag":"33341","label_bn":"33341","area_sqm":61.5},"geometry":{"type":"Polygon","coordinates":[[[90.335116,23.79819],[90.335133,23.798075],[90.335179,23.798083],[90.335165,23.798191],[90.335116,23.79819]]]}},{"type":"Feature","properties":{"survey":"bds","sheet":"067","dag":"33073","label_bn":"33073","area_sqm":61.7},"geometry":{"type":"Polygon","coordinates":[[[90.334383,23.799374],[90.334446,23.799375],[90.334446,23.799398],[90.334447,23.799462],[90.334385,23.799461],[90.334383,23.799396],[90.334383,23.799374]]]}},{"type":"Feature","properties":{"survey":"bds","sheet":"067","dag":"33308","label_bn":"33308","area_sqm":62.4},"geometry":{"type":"Polygon","coordinates":[[[90.334906,23.799569],[90.335012,23.79957],[90.33501,23.799626],[90.334919,23.799623],[90.334906,23.799577],[90.334906,23.799569]]]}},{"type":"Feature","properties":{"survey":"bds","sheet":"067","dag":"33244","label_bn":"33244","area_sqm":62.9},"geometry":{"type":"Polygon","coordinates":[[[90.335087,23.80078],[90.335105,23.800683],[90.335122,23.800593],[90.335129,23.800535],[90.335151,23.800537],[90.335136,23.800645],[90.335111,23.800775],[90.335087,23.80078]]]}},{"type":"Feature","properties":{"survey":"bds","sheet":"067","dag":"33172","label_bn":"33172","area_sqm":63.1},"geometry":{"type":"Polygon","coordinates":[[[90.334774,23.798347],[90.334775,23.798341],[90.334867,23.798343],[90.334867,23.798349],[90.334859,23.798422],[90.334795,23.79842],[90.334793,23.798365],[90.334793,23.798354],[90.334793,23.798349],[90.334774,23.798347]]]}},{"type":"Feature","properties":{"survey":"bds","sheet":"067","dag":"33092","label_bn":"33092","area_sqm":63.2},"geometry":{"type":"Polygon","coordinates":[[[90.333309,23.798741],[90.333333,23.798637],[90.333344,23.79859],[90.333345,23.798586],[90.333347,23.798578],[90.333367,23.798467],[90.333368,23.798462],[90.333396,23.798439],[90.333385,23.798489],[90.333383,23.798499],[90.333363,23.798589],[90.333326,23.79874],[90.333309,23.798741]]]}},{"type":"Feature","properties":{"survey":"bds","sheet":"067","dag":"33320","label_bn":"33320","area_sqm":64.6},"geometry":{"type":"Polygon","coordinates":[[[90.334924,23.799272],[90.334932,23.799237],[90.33508,23.799233],[90.335082,23.799272],[90.334924,23.799272]]]}},{"type":"Feature","properties":{"survey":"bds","sheet":"067","dag":"33312","label_bn":"33312","area_sqm":64.8},"geometry":{"type":"Polygon","coordinates":[[[90.335123,23.799518],[90.335229,23.79953],[90.335232,23.799582],[90.335124,23.799573],[90.335123,23.799518]]]}},{"type":"Feature","properties":{"survey":"bds","sheet":"067","dag":"33311","label_bn":"33311","area_sqm":64.8},"geometry":{"type":"Polygon","coordinates":[[[90.335124,23.799627],[90.335124,23.799573],[90.335232,23.799582],[90.335229,23.799635],[90.335124,23.799627]]]}},{"type":"Feature","properties":{"survey":"bds","sheet":"067","dag":"33319","label_bn":"33319","area_sqm":66.0},"geometry":{"type":"Polygon","coordinates":[[[90.33492,23.799306],[90.334924,23.799272],[90.335082,23.799272],[90.335084,23.79929],[90.335083,23.79931],[90.33492,23.799306]]]}},{"type":"Feature","properties":{"survey":"bds","sheet":"067","dag":"33234","label_bn":"33234","area_sqm":66.6},"geometry":{"type":"Polygon","coordinates":[[[90.334682,23.800373],[90.334792,23.800375],[90.334795,23.800428],[90.334685,23.800427],[90.334682,23.800373]]]}},{"type":"Feature","properties":{"survey":"bds","sheet":"067","dag":"33190","label_bn":"33190","area_sqm":67.3},"geometry":{"type":"Polygon","coordinates":[[[90.334516,23.79876],[90.334561,23.798755],[90.334567,23.798888],[90.33452,23.798884],[90.33452,23.798879],[90.33452,23.79887],[90.334516,23.79876]]]}},{"type":"Feature","properties":{"survey":"bds","sheet":"067","dag":"33147","label_bn":"33147","area_sqm":67.4},"geometry":{"type":"Polygon","coordinates":[[[90.333537,23.797945],[90.33359,23.797933],[90.333592,23.797934],[90.333594,23.797936],[90.33362,23.798041],[90.333572,23.798052],[90.333537,23.797945]]]}},{"type":"Feature","properties":{"survey":"bds","sheet":"067","dag":"33276","label_bn":"33276","area_sqm":67.8},"geometry":{"type":"Polygon","coordinates":[[[90.335019,23.799873],[90.335022,23.799818],[90.335097,23.799815],[90.335128,23.799814],[90.335122,23.799874],[90.335019,23.799873]]]}},{"type":"Feature","properties":{"survey":"bds","sheet":"067","dag":"33151","label_bn":"33151","area_sqm":68.3},"geometry":{"type":"Polygon","coordinates":[[[90.333772,23.798059],[90.333849,23.798041],[90.333879,23.798116],[90.333803,23.79813],[90.333772,23.798059]]]}},{"type":"Feature","properties":{"survey":"bds","sheet":"067","dag":"33355","label_bn":"33355","area_sqm":70.1},"geometry":{"type":"Polygon","coordinates":[[[90.335225,23.799098],[90.335226,23.799],[90.335297,23.799003],[90.33528,23.7991],[90.335225,23.799098]]]}},{"type":"Feature","properties":{"survey":"bds","sheet":"067","dag":"33135","label_bn":"33135","area_sqm":70.9},"geometry":{"type":"Polygon","coordinates":[[[90.333474,23.79849],[90.333478,23.798444],[90.333529,23.798447],[90.33353,23.798567],[90.333478,23.798566],[90.333481,23.798492],[90.333474,23.79849]]]}},{"type":"Feature","properties":{"survey":"bds","sheet":"067","dag":"33042","label_bn":"33042","area_sqm":71.0},"geometry":{"type":"Polygon","coordinates":[[[90.333811,23.799862],[90.333828,23.79977],[90.333831,23.799763],[90.333853,23.799698],[90.333857,23.799687],[90.333864,23.799689],[90.333887,23.799696],[90.333847,23.799857],[90.333833,23.799859],[90.333811,23.799862]]]}},{"type":"Feature","properties":{"survey":"bds","sheet":"067","dag":"33306","label_bn":"33306","area_sqm":71.4},"geometry":{"type":"Polygon","coordinates":[[[90.334855,23.799685],[90.334872,23.799577],[90.334906,23.799577],[90.334919,23.799623],[90.334921,23.799634],[90.334947,23.799679],[90.334855,23.799685]]]}},{"type":"Feature","properties":{"survey":"bds","sheet":"067","dag":"33010","label_bn":"33010","area_sqm":71.6},"geometry":{"type":"Polygon","coordinates":[[[90.333688,23.800344],[90.333784,23.800341],[90.333786,23.800408],[90.33369,23.800409],[90.333688,23.800344]]]}},{"type":"Feature","properties":{"survey":"bds","sheet":"067","dag":"33349","label_bn":"33349","area_sqm":72.2},"geometry":{"type":"Polygon","coordinates":[[[90.335245,23.798189],[90.335264,23.798095],[90.335273,23.798096],[90.335327,23.7981],[90.335326,23.798108],[90.335314,23.798196],[90.335245,23.798189]]]}},{"type":"Feature","properties":{"survey":"bds","sheet":"067","dag":"33230","label_bn":"33230","area_sqm":72.6},"geometry":{"type":"Polygon","coordinates":[[[90.334677,23.800198],[90.334795,23.800199],[90.334792,23.800216],[90.334791,23.800226],[90.334791,23.800237],[90.334791,23.800256],[90.334678,23.800254],[90.334678,23.800225],[90.334677,23.800198]]]}},{"type":"Feature","properties":{"survey":"bds","sheet":"067","dag":"33013","label_bn":"33013","area_sqm":72.7},"geometry":{"type":"Polygon","coordinates":[[[90.333594,23.800484],[90.333692,23.800477],[90.33371,23.800539],[90.333615,23.800551],[90.333594,23.800484]]]}},{"type":"Feature","properties":{"survey":"bds","sheet":"067","dag":"33160","label_bn":"33160","area_sqm":73.2},"geometry":{"type":"Polygon","coordinates":[[[90.334524,23.798243],[90.334532,23.798243],[90.334614,23.798241],[90.334615,23.798314],[90.334533,23.798314],[90.334525,23.798315],[90.334524,23.798252],[90.334524,23.798243]]]}},{"type":"Feature","properties":{"survey":"bds","sheet":"067","dag":"33009","label_bn":"33009","area_sqm":73.3},"geometry":{"type":"Polygon","coordinates":[[[90.333685,23.800277],[90.333782,23.800274],[90.333783,23.800315],[90.333784,23.800341],[90.333688,23.800344],[90.333685,23.800277]]]}},{"type":"Feature","properties":{"survey":"bds","sheet":"067","dag":"33119","label_bn":"33119","area_sqm":73.6},"geometry":{"type":"Polygon","coordinates":[[[90.334102,23.799096],[90.334103,23.799009],[90.334105,23.798905],[90.334106,23.798839],[90.334115,23.798839],[90.334123,23.798842],[90.334121,23.798981],[90.334249,23.798984],[90.334261,23.798984],[90.334264,23.798984],[90.334265,23.798998],[90.334262,23.798998],[90.334251,23.798998],[90.33412,23.798994],[90.334119,23.79908],[90.334119,23.799096],[90.33412,23.799117],[90.334111,23.799117],[90.334102,23.799096]]]}},{"type":"Feature","properties":{"survey":"bds","sheet":"067","dag":"33232","label_bn":"33232","area_sqm":74.0},"geometry":{"type":"Polygon","coordinates":[[[90.334678,23.800254],[90.334791,23.800256],[90.334792,23.800278],[90.334792,23.800313],[90.33468,23.800313],[90.334678,23.800254]]]}},{"type":"Feature","properties":{"survey":"bds","sheet":"067","dag":"33348","label_bn":"33348","area_sqm":74.9},"geometry":{"type":"Polygon","coordinates":[[[90.335233,23.798282],[90.335245,23.798189],[90.335314,23.798196],[90.335301,23.798291],[90.335233,23.798282]]]}},{"type":"Feature","properties":{"survey":"bds","sheet":"067","dag":"33216","label_bn":"33216","area_sqm":75.0},"geometry":{"type":"Polygon","coordinates":[[[90.334749,23.799443],[90.334877,23.799434],[90.334874,23.799489],[90.334787,23.799493],[90.334755,23.799495],[90.334749,23.799443]]]}},{"type":"Feature","properties":{"survey":"bds","sheet":"067","dag":"33195","label_bn":"33195","area_sqm":75.0},"geometry":{"type":"Polygon","coordinates":[[[90.334834,23.798987],[90.334838,23.798919],[90.334935,23.798913],[90.334932,23.798982],[90.334834,23.798987]]]}},{"type":"Feature","properties":{"survey":"bds","sheet":"067","dag":"33011","label_bn":"33011","area_sqm":75.2},"geometry":{"type":"Polygon","coordinates":[[[90.33369,23.800409],[90.333786,23.800408],[90.333789,23.800477],[90.333692,23.800477],[90.33369,23.800409]]]}},{"type":"Feature","properties":{"survey":"bds","sheet":"067","dag":"33233","label_bn":"33233","area_sqm":76.4},"geometry":{"type":"Polygon","coordinates":[[[90.33468,23.800313],[90.334792,23.800313],[90.334791,23.800365],[90.334792,23.800375],[90.334682,23.800373],[90.33468,23.800313]]]}},{"type":"Feature","properties":{"survey":"bds","sheet":"067","dag":"33074","label_bn":"33074","area_sqm":77.2},"geometry":{"type":"Polygon","coordinates":[[[90.334446,23.799375],[90.334519,23.799381],[90.334529,23.799379],[90.334529,23.799398],[90.334529,23.79946],[90.334447,23.799462],[90.334446,23.799398],[90.334446,23.799375]]]}},{"type":"Feature","properties":{"survey":"bds","sheet":"067","dag":"33097","label_bn":"33097","area_sqm":77.4},"geometry":{"type":"Polygon","coordinates":[[[90.333462,23.798823],[90.333462,23.798766],[90.333582,23.79877],[90.333582,23.798779],[90.33358,23.798829],[90.333471,23.798822],[90.333462,23.798823]]]}},{"type":"Feature","properties":{"survey":"bds","sheet":"067","dag":"33161","label_bn":"33161","area_sqm":78.1},"geometry":{"type":"Polygon","coordinates":[[[90.334525,23.798315],[90.334533,23.798314],[90.334615,23.798314],[90.334615,23.798345],[90.334617,23.798389],[90.334583,23.798391],[90.334576,23.798391],[90.334529,23.798396],[90.334529,23.79839],[90.334525,23.798315]]]}},{"type":"Feature","properties":{"survey":"bds","sheet":"067","dag":"33163","label_bn":"33163","area_sqm":78.3},"geometry":{"type":"Polygon","coordinates":[[[90.334434,23.798237],[90.334434,23.79823],[90.334444,23.798228],[90.334471,23.798223],[90.334475,23.798252],[90.334524,23.798252],[90.334525,23.798315],[90.334517,23.798317],[90.334434,23.798318],[90.334434,23.798314],[90.334434,23.798237]]]}},{"type":"Feature","properties":{"survey":"bds","sheet":"067","dag":"33007","label_bn":"33007","area_sqm":80.0},"geometry":{"type":"Polygon","coordinates":[[[90.333566,23.800284],[90.333586,23.800283],[90.333594,23.800484],[90.333615,23.800551],[90.33364,23.800632],[90.333644,23.800644],[90.333662,23.800684],[90.333643,23.800691],[90.333629,23.800649],[90.333624,23.800636],[90.333622,23.800629],[90.333612,23.800598],[90.333604,23.800575],[90.333578,23.800486],[90.333572,23.800367],[90.333566,23.800284]]]}},{"type":"Feature","properties":{"survey":"bds","sheet":"067","dag":"33347","label_bn":"33347","area_sqm":80.2},"geometry":{"type":"Polygon","coordinates":[[[90.335219,23.798387],[90.335224,23.798347],[90.335233,23.798282],[90.335301,23.798291],[90.335283,23.798395],[90.335219,23.798387]]]}},{"type":"Feature","properties":{"survey":"bds","sheet":"067","dag":"33096","label_bn":"33096","area_sqm":80.5},"geometry":{"type":"Polygon","coordinates":[[[90.333462,23.798766],[90.333462,23.79872],[90.333463,23.79871],[90.333527,23.798711],[90.333589,23.798712],[90.333582,23.79877],[90.333462,23.798766]]]}},{"type":"Feature","properties":{"survey":"bds","sheet":"067","dag":"33162","label_bn":"33162","area_sqm":80.5},"geometry":{"type":"Polygon","coordinates":[[[90.334434,23.798318],[90.334517,23.798317],[90.334525,23.798315],[90.334529,23.79839],[90.334529,23.798396],[90.334475,23.798395],[90.334464,23.798395],[90.334438,23.798395],[90.334434,23.798318]]]}},{"type":"Feature","properties":{"survey":"bds","sheet":"067","dag":"33359","label_bn":"33359","area_sqm":80.9},"geometry":{"type":"Polygon","coordinates":[[[90.335455,23.79913],[90.335455,23.799098],[90.335455,23.799085],[90.335534,23.799087],[90.335618,23.79909],[90.335619,23.799132],[90.335455,23.79913]]]}},{"type":"Feature","properties":{"survey":"bds","sheet":"067","dag":"33031","label_bn":"33031","area_sqm":81.1},"geometry":{"type":"Polygon","coordinates":[[[90.333505,23.799556],[90.333528,23.799464],[90.333579,23.799454],[90.333587,23.799453],[90.333596,23.799452],[90.333601,23.799451],[90.333574,23.799563],[90.333505,23.799556]]]}},{"type":"Feature","properties":{"survey":"bds","sheet":"067","dag":"33128","label_bn":"33128","area_sqm":81.1},"geometry":{"type":"Polygon","coordinates":[[[90.334058,23.798403],[90.334123,23.798385],[90.334145,23.798487],[90.334076,23.798504],[90.334062,23.798426],[90.334058,23.798403]]]}},{"type":"Feature","properties":{"survey":"bds","sheet":"067","dag":"33038","label_bn":"33038","area_sqm":81.2},"geometry":{"type":"Polygon","coordinates":[[[90.333745,23.799568],[90.333746,23.799564],[90.333746,23.799564],[90.333746,23.799563],[90.333762,23.799514],[90.333765,23.799506],[90.333856,23.799535],[90.333852,23.799596],[90.333854,23.799609],[90.333755,23.799572],[90.333745,23.799568]]]}},{"type":"Feature","properties":{"survey":"bds","sheet":"067","dag":"33051","label_bn":"33051","area_sqm":81.3},"geometry":{"type":"Polygon","coordinates":[[[90.333936,23.79958],[90.333936,23.7995],[90.334027,23.799505],[90.334027,23.799505],[90.334027,23.799582],[90.333936,23.79958]]]}},{"type":"Feature","properties":{"survey":"bds","sheet":"067","dag":"33152","label_bn":"33152","area_sqm":81.6},"geometry":{"type":"Polygon","coordinates":[[[90.333803,23.79813],[90.333879,23.798116],[90.333884,23.79822],[90.333842,23.798219],[90.333812,23.79822],[90.333803,23.79813]]]}},{"type":"Feature","properties":{"survey":"bds","sheet":"067","dag":"33182","label_bn":"33182","area_sqm":82.0},"geometry":{"type":"Polygon","coordinates":[[[90.334845,23.798769],[90.334847,23.798697],[90.334948,23.798697],[90.334944,23.798771],[90.334845,23.798769]]]}},{"type":"Feature","properties":{"survey":"bds","sheet":"067","dag":"33358","label_bn":"33358","area_sqm":82.1},"geometry":{"type":"Polygon","coordinates":[[[90.335455,23.799178],[90.335455,23.79913],[90.335619,23.799132],[90.335619,23.799174],[90.335517,23.799175],[90.335455,23.799178]]]}},{"type":"Feature","properties":{"survey":"bds","sheet":"067","dag":"33303","label_bn":"33303","area_sqm":84.1},"geometry":{"type":"Polygon","coordinates":[[[90.335084,23.79964],[90.33516,23.799642],[90.335168,23.799748],[90.335133,23.799747],[90.335103,23.799745],[90.335084,23.79964]]]}},{"type":"Feature","properties":{"survey":"bds","sheet":"067","dag":"33224","label_bn":"33224","area_sqm":84.1},"geometry":{"type":"Polygon","coordinates":[[[90.334708,23.799688],[90.334796,23.799682],[90.334833,23.799681],[90.334836,23.799741],[90.334802,23.799738],[90.33471,23.799749],[90.334708,23.799688]]]}},{"type":"Feature","properties":{"survey":"bds","sheet":"067","dag":"33030","label_bn":"33030","area_sqm":84.4},"geometry":{"type":"Polygon","coordinates":[[[90.333405,23.799546],[90.333414,23.799531],[90.333415,23.79953],[90.333449,23.799477],[90.333449,23.799471],[90.333528,23.799464],[90.333505,23.799556],[90.333405,23.799546]]]}},{"type":"Feature","properties":{"survey":"bds","sheet":"067","dag":"33289","label_bn":"33289","area_sqm":84.9},"geometry":{"type":"Polygon","coordinates":[[[90.335635,23.799512],[90.335657,23.799414],[90.335737,23.799423],[90.335726,23.799452],[90.3357,23.799524],[90.335635,23.799512]]]}},{"type":"Feature","properties":{"survey":"bds","sheet":"067","dag":"33072","label_bn":"33072","area_sqm":85.6},"geometry":{"type":"Polygon","coordinates":[[[90.334384,23.799512],[90.334385,23.799461],[90.334447,23.799462],[90.334529,23.79946],[90.334529,23.799515],[90.334384,23.799512]]]}},{"type":"Feature","properties":{"survey":"bds","sheet":"067","dag":"33165","label_bn":"33165","area_sqm":85.7},"geometry":{"type":"Polygon","coordinates":[[[90.334327,23.798317],[90.334329,23.798257],[90.334434,23.798237],[90.334434,23.798314],[90.334434,23.798318],[90.334327,23.798317]]]}},{"type":"Feature","properties":{"survey":"bds","sheet":"067","dag":"33106","label_bn":"33106","area_sqm":86.2},"geometry":{"type":"Polygon","coordinates":[[[90.333763,23.798994],[90.333787,23.798859],[90.333823,23.798708],[90.33383,23.798708],[90.333848,23.798564],[90.333863,23.798563],[90.333844,23.798721],[90.333807,23.798836],[90.333791,23.798902],[90.333779,23.798989],[90.333919,23.798999],[90.333919,23.799004],[90.333763,23.798994]]]}},{"type":"Feature","properties":{"survey":"bds","sheet":"067","dag":"33302","label_bn":"33302","area_sqm":86.5},"geometry":{"type":"Polygon","coordinates":[[[90.33516,23.799642],[90.335234,23.799649],[90.335242,23.79975],[90.335168,23.799748],[90.33516,23.799642]]]}},{"type":"Feature","properties":{"survey":"bds","sheet":"067","dag":"33070","label_bn":"33070","area_sqm":86.7},"geometry":{"type":"Polygon","coordinates":[[[90.334383,23.799602],[90.334384,23.799548],[90.334531,23.799547],[90.334532,23.799591],[90.334533,23.799596],[90.334383,23.799602]]]}},{"type":"Feature","properties":{"survey":"bds","sheet":"067","dag":"33272","label_bn":"33272","area_sqm":87.4},"geometry":{"type":"Polygon","coordinates":[[[90.334853,23.799877],[90.334864,23.79976],[90.334899,23.799774],[90.334933,23.799801],[90.334929,23.799884],[90.334853,23.799877]]]}},{"type":"Feature","properties":{"survey":"bds","sheet":"067","dag":"33139","label_bn":"33139","area_sqm":88.4},"geometry":{"type":"Polygon","coordinates":[[[90.333604,23.798387],[90.333606,23.798291],[90.333606,23.79829],[90.333607,23.798275],[90.333679,23.798274],[90.333678,23.79829],[90.333678,23.798292],[90.333672,23.798385],[90.333604,23.798387]]]}},{"type":"Feature","properties":{"survey":"bds","sheet":"067","dag":"33126","label_bn":"33126","area_sqm":89.5},"geometry":{"type":"Polygon","coordinates":[[[90.334123,23.798385],[90.334179,23.798375],[90.334201,23.798371],[90.334214,23.798466],[90.334214,23.798476],[90.334145,23.798487],[90.334123,23.798385]]]}},{"type":"Feature","properties":{"survey":"bds","sheet":"067","dag":"33102","label_bn":"33102","area_sqm":90.1},"geometry":{"type":"Polygon","coordinates":[[[90.333592,23.798756],[90.333599,23.798697],[90.333668,23.798696],[90.333735,23.798696],[90.33373,23.798724],[90.333728,23.798754],[90.333592,23.798756]]]}},{"type":"Feature","properties":{"survey":"bds","sheet":"067","dag":"33093","label_bn":"33093","area_sqm":91.2},"geometry":{"type":"Polygon","coordinates":[[[90.333363,23.798589],[90.333383,23.798499],[90.333472,23.798499],[90.333468,23.798576],[90.333363,23.798589]]]}},{"type":"Feature","properties":{"survey":"bds","sheet":"067","dag":"33133","label_bn":"33133","area_sqm":91.8},"geometry":{"type":"Polygon","coordinates":[[[90.333599,23.798568],[90.333601,23.798448],[90.333668,23.798447],[90.333667,23.798568],[90.333599,23.798568]]]}},{"type":"Feature","properties":{"survey":"bds","sheet":"067","dag":"33192","label_bn":"33192","area_sqm":91.8},"geometry":{"type":"Polygon","coordinates":[[[90.334298,23.798927],[90.33451,23.798936],[90.334512,23.798928],[90.334519,23.79889],[90.33452,23.798884],[90.334567,23.798888],[90.334623,23.798889],[90.334658,23.798889],[90.334663,23.798902],[90.33453,23.798896],[90.33453,23.798947],[90.334578,23.798951],[90.33457,23.79903],[90.334655,23.799038],[90.334725,23.799035],[90.334727,23.799047],[90.334631,23.799045],[90.334558,23.799056],[90.33456,23.799039],[90.334561,23.798961],[90.334523,23.798957],[90.334519,23.798946],[90.334429,23.798942],[90.334301,23.798937],[90.334298,23.798927]]]}},{"type":"Feature","properties":{"survey":"bds","sheet":"067","dag":"33305","label_bn":"33305","area_sqm":92.5},"geometry":{"type":"Polygon","coordinates":[[[90.334855,23.799685],[90.334947,23.799679],[90.334978,23.799741],[90.33491,23.79977],[90.33486,23.799749],[90.334855,23.799685]]]}},{"type":"Feature","properties":{"survey":"bds","sheet":"067","dag":"33325","label_bn":"33325","area_sqm":93.2},"geometry":{"type":"Polygon","coordinates":[[[90.335073,23.799009],[90.335209,23.79902],[90.335209,23.799077],[90.335075,23.799073],[90.335075,23.799047],[90.335073,23.799009]]]}},{"type":"Feature","properties":{"survey":"bds","sheet":"067","dag":"33101","label_bn":"33101","area_sqm":93.6},"geometry":{"type":"Polygon","coordinates":[[[90.33358,23.798829],[90.333582,23.798779],[90.33359,23.798779],[90.333592,23.798756],[90.333728,23.798754],[90.333685,23.79882],[90.33358,23.798829]]]}},{"type":"Feature","properties":{"survey":"bds","sheet":"067","dag":"33149","label_bn":"33149","area_sqm":94.4},"geometry":{"type":"Polygon","coordinates":[[[90.333638,23.797998],[90.333743,23.797996],[90.333772,23.798059],[90.333659,23.798082],[90.333638,23.797998]]]}},{"type":"Feature","properties":{"survey":"bds","sheet":"067","dag":"33134","label_bn":"33134","area_sqm":95.1},"geometry":{"type":"Polygon","coordinates":[[[90.333529,23.798447],[90.333601,23.798448],[90.333599,23.798568],[90.33353,23.798567],[90.333529,23.798447]]]}},{"type":"Feature","properties":{"survey":"bds","sheet":"067","dag":"33222","label_bn":"33222","area_sqm":95.6},"geometry":{"type":"Polygon","coordinates":[[[90.334553,23.79957],[90.334699,23.79956],[90.334704,23.79962],[90.334558,23.799624],[90.334553,23.79957]]]}},{"type":"Feature","properties":{"survey":"bds","sheet":"067","dag":"33014","label_bn":"33014","area_sqm":95.7},"geometry":{"type":"Polygon","coordinates":[[[90.333615,23.800551],[90.33371,23.800539],[90.333733,23.800617],[90.333644,23.800644],[90.33364,23.800632],[90.333615,23.800551]]]}},{"type":"Feature","properties":{"survey":"bds","sheet":"067","dag":"33091","label_bn":"33091","area_sqm":96.8},"geometry":{"type":"Polygon","coordinates":[[[90.333283,23.798578],[90.33329,23.798464],[90.333307,23.798463],[90.333335,23.798463],[90.333368,23.798462],[90.333367,23.798467],[90.333347,23.798578],[90.333345,23.798586],[90.333344,23.79859],[90.333283,23.798578]]]}},{"type":"Feature","properties":{"survey":"bds","sheet":"067","dag":"33156","label_bn":"33156","area_sqm":97.3},"geometry":{"type":"Polygon","coordinates":[[[90.334478,23.798184],[90.334611,23.798172],[90.334615,23.798234],[90.334614,23.798241],[90.334532,23.798243],[90.334524,23.798243],[90.334484,23.798244],[90.334481,23.798211],[90.334478,23.798184]]]}},{"type":"Feature","properties":{"survey":"bds","sheet":"067","dag":"33225","label_bn":"33225","area_sqm":97.7},"geometry":{"type":"Polygon","coordinates":[[[90.334567,23.799702],[90.334708,23.799688],[90.33471,23.799749],[90.334571,23.799763],[90.334567,23.799702]]]}},{"type":"Feature","properties":{"survey":"bds","sheet":"067","dag":"33138","label_bn":"33138","area_sqm":97.9},"geometry":{"type":"Polygon","coordinates":[[[90.333529,23.798447],[90.33353,23.798389],[90.3336,23.798387],[90.333604,23.798387],[90.333672,23.798385],[90.333671,23.798443],[90.333668,23.798447],[90.333601,23.798448],[90.333529,23.798447]]]}},{"type":"Feature","properties":{"survey":"bds","sheet":"067","dag":"33199","label_bn":"33199","area_sqm":98.3},"geometry":{"type":"Polygon","coordinates":[[[90.334553,23.799164],[90.334558,23.799056],[90.334631,23.799045],[90.334635,23.799162],[90.334553,23.799164]]]}},{"type":"Feature","properties":{"survey":"bds","sheet":"067","dag":"33108","label_bn":"33108","area_sqm":98.9},"geometry":{"type":"Polygon","coordinates":[[[90.333791,23.798902],[90.333807,23.798836],[90.333933,23.798847],[90.333929,23.798904],[90.333927,23.798911],[90.333791,23.798902]]]}},{"type":"Feature","properties":{"survey":"bds","sheet":"067","dag":"33221","label_bn":"33221","area_sqm":99.0},"geometry":{"type":"Polygon","coordinates":[[[90.334699,23.79956],[90.334849,23.799555],[90.334849,23.799613],[90.334704,23.79962],[90.334699,23.79956]]]}},{"type":"Feature","properties":{"survey":"bds","sheet":"067","dag":"33140","label_bn":"33140","area_sqm":99.6},"geometry":{"type":"Polygon","coordinates":[[[90.333524,23.798277],[90.333607,23.798275],[90.333606,23.79829],[90.333606,23.798291],[90.333604,23.798387],[90.3336,23.798387],[90.33353,23.798389],[90.333529,23.79838],[90.333525,23.798295],[90.333525,23.798294],[90.333524,23.798277]]]}},{"type":"Feature","properties":{"survey":"bds","sheet":"067","dag":"33210","label_bn":"33210","area_sqm":100.0},"geometry":{"type":"Polygon","coordinates":[[[90.334513,23.799213],[90.334517,23.79916],[90.334553,23.799164],[90.334635,23.799162],[90.334691,23.79915],[90.334698,23.799205],[90.334523,23.799213],[90.334513,23.799213]]]}},{"type":"Feature","properties":{"survey":"bds","sheet":"067","dag":"33148","label_bn":"33148","area_sqm":100.2},"geometry":{"type":"Polygon","coordinates":[[[90.333592,23.797934],[90.333617,23.797913],[90.333638,23.797998],[90.333659,23.798082],[90.333695,23.798226],[90.333667,23.798228],[90.333644,23.798139],[90.333642,23.798131],[90.33362,23.798041],[90.333594,23.797936],[90.333592,23.797934]]]}},{"type":"Feature","properties":{"survey":"bds","sheet":"067","dag":"33155","label_bn":"33155","area_sqm":100.9},"geometry":{"type":"Polygon","coordinates":[[[90.334473,23.798132],[90.33453,23.798115],[90.334606,23.798092],[90.334611,23.798172],[90.334478,23.798184],[90.334473,23.798132]]]}},{"type":"Feature","properties":{"survey":"bds","sheet":"067","dag":"33166","label_bn":"33166","area_sqm":101.0},"geometry":{"type":"Polygon","coordinates":[[[90.334325,23.798401],[90.334327,23.798317],[90.334434,23.798318],[90.334438,23.798395],[90.334325,23.798401]]]}},{"type":"Feature","properties":{"survey":"bds","sheet":"067","dag":"33006","label_bn":"33006","area_sqm":101.4},"geometry":{"type":"Polygon","coordinates":[[[90.333418,23.800007],[90.333421,23.79999],[90.333422,23.799982],[90.333437,23.799985],[90.333433,23.800059],[90.333433,23.80015],[90.333434,23.800275],[90.333564,23.800267],[90.333689,23.800261],[90.333738,23.800259],[90.333776,23.800262],[90.333782,23.800274],[90.333685,23.800277],[90.333586,23.800283],[90.333566,23.800284],[90.333426,23.80029],[90.333426,23.800277],[90.33342,23.800045],[90.333418,23.800007]]]}},{"type":"Feature","properties":{"survey":"bds","sheet":"067","dag":"33129","label_bn":"33129","area_sqm":101.4},"geometry":{"type":"Polygon","coordinates":[[[90.333952,23.798451],[90.334062,23.798426],[90.334076,23.798504],[90.333966,23.798529],[90.333952,23.798451]]]}},{"type":"Feature","properties":{"survey":"bds","sheet":"067","dag":"33136","label_bn":"33136","area_sqm":101.8},"geometry":{"type":"Polygon","coordinates":[[[90.333385,23.798489],[90.333396,23.798439],[90.333409,23.798429],[90.33344,23.798387],[90.333484,23.798316],[90.333484,23.79838],[90.333478,23.798444],[90.333474,23.79849],[90.333429,23.798488],[90.333385,23.798489]]]}},{"type":"Feature","properties":{"survey":"bds","sheet":"067","dag":"33280","label_bn":"33280","area_sqm":102.4},"geometry":{"type":"Polygon","coordinates":[[[90.335114,23.800228],[90.335125,23.800121],[90.335208,23.800125],[90.335201,23.80023],[90.335114,23.800228]]]}},{"type":"Feature","properties":{"survey":"bds","sheet":"067","dag":"33212","label_bn":"33212","area_sqm":105.6},"geometry":{"type":"Polygon","coordinates":[[[90.334733,23.799203],[90.334868,23.7992],[90.334876,23.799199],[90.334878,23.799199],[90.334912,23.799196],[90.334902,23.799254],[90.334877,23.799254],[90.334869,23.799254],[90.33486,23.799254],[90.334738,23.799256],[90.334733,23.799203]]]}},{"type":"Feature","properties":{"survey":"bds","sheet":"067","dag":"33269","label_bn":"33269","area_sqm":106.0},"geometry":{"type":"Polygon","coordinates":[[[90.335015,23.800078],[90.335024,23.799973],[90.335038,23.799973],[90.335112,23.799975],[90.335104,23.800069],[90.335104,23.800082],[90.335015,23.800078]]]}},{"type":"Feature","properties":{"survey":"bds","sheet":"067","dag":"33078","label_bn":"33078","area_sqm":106.5},"geometry":{"type":"Polygon","coordinates":[[[90.333991,23.799333],[90.334002,23.799169],[90.334052,23.799171],[90.334054,23.79934],[90.333991,23.799333]]]}},{"type":"Feature","properties":{"survey":"bds","sheet":"067","dag":"33168","label_bn":"33168","area_sqm":106.5},"geometry":{"type":"Polygon","coordinates":[[[90.334464,23.798395],[90.334475,23.798395],[90.334529,23.798396],[90.334535,23.798446],[90.334536,23.798458],[90.334546,23.798529],[90.334469,23.798527],[90.334464,23.798395]]]}},{"type":"Feature","properties":{"survey":"bds","sheet":"067","dag":"33259","label_bn":"33259","area_sqm":107.1},"geometry":{"type":"Polygon","coordinates":[[[90.335328,23.800383],[90.335381,23.800255],[90.335449,23.800256],[90.335406,23.800386],[90.335328,23.800383]]]}},{"type":"Feature","properties":{"survey":"bds","sheet":"067","dag":"33145","label_bn":"33145","area_sqm":107.7},"geometry":{"type":"Polygon","coordinates":[[[90.333456,23.797988],[90.333537,23.797945],[90.333572,23.798052],[90.333475,23.798074],[90.333456,23.797988]]]}},{"type":"Feature","properties":{"survey":"bds","sheet":"067","dag":"33298","label_bn":"33298","area_sqm":110.6},"geometry":{"type":"Polygon","coordinates":[[[90.335246,23.79953],[90.335247,23.799499],[90.335251,23.799459],[90.33539,23.799466],[90.335389,23.799471],[90.33538,23.799537],[90.335246,23.79953]]]}},{"type":"Feature","properties":{"survey":"bds","sheet":"067","dag":"33293","label_bn":"33293","area_sqm":110.8},"geometry":{"type":"Polygon","coordinates":[[[90.335237,23.799188],[90.33535,23.799183],[90.335447,23.799187],[90.335436,23.799228],[90.335421,23.799293],[90.335345,23.799291],[90.33535,23.799187],[90.335237,23.799193],[90.335237,23.799191],[90.335237,23.799188]]]}},{"type":"Feature","properties":{"survey":"bds","sheet":"067","dag":"33248","label_bn":"33248","area_sqm":111.1},"geometry":{"type":"Polygon","coordinates":[[[90.335263,23.800699],[90.335271,23.800657],[90.335278,23.800613],[90.335404,23.800661],[90.335386,23.800724],[90.335263,23.800699]]]}},{"type":"Feature","properties":{"survey":"bds","sheet":"067","dag":"33040","label_bn":"33040","area_sqm":111.4},"geometry":{"type":"Polygon","coordinates":[[[90.33369,23.799726],[90.333692,23.799721],[90.333706,23.79968],[90.333712,23.799663],[90.333741,23.79967],[90.333853,23.799698],[90.333831,23.799763],[90.33373,23.799736],[90.333699,23.799728],[90.33369,23.799726]]]}},{"type":"Feature","properties":{"survey":"bds","sheet":"067","dag":"33317","label_bn":"33317","area_sqm":111.9},"geometry":{"type":"Polygon","coordinates":[[[90.335083,23.79931],[90.335084,23.79929],[90.335238,23.799297],[90.335239,23.799365],[90.335087,23.799351],[90.335083,23.79931]]]}},{"type":"Feature","properties":{"survey":"bds","sheet":"067","dag":"33297","label_bn":"33297","area_sqm":112.0},"geometry":{"type":"Polygon","coordinates":[[[90.335251,23.799459],[90.335253,23.799432],[90.335256,23.799389],[90.335402,23.799399],[90.33539,23.799466],[90.335251,23.799459]]]}},{"type":"Feature","properties":{"survey":"bds","sheet":"067","dag":"33294","label_bn":"33294","area_sqm":112.8},"geometry":{"type":"Polygon","coordinates":[[[90.335237,23.799193],[90.33535,23.799187],[90.335345,23.799291],[90.335257,23.799288],[90.335237,23.799193]]]}},{"type":"Feature","properties":{"survey":"bds","sheet":"067","dag":"33179","label_bn":"33179","area_sqm":113.3},"geometry":{"type":"Polygon","coordinates":[[[90.334691,23.798507],[90.334702,23.798502],[90.334737,23.798495],[90.334737,23.798484],[90.334858,23.798472],[90.334857,23.798544],[90.33471,23.798548],[90.334691,23.798507]]]}},{"type":"Feature","properties":{"survey":"bds","sheet":"067","dag":"33187","label_bn":"33187","area_sqm":113.4},"geometry":{"type":"Polygon","coordinates":[[[90.334524,23.798574],[90.334535,23.798572],[90.334533,23.798542],[90.334591,23.798529],[90.334654,23.798515],[90.334672,23.798587],[90.334597,23.798605],[90.334547,23.798611],[90.33453,23.798614],[90.334524,23.798574]]]}},{"type":"Feature","properties":{"survey":"bds","sheet":"067","dag":"33339","label_bn":"33339","area_sqm":113.8},"geometry":{"type":"Polygon","coordinates":[[[90.334997,23.798274],[90.335006,23.798181],[90.335116,23.79819],[90.335103,23.798281],[90.334997,23.798274]]]}},{"type":"Feature","properties":{"survey":"bds","sheet":"067","dag":"33330","label_bn":"33330","area_sqm":114.0},"geometry":{"type":"Polygon","coordinates":[[[90.33509,23.798782],[90.335099,23.798709],[90.335236,23.798718],[90.335227,23.79879],[90.33509,23.798782]]]}},{"type":"Feature","properties":{"survey":"bds","sheet":"067","dag":"33332","label_bn":"33332","area_sqm":114.1},"geometry":{"type":"Polygon","coordinates":[[[90.335099,23.798709],[90.335101,23.798692],[90.335108,23.798636],[90.335246,23.798645],[90.335236,23.798718],[90.335099,23.798709]]]}},{"type":"Feature","properties":{"survey":"bds","sheet":"067","dag":"33173","label_bn":"33173","area_sqm":115.0},"geometry":{"type":"Polygon","coordinates":[[[90.334775,23.798341],[90.334778,23.798235],[90.334877,23.798236],[90.334867,23.798343],[90.334775,23.798341]]]}},{"type":"Feature","properties":{"survey":"bds","sheet":"067","dag":"33033","label_bn":"33033","area_sqm":115.1},"geometry":{"type":"Polygon","coordinates":[[[90.333596,23.799452],[90.333609,23.799405],[90.333636,23.799331],[90.333637,23.799329],[90.333668,23.799341],[90.333726,23.799362],[90.333721,23.799375],[90.333717,23.799383],[90.333692,23.799445],[90.333601,23.799451],[90.333596,23.799452]]]}},{"type":"Feature","properties":{"survey":"bds","sheet":"067","dag":"33121","label_bn":"33121","area_sqm":115.5},"geometry":{"type":"Polygon","coordinates":[[[90.334106,23.798839],[90.334116,23.79877],[90.334233,23.798782],[90.334242,23.798783],[90.33427,23.798786],[90.334268,23.798842],[90.334246,23.798842],[90.334237,23.798842],[90.334123,23.798842],[90.334115,23.798839],[90.334106,23.798839]]]}},{"type":"Feature","properties":{"survey":"bds","sheet":"067","dag":"33046","label_bn":"33046","area_sqm":116.7},"geometry":{"type":"Polygon","coordinates":[[[90.333976,23.800105],[90.334139,23.800105],[90.334084,23.800196],[90.333993,23.800173],[90.333976,23.800105]]]}},{"type":"Feature","properties":{"survey":"bds","sheet":"067","dag":"33198","label_bn":"33198","area_sqm":117.0},"geometry":{"type":"Polygon","coordinates":[[[90.334631,23.799045],[90.334727,23.799047],[90.334732,23.799147],[90.334691,23.79915],[90.334635,23.799162],[90.334631,23.799045]]]}},{"type":"Feature","properties":{"survey":"bds","sheet":"067","dag":"33365","label_bn":"33365","area_sqm":117.1},"geometry":{"type":"Polygon","coordinates":[[[90.33548,23.798362],[90.335485,23.798322],[90.335496,23.798247],[90.335586,23.798274],[90.335572,23.798379],[90.33548,23.798362]]]}},{"type":"Feature","properties":{"survey":"bds","sheet":"067","dag":"33336","label_bn":"33336","area_sqm":117.2},"geometry":{"type":"Polygon","coordinates":[[[90.33498,23.798481],[90.334988,23.798382],[90.335091,23.798387],[90.335083,23.798479],[90.335081,23.798489],[90.33498,23.798481]]]}},{"type":"Feature","properties":{"survey":"bds","sheet":"067","dag":"33090","label_bn":"33090","area_sqm":118.9},"geometry":{"type":"Polygon","coordinates":[[[90.333207,23.798622],[90.333228,23.798464],[90.33329,23.798464],[90.333283,23.798578],[90.33328,23.798578],[90.333265,23.798629],[90.333207,23.798622]]]}},{"type":"Feature","properties":{"survey":"bds","sheet":"067","dag":"33321","label_bn":"33321","area_sqm":119.4},"geometry":{"type":"Polygon","coordinates":[[[90.33508,23.799222],[90.335223,23.799224],[90.335238,23.799297],[90.335084,23.79929],[90.335082,23.799272],[90.33508,23.799233],[90.33508,23.799222]]]}},{"type":"Feature","properties":{"survey":"bds","sheet":"067","dag":"33001","label_bn":"33001","area_sqm":120.9},"geometry":{"type":"Polygon","coordinates":[[[90.333567,23.800721],[90.333643,23.800691],[90.333662,23.800684],[90.333757,23.800784],[90.333743,23.800793],[90.333713,23.800811],[90.333663,23.800782],[90.333567,23.800721]]]}},{"type":"Feature","properties":{"survey":"bds","sheet":"067","dag":"33037","label_bn":"33037","area_sqm":122.0},"geometry":{"type":"Polygon","coordinates":[[[90.333765,23.799506],[90.333788,23.799412],[90.333789,23.79941],[90.333799,23.799369],[90.333845,23.799366],[90.333847,23.7994],[90.333857,23.79952],[90.333856,23.799535],[90.333765,23.799506]]]}},{"type":"Feature","properties":{"survey":"bds","sheet":"067","dag":"33236","label_bn":"33236","area_sqm":123.7},"geometry":{"type":"Polygon","coordinates":[[[90.334685,23.800693],[90.334692,23.80067],[90.33469,23.800581],[90.334792,23.800582],[90.33479,23.800603],[90.334772,23.800704],[90.334685,23.800693]]]}},{"type":"Feature","properties":{"survey":"bds","sheet":"067","dag":"33099","label_bn":"33099","area_sqm":124.2},"geometry":{"type":"Polygon","coordinates":[[[90.333571,23.798931],[90.333571,23.79893],[90.33358,23.798829],[90.333685,23.79882],[90.33366,23.798944],[90.333583,23.798933],[90.333571,23.798931]]]}},{"type":"Feature","properties":{"survey":"bds","sheet":"067","dag":"33185","label_bn":"33185","area_sqm":124.7},"geometry":{"type":"Polygon","coordinates":[[[90.334584,23.798681],[90.334609,23.798669],[90.334721,23.798665],[90.33473,23.798738],[90.334731,23.798743],[90.33471,23.798744],[90.334695,23.798745],[90.334684,23.798746],[90.334672,23.798746],[90.334659,23.798747],[90.334644,23.798748],[90.33459,23.798752],[90.334584,23.798681]]]}},{"type":"Feature","properties":{"survey":"bds","sheet":"067","dag":"33338","label_bn":"33338","area_sqm":127.6},"geometry":{"type":"Polygon","coordinates":[[[90.334988,23.798382],[90.334997,23.798274],[90.335103,23.798281],[90.335092,23.79837],[90.335091,23.798387],[90.334988,23.798382]]]}},{"type":"Feature","properties":{"survey":"bds","sheet":"067","dag":"33063","label_bn":"33063","area_sqm":128.8},"geometry":{"type":"Polygon","coordinates":[[[90.334419,23.8002],[90.33442,23.8002],[90.334518,23.800193],[90.334534,23.800241],[90.334544,23.800322],[90.334475,23.800316],[90.334464,23.800315],[90.334419,23.8002]]]}},{"type":"Feature","properties":{"survey":"bds","sheet":"067","dag":"33113","label_bn":"33113","area_sqm":129.2},"geometry":{"type":"Polygon","coordinates":[[[90.333929,23.798904],[90.333933,23.798847],[90.333934,23.798839],[90.334106,23.798839],[90.334105,23.798905],[90.333929,23.798904]]]}},{"type":"Feature","properties":{"survey":"bds","sheet":"067","dag":"33158","label_bn":"33158","area_sqm":129.3},"geometry":{"type":"Polygon","coordinates":[[[90.334692,23.798082],[90.334775,23.798072],[90.334766,23.798224],[90.334695,23.798227],[90.334692,23.798082]]]}},{"type":"Feature","properties":{"survey":"bds","sheet":"067","dag":"33154","label_bn":"33154","area_sqm":129.4},"geometry":{"type":"Polygon","coordinates":[[[90.334328,23.798241],[90.334331,23.798174],[90.334395,23.798147],[90.334473,23.798132],[90.334478,23.798184],[90.334481,23.798211],[90.334328,23.798241]]]}},{"type":"Feature","properties":{"survey":"bds","sheet":"067","dag":"33088","label_bn":"33088","area_sqm":130.4},"geometry":{"type":"Polygon","coordinates":[[[90.333231,23.798742],[90.333265,23.798629],[90.33328,23.798578],[90.333283,23.798578],[90.333344,23.79859],[90.333333,23.798637],[90.333309,23.798741],[90.333231,23.798742]]]}},{"type":"Feature","properties":{"survey":"bds","sheet":"067","dag":"33323","label_bn":"33323","area_sqm":131.6},"geometry":{"type":"Polygon","coordinates":[[[90.334932,23.799237],[90.334942,23.799155],[90.335077,23.799151],[90.33508,23.799222],[90.33508,23.799233],[90.334932,23.799237]]]}},{"type":"Feature","properties":{"survey":"bds","sheet":"067","dag":"33012","label_bn":"33012","area_sqm":132.4},"geometry":{"type":"Polygon","coordinates":[[[90.333692,23.800477],[90.333789,23.800477],[90.333816,23.800586],[90.333733,23.800617],[90.33371,23.800539],[90.333692,23.800477]]]}},{"type":"Feature","properties":{"survey":"bds","sheet":"067","dag":"33077","label_bn":"33077","area_sqm":132.5},"geometry":{"type":"Polygon","coordinates":[[[90.334052,23.799171],[90.334107,23.799174],[90.334124,23.799175],[90.334122,23.799342],[90.334122,23.799343],[90.334054,23.79934],[90.334052,23.799171]]]}},{"type":"Feature","properties":{"survey":"bds","sheet":"067","dag":"33209","label_bn":"33209","area_sqm":133.9},"geometry":{"type":"Polygon","coordinates":[[[90.334521,23.799269],[90.334523,23.799213],[90.334698,23.799205],[90.334733,23.799203],[90.334738,23.799256],[90.334605,23.799264],[90.334604,23.799268],[90.334555,23.79927],[90.334521,23.799269]]]}},{"type":"Feature","properties":{"survey":"bds","sheet":"067","dag":"33188","label_bn":"33188","area_sqm":133.9},"geometry":{"type":"Polygon","coordinates":[[[90.33451,23.798623],[90.334522,23.798625],[90.334522,23.798616],[90.33453,23.798614],[90.334547,23.798611],[90.334597,23.798605],[90.334609,23.798669],[90.334584,23.798681],[90.33459,23.798752],[90.334561,23.798755],[90.334516,23.79876],[90.33451,23.798623]]]}},{"type":"Feature","properties":{"survey":"bds","sheet":"067","dag":"33344","label_bn":"33344","area_sqm":134.2},"geometry":{"type":"Polygon","coordinates":[[[90.335103,23.798281],[90.335116,23.79819],[90.335165,23.798191],[90.335202,23.798195],[90.335235,23.798199],[90.335222,23.798302],[90.335103,23.798281]]]}},{"type":"Feature","properties":{"survey":"bds","sheet":"067","dag":"33318","label_bn":"33318","area_sqm":134.4},"geometry":{"type":"Polygon","coordinates":[[[90.334912,23.799375],[90.33492,23.799306],[90.335083,23.79931],[90.335087,23.799351],[90.335084,23.799381],[90.335013,23.799379],[90.334931,23.799375],[90.334912,23.799375]]]}},{"type":"Feature","properties":{"survey":"bds","sheet":"067","dag":"33310","label_bn":"33310","area_sqm":134.9},"geometry":{"type":"Polygon","coordinates":[[[90.33501,23.799626],[90.335012,23.79957],[90.335014,23.799523],[90.335014,23.799521],[90.335087,23.799519],[90.335123,23.799518],[90.335124,23.799573],[90.335124,23.799627],[90.33501,23.799626]]]}},{"type":"Feature","properties":{"survey":"bds","sheet":"067","dag":"33345","label_bn":"33345","area_sqm":134.9},"geometry":{"type":"Polygon","coordinates":[[[90.335091,23.798387],[90.335092,23.79837],[90.335103,23.798281],[90.335222,23.798302],[90.335215,23.798347],[90.335224,23.798347],[90.335219,23.798387],[90.335091,23.798387]]]}},{"type":"Feature","properties":{"survey":"bds","sheet":"067","dag":"33313","label_bn":"33313","area_sqm":135.3},"geometry":{"type":"Polygon","coordinates":[[[90.335086,23.799451],[90.335086,23.799435],[90.335235,23.799446],[90.335233,23.799479],[90.335229,23.79953],[90.335123,23.799518],[90.335087,23.799519],[90.335086,23.799451]]]}},{"type":"Feature","properties":{"survey":"bds","sheet":"067","dag":"33191","label_bn":"33191","area_sqm":135.6},"geometry":{"type":"Polygon","coordinates":[[[90.334561,23.798755],[90.33459,23.798752],[90.334644,23.798748],[90.334658,23.798889],[90.334623,23.798889],[90.334567,23.798888],[90.334561,23.798755]]]}},{"type":"Feature","properties":{"survey":"bds","sheet":"067","dag":"33331","label_bn":"33331","area_sqm":137.0},"geometry":{"type":"Polygon","coordinates":[[[90.334959,23.798773],[90.334965,23.798684],[90.335101,23.798692],[90.335099,23.798709],[90.33509,23.798782],[90.334959,23.798773]]]}},{"type":"Feature","properties":{"survey":"bds","sheet":"067","dag":"33107","label_bn":"33107","area_sqm":137.5},"geometry":{"type":"Polygon","coordinates":[[[90.333779,23.798989],[90.333791,23.798902],[90.333927,23.798911],[90.333919,23.798999],[90.333779,23.798989]]]}},{"type":"Feature","properties":{"survey":"bds","sheet":"067","dag":"33277","label_bn":"33277","area_sqm":137.5},"geometry":{"type":"Polygon","coordinates":[[[90.33491,23.79977],[90.334978,23.799741],[90.335103,23.799745],[90.335133,23.799747],[90.335132,23.79976],[90.335102,23.799759],[90.335097,23.799815],[90.335022,23.799818],[90.33498,23.799821],[90.33491,23.79977]]]}},{"type":"Feature","properties":{"survey":"bds","sheet":"067","dag":"33118","label_bn":"33118","area_sqm":138.1},"geometry":{"type":"Polygon","coordinates":[[[90.334119,23.79908],[90.33412,23.798994],[90.334251,23.798998],[90.334262,23.798998],[90.334265,23.798998],[90.334264,23.799019],[90.334263,23.799082],[90.334259,23.799082],[90.334119,23.79908]]]}},{"type":"Feature","properties":{"survey":"bds","sheet":"067","dag":"33064","label_bn":"33064","area_sqm":138.9},"geometry":{"type":"Polygon","coordinates":[[[90.334361,23.800111],[90.334517,23.800095],[90.334518,23.800193],[90.33442,23.8002],[90.334361,23.800111]]]}},{"type":"Feature","properties":{"survey":"bds","sheet":"067","dag":"33157","label_bn":"33157","area_sqm":139.3},"geometry":{"type":"Polygon","coordinates":[[[90.334606,23.798092],[90.334692,23.798082],[90.334695,23.798227],[90.334695,23.798234],[90.334615,23.798234],[90.334611,23.798172],[90.334606,23.798092]]]}},{"type":"Feature","properties":{"survey":"bds","sheet":"067","dag":"33296","label_bn":"33296","area_sqm":140.3},"geometry":{"type":"Polygon","coordinates":[[[90.335256,23.799389],[90.335258,23.799343],[90.335257,23.799317],[90.335257,23.799312],[90.335419,23.799314],[90.33541,23.799351],[90.335402,23.799399],[90.335256,23.799389]]]}},{"type":"Feature","properties":{"survey":"bds","sheet":"067","dag":"33186","label_bn":"33186","area_sqm":140.5},"geometry":{"type":"Polygon","coordinates":[[[90.334597,23.798605],[90.334672,23.798587],[90.334654,23.798515],[90.334691,23.798507],[90.33471,23.798548],[90.334728,23.798664],[90.334721,23.798665],[90.334609,23.798669],[90.334597,23.798605]]]}},{"type":"Feature","properties":{"survey":"bds","sheet":"067","dag":"33271","label_bn":"33271","area_sqm":140.6},"geometry":{"type":"Polygon","coordinates":[[[90.33485,23.799892],[90.334853,23.799877],[90.334929,23.799884],[90.334973,23.799889],[90.335017,23.799893],[90.335017,23.799924],[90.33501,23.799972],[90.33485,23.799965],[90.334889,23.799915],[90.33485,23.799892]]]}},{"type":"Feature","properties":{"survey":"bds","sheet":"067","dag":"33023","label_bn":"33023","area_sqm":141.0},"geometry":{"type":"Polygon","coordinates":[[[90.333524,23.799785],[90.333547,23.79968],[90.333672,23.799708],[90.333637,23.799801],[90.333524,23.799785]]]}},{"type":"Feature","properties":{"survey":"bds","sheet":"067","dag":"33335","label_bn":"33335","area_sqm":141.4},"geometry":{"type":"Polygon","coordinates":[[[90.334974,23.798568],[90.33498,23.798481],[90.335081,23.798489],[90.335083,23.798479],[90.335119,23.798484],[90.335114,23.798578],[90.334974,23.798568]]]}},{"type":"Feature","properties":{"survey":"bds","sheet":"067","dag":"33315","label_bn":"33315","area_sqm":141.4},"geometry":{"type":"Polygon","coordinates":[[[90.334904,23.799446],[90.334912,23.799375],[90.334931,23.799375],[90.335013,23.799379],[90.335084,23.799381],[90.335086,23.799435],[90.335086,23.799451],[90.334904,23.799446]]]}},{"type":"Feature","properties":{"survey":"bds","sheet":"067","dag":"33050","label_bn":"33050","area_sqm":141.6},"geometry":{"type":"Polygon","coordinates":[[[90.333936,23.79958],[90.334027,23.799582],[90.334038,23.799581],[90.33404,23.799598],[90.334052,23.799702],[90.333959,23.799714],[90.333936,23.79958]]]}},{"type":"Feature","properties":{"survey":"bds","sheet":"067","dag":"33229","label_bn":"33229","area_sqm":142.1},"geometry":{"type":"Polygon","coordinates":[[[90.334659,23.800104],[90.334706,23.800106],[90.334796,23.800108],[90.334795,23.800199],[90.334677,23.800198],[90.33466,23.800199],[90.334659,23.800104]]]}},{"type":"Feature","properties":{"survey":"bds","sheet":"067","dag":"33146","label_bn":"33146","area_sqm":142.2},"geometry":{"type":"Polygon","coordinates":[[[90.333392,23.797892],[90.333527,23.797871],[90.333537,23.797945],[90.333456,23.797988],[90.333402,23.797975],[90.333392,23.797892]]]}},{"type":"Feature","properties":{"survey":"bds","sheet":"067","dag":"33039","label_bn":"33039","area_sqm":142.4},"geometry":{"type":"Polygon","coordinates":[[[90.333712,23.799663],[90.333717,23.799648],[90.333745,23.799568],[90.333755,23.799572],[90.333854,23.799609],[90.333864,23.799689],[90.333857,23.799687],[90.333853,23.799698],[90.333741,23.79967],[90.333712,23.799663]]]}},{"type":"Feature","properties":{"survey":"bds","sheet":"067","dag":"33257","label_bn":"33257","area_sqm":142.4},"geometry":{"type":"Polygon","coordinates":[[[90.335354,23.800526],[90.33539,23.800428],[90.335523,23.800444],[90.335508,23.800472],[90.335474,23.800536],[90.335354,23.800526]]]}},{"type":"Feature","properties":{"survey":"bds","sheet":"067","dag":"33316","label_bn":"33316","area_sqm":142.5},"geometry":{"type":"Polygon","coordinates":[[[90.335084,23.799381],[90.335087,23.799351],[90.335239,23.799365],[90.335239,23.799365],[90.335235,23.799446],[90.335086,23.799435],[90.335084,23.799381]]]}},{"type":"Feature","properties":{"survey":"bds","sheet":"067","dag":"33324","label_bn":"33324","area_sqm":142.6},"geometry":{"type":"Polygon","coordinates":[[[90.334942,23.799155],[90.334955,23.79906],[90.335075,23.799047],[90.335075,23.799073],[90.335077,23.799151],[90.334942,23.799155]]]}},{"type":"Feature","properties":{"survey":"bds","sheet":"067","dag":"33112","label_bn":"33112","area_sqm":142.7},"geometry":{"type":"Polygon","coordinates":[[[90.333934,23.798839],[90.333939,23.798765],[90.334116,23.79877],[90.334106,23.798839],[90.333934,23.798839]]]}},{"type":"Feature","properties":{"survey":"bds","sheet":"067","dag":"33170","label_bn":"33170","area_sqm":145.1},"geometry":{"type":"Polygon","coordinates":[[[90.334615,23.798345],[90.334715,23.798342],[90.334737,23.798484],[90.334665,23.798503],[90.334641,23.798386],[90.334617,23.798389],[90.334615,23.798345]]]}},{"type":"Feature","properties":{"survey":"bds","sheet":"067","dag":"33255","label_bn":"33255","area_sqm":145.2},"geometry":{"type":"Polygon","coordinates":[[[90.33557,23.800356],[90.335608,23.800284],[90.335764,23.800314],[90.335734,23.800389],[90.33557,23.800356]]]}},{"type":"Feature","properties":{"survey":"bds","sheet":"067","dag":"33052","label_bn":"33052","area_sqm":145.5},"geometry":{"type":"Polygon","coordinates":[[[90.333935,23.799362],[90.334028,23.799364],[90.334028,23.799386],[90.334028,23.799391],[90.334027,23.799505],[90.333936,23.7995],[90.333935,23.799376],[90.333935,23.799362]]]}},{"type":"Feature","properties":{"survey":"bds","sheet":"067","dag":"33171","label_bn":"33171","area_sqm":145.9},"geometry":{"type":"Polygon","coordinates":[[[90.334715,23.798342],[90.334761,23.79834],[90.334774,23.798347],[90.334793,23.798349],[90.334793,23.798354],[90.334793,23.798365],[90.334795,23.79842],[90.334859,23.798422],[90.334859,23.798422],[90.334858,23.798465],[90.334858,23.798472],[90.334737,23.798484],[90.334715,23.798342]]]}},{"type":"Feature","properties":{"survey":"bds","sheet":"067","dag":"33003","label_bn":"33003","area_sqm":147.0},"geometry":{"type":"Polygon","coordinates":[[[90.333438,23.800533],[90.333578,23.800486],[90.333604,23.800575],[90.333478,23.800617],[90.333438,23.800533]]]}},{"type":"Feature","properties":{"survey":"bds","sheet":"067","dag":"33202","label_bn":"33202","area_sqm":147.9},"geometry":{"type":"Polygon","coordinates":[[[90.334296,23.799034],[90.334296,23.799034],[90.334301,23.798937],[90.334429,23.798942],[90.334429,23.798988],[90.334429,23.799034],[90.334429,23.799043],[90.334296,23.799034],[90.334296,23.799034]]]}},{"type":"Feature","properties":{"survey":"bds","sheet":"067","dag":"33117","label_bn":"33117","area_sqm":148.3},"geometry":{"type":"Polygon","coordinates":[[[90.334107,23.799174],[90.334111,23.799117],[90.33412,23.799117],[90.334119,23.799096],[90.334119,23.79908],[90.334259,23.799082],[90.334263,23.799082],[90.334261,23.799117],[90.33426,23.799168],[90.334124,23.799169],[90.334124,23.799175],[90.334107,23.799174]]]}},{"type":"Feature","properties":{"survey":"bds","sheet":"067","dag":"33340","label_bn":"33340","area_sqm":148.7},"geometry":{"type":"Polygon","coordinates":[[[90.335006,23.798181],[90.335017,23.798067],[90.335133,23.798075],[90.335116,23.79819],[90.335006,23.798181]]]}},{"type":"Feature","properties":{"survey":"bds","sheet":"067","dag":"33211","label_bn":"33211","area_sqm":149.2},"geometry":{"type":"Polygon","coordinates":[[[90.334691,23.79915],[90.334732,23.799147],[90.334835,23.799139],[90.334877,23.799137],[90.334882,23.799137],[90.33492,23.799136],[90.334912,23.799196],[90.334878,23.799199],[90.334876,23.799199],[90.334868,23.7992],[90.334733,23.799203],[90.334698,23.799205],[90.334691,23.79915]]]}},{"type":"Feature","properties":{"survey":"bds","sheet":"067","dag":"33196","label_bn":"33196","area_sqm":149.7},"geometry":{"type":"Polygon","coordinates":[[[90.334828,23.799016],[90.33483,23.798987],[90.334834,23.798987],[90.334932,23.798982],[90.334936,23.799056],[90.33493,23.799095],[90.334928,23.799107],[90.334927,23.79911],[90.334888,23.799111],[90.334872,23.799112],[90.33483,23.799113],[90.334829,23.799063],[90.334829,23.799032],[90.334828,23.799016]]]}},{"type":"Feature","properties":{"survey":"bds","sheet":"067","dag":"33200","label_bn":"33200","area_sqm":150.3},"geometry":{"type":"Polygon","coordinates":[[[90.334425,23.799153],[90.334429,23.799054],[90.334558,23.799056],[90.334553,23.799164],[90.334517,23.79916],[90.334425,23.799153]]]}},{"type":"Feature","properties":{"survey":"bds","sheet":"067","dag":"33181","label_bn":"33181","area_sqm":150.7},"geometry":{"type":"Polygon","coordinates":[[[90.334847,23.798697],[90.334855,23.798598],[90.334857,23.798566],[90.334959,23.798568],[90.334948,23.798697],[90.334847,23.798697]]]}},{"type":"Feature","properties":{"survey":"bds","sheet":"067","dag":"33105","label_bn":"33105","area_sqm":151.4},"geometry":{"type":"Polygon","coordinates":[[[90.33373,23.798724],[90.333735,23.798696],[90.333759,23.798578],[90.333848,23.798564],[90.33383,23.798708],[90.333823,23.798708],[90.33373,23.798724]]]}},{"type":"Feature","properties":{"survey":"bds","sheet":"067","dag":"33362","label_bn":"33362","area_sqm":151.6},"geometry":{"type":"Polygon","coordinates":[[[90.335423,23.798836],[90.335424,23.798769],[90.335427,23.798701],[90.335534,23.798711],[90.335515,23.798843],[90.335434,23.798837],[90.335423,23.798836]]]}},{"type":"Feature","properties":{"survey":"bds","sheet":"067","dag":"33314","label_bn":"33314","area_sqm":151.8},"geometry":{"type":"Polygon","coordinates":[[[90.3349,23.799517],[90.334904,23.799446],[90.335086,23.799451],[90.335087,23.799519],[90.335014,23.799521],[90.335014,23.799523],[90.334905,23.799519],[90.3349,23.799517]]]}},{"type":"Feature","properties":{"survey":"bds","sheet":"067","dag":"33144","label_bn":"33144","area_sqm":152.3},"geometry":{"type":"Polygon","coordinates":[[[90.333475,23.798074],[90.333572,23.798052],[90.33362,23.798041],[90.333642,23.798131],[90.333484,23.798155],[90.333475,23.798074]]]}},{"type":"Feature","properties":{"survey":"bds","sheet":"067","dag":"33002","label_bn":"33002","area_sqm":152.4},"geometry":{"type":"Polygon","coordinates":[[[90.333478,23.800617],[90.333604,23.800575],[90.333612,23.800598],[90.333622,23.800629],[90.333624,23.800636],[90.333629,23.800649],[90.333643,23.800691],[90.333567,23.800721],[90.333478,23.800617]]]}},{"type":"Feature","properties":{"survey":"bds","sheet":"067","dag":"33241","label_bn":"33241","area_sqm":152.8},"geometry":{"type":"Polygon","coordinates":[[[90.334951,23.800665],[90.334964,23.800585],[90.335042,23.800588],[90.335122,23.800593],[90.335105,23.800683],[90.334951,23.800665]]]}},{"type":"Feature","properties":{"survey":"bds","sheet":"067","dag":"33005","label_bn":"33005","area_sqm":154.4},"geometry":{"type":"Polygon","coordinates":[[[90.33339,23.800358],[90.333394,23.800343],[90.333394,23.800273],[90.333426,23.800277],[90.333426,23.80029],[90.333566,23.800284],[90.333572,23.800367],[90.33339,23.800358]]]}},{"type":"Feature","properties":{"survey":"bds","sheet":"067","dag":"33350","label_bn":"33350","area_sqm":154.8},"geometry":{"type":"Polygon","coordinates":[[[90.335217,23.798891],[90.335227,23.798791],[90.335227,23.79879],[90.335236,23.798718],[90.335246,23.798645],[90.335267,23.798504],[90.335283,23.798395],[90.335301,23.798291],[90.335314,23.798196],[90.335326,23.798108],[90.335327,23.7981],[90.335346,23.798108],[90.335345,23.798111],[90.33532,23.798265],[90.335284,23.798506],[90.335257,23.798682],[90.335247,23.798766],[90.335241,23.798847],[90.335241,23.798848],[90.335238,23.798864],[90.335236,23.798891],[90.335217,23.798891]]]}},{"type":"Feature","properties":{"survey":"bds","sheet":"067","dag":"33176","label_bn":"33176","area_sqm":155.2},"geometry":{"type":"Polygon","coordinates":[[[90.334882,23.79819],[90.334889,23.798069],[90.335001,23.798069],[90.334989,23.798197],[90.334882,23.79819]]]}},{"type":"Feature","properties":{"survey":"bds","sheet":"067","dag":"33267","label_bn":"33267","area_sqm":155.4},"geometry":{"type":"Polygon","coordinates":[[[90.334706,23.800106],[90.334718,23.79996],[90.334822,23.799974],[90.334803,23.80007],[90.334796,23.800108],[90.334706,23.800106]]]}},{"type":"Feature","properties":{"survey":"bds","sheet":"067","dag":"33193","label_bn":"33193","area_sqm":156.0},"geometry":{"type":"Polygon","coordinates":[[[90.33453,23.798947],[90.33453,23.798896],[90.334663,23.798902],[90.334662,23.798941],[90.33466,23.798965],[90.334655,23.799038],[90.33457,23.79903],[90.334578,23.798951],[90.33453,23.798947]]]}},{"type":"Feature","properties":{"survey":"bds","sheet":"067","dag":"33329","label_bn":"33329","area_sqm":156.3},"geometry":{"type":"Polygon","coordinates":[[[90.335079,23.798881],[90.33509,23.798782],[90.335227,23.79879],[90.335227,23.798791],[90.335217,23.798891],[90.335079,23.798881]]]}},{"type":"Feature","properties":{"survey":"bds","sheet":"067","dag":"33327","label_bn":"33327","area_sqm":157.6},"geometry":{"type":"Polygon","coordinates":[[[90.334947,23.798986],[90.334949,23.798937],[90.335076,23.798947],[90.335073,23.799009],[90.335075,23.799047],[90.334955,23.79906],[90.334947,23.798986]]]}},{"type":"Feature","properties":{"survey":"bds","sheet":"067","dag":"33201","label_bn":"33201","area_sqm":158.9},"geometry":{"type":"Polygon","coordinates":[[[90.334429,23.799049],[90.334429,23.799043],[90.334429,23.799034],[90.334429,23.798988],[90.334429,23.798942],[90.334519,23.798946],[90.334523,23.798957],[90.334561,23.798961],[90.33456,23.799039],[90.334558,23.799056],[90.334429,23.799054],[90.334429,23.799049]]]}},{"type":"Feature","properties":{"survey":"bds","sheet":"067","dag":"33353","label_bn":"33353","area_sqm":159.2},"geometry":{"type":"Polygon","coordinates":[[[90.335241,23.798848],[90.335241,23.798847],[90.335247,23.798766],[90.335421,23.798769],[90.335423,23.798769],[90.335424,23.798769],[90.335423,23.798836],[90.335423,23.798843],[90.335241,23.798848]]]}},{"type":"Feature","properties":{"survey":"bds","sheet":"067","dag":"33300","label_bn":"33300","area_sqm":159.3},"geometry":{"type":"Polygon","coordinates":[[[90.335252,23.799644],[90.335378,23.799649],[90.335393,23.799719],[90.335398,23.799753],[90.335347,23.799754],[90.3353,23.799752],[90.33526,23.79975],[90.335252,23.799644]]]}},{"type":"Feature","properties":{"survey":"bds","sheet":"067","dag":"33109","label_bn":"33109","area_sqm":159.3},"geometry":{"type":"Polygon","coordinates":[[[90.333807,23.798836],[90.333844,23.798721],[90.333943,23.798713],[90.333939,23.798765],[90.333934,23.798839],[90.333933,23.798847],[90.333807,23.798836]]]}},{"type":"Feature","properties":{"survey":"bds","sheet":"067","dag":"33054","label_bn":"33054","area_sqm":160.5},"geometry":{"type":"Polygon","coordinates":[[[90.334033,23.799475],[90.334036,23.799392],[90.334036,23.799387],[90.334036,23.799364],[90.334166,23.799366],[90.334166,23.799385],[90.334166,23.79939],[90.334166,23.799393],[90.334161,23.799475],[90.334033,23.799475]]]}},{"type":"Feature","properties":{"survey":"bds","sheet":"067","dag":"33361","label_bn":"33361","area_sqm":161.0},"geometry":{"type":"Polygon","coordinates":[[[90.335515,23.798843],[90.335534,23.798711],[90.335638,23.798721],[90.335626,23.798851],[90.335515,23.798843]]]}},{"type":"Feature","properties":{"survey":"bds","sheet":"067","dag":"33352","label_bn":"33352","area_sqm":161.2},"geometry":{"type":"Polygon","coordinates":[[[90.335247,23.798766],[90.335257,23.798682],[90.335427,23.798689],[90.335427,23.798701],[90.335424,23.798769],[90.335423,23.798769],[90.335421,23.798769],[90.335247,23.798766]]]}},{"type":"Feature","properties":{"survey":"bds","sheet":"067","dag":"33143","label_bn":"33143","area_sqm":161.8},"geometry":{"type":"Polygon","coordinates":[[[90.333484,23.798155],[90.333642,23.798131],[90.333644,23.798139],[90.333667,23.798228],[90.333524,23.798236],[90.333517,23.798237],[90.333495,23.798182],[90.333484,23.798158],[90.333484,23.798155]]]}},{"type":"Feature","properties":{"survey":"bds","sheet":"067","dag":"33240","label_bn":"33240","area_sqm":162.7},"geometry":{"type":"Polygon","coordinates":[[[90.334935,23.800749],[90.334951,23.800665],[90.335105,23.800683],[90.335087,23.80078],[90.334935,23.800749]]]}},{"type":"Feature","properties":{"survey":"bds","sheet":"067","dag":"33249","label_bn":"33249","area_sqm":163.0},"geometry":{"type":"Polygon","coordinates":[[[90.335243,23.800808],[90.335263,23.800699],[90.335386,23.800724],[90.335375,23.800827],[90.335362,23.800824],[90.33536,23.800834],[90.335243,23.800808]]]}},{"type":"Feature","properties":{"survey":"bds","sheet":"067","dag":"33024","label_bn":"33024","area_sqm":163.1},"geometry":{"type":"Polygon","coordinates":[[[90.333547,23.79968],[90.333571,23.799571],[90.333705,23.799608],[90.333672,23.799708],[90.333547,23.79968]]]}},{"type":"Feature","properties":{"survey":"bds","sheet":"067","dag":"33247","label_bn":"33247","area_sqm":163.6},"geometry":{"type":"Polygon","coordinates":[[[90.335278,23.800613],[90.335288,23.800546],[90.335467,23.800548],[90.33546,23.800555],[90.335426,23.800626],[90.335414,23.800623],[90.335404,23.800661],[90.335278,23.800613]]]}},{"type":"Feature","properties":{"survey":"bds","sheet":"067","dag":"33279","label_bn":"33279","area_sqm":165.7},"geometry":{"type":"Polygon","coordinates":[[[90.33509,23.800226],[90.335104,23.800082],[90.335104,23.800069],[90.335112,23.799975],[90.335112,23.799975],[90.335118,23.799923],[90.335122,23.799874],[90.335128,23.799814],[90.335132,23.79976],[90.335133,23.799747],[90.335168,23.799748],[90.335242,23.79975],[90.33526,23.79975],[90.3353,23.799752],[90.335298,23.799775],[90.335166,23.799768],[90.335163,23.799769],[90.335158,23.799771],[90.335155,23.799773],[90.335143,23.799889],[90.335135,23.799993],[90.335125,23.800121],[90.335114,23.800228],[90.33509,23.800226]]]}},{"type":"Feature","properties":{"survey":"bds","sheet":"067","dag":"33228","label_bn":"33228","area_sqm":165.7},"geometry":{"type":"Polygon","coordinates":[[[90.334535,23.800101],[90.334659,23.800104],[90.33466,23.800199],[90.33466,23.800224],[90.33455,23.800221],[90.334548,23.80022],[90.334537,23.800187],[90.334535,23.800101]]]}},{"type":"Feature","properties":{"survey":"bds","sheet":"067","dag":"33299","label_bn":"33299","area_sqm":167.0},"geometry":{"type":"Polygon","coordinates":[[[90.335246,23.79953],[90.33538,23.799537],[90.335378,23.799649],[90.335252,23.799644],[90.335246,23.79953]]]}},{"type":"Feature","properties":{"survey":"bds","sheet":"067","dag":"33183","label_bn":"33183","area_sqm":167.5},"geometry":{"type":"Polygon","coordinates":[[[90.334832,23.798903],[90.334845,23.798769],[90.334944,23.798771],[90.334935,23.798913],[90.334838,23.798919],[90.334832,23.798903]]]}},{"type":"Feature","properties":{"survey":"bds","sheet":"067","dag":"33204","label_bn":"33204","area_sqm":167.6},"geometry":{"type":"Polygon","coordinates":[[[90.33429,23.799145],[90.334292,23.799096],[90.334296,23.799034],[90.334296,23.799034],[90.334429,23.799043],[90.334429,23.799049],[90.334429,23.799054],[90.334425,23.799153],[90.334309,23.799146],[90.334297,23.799145],[90.33429,23.799145]]]}},{"type":"Feature","properties":{"survey":"bds","sheet":"067","dag":"33197","label_bn":"33197","area_sqm":168.0},"geometry":{"type":"Polygon","coordinates":[[[90.334725,23.799035],[90.334726,23.799024],[90.334757,23.799022],[90.334771,23.79902],[90.3348,23.799018],[90.334814,23.799017],[90.334828,23.799016],[90.334829,23.799032],[90.334829,23.799063],[90.33483,23.799113],[90.334872,23.799112],[90.334888,23.799111],[90.334927,23.79911],[90.33492,23.799136],[90.334882,23.799137],[90.334877,23.799137],[90.334835,23.799139],[90.334732,23.799147],[90.334727,23.799047],[90.334725,23.799035]]]}},{"type":"Feature","properties":{"survey":"bds","sheet":"067","dag":"33110","label_bn":"33110","area_sqm":168.1},"geometry":{"type":"Polygon","coordinates":[[[90.333844,23.798721],[90.333863,23.798563],[90.333954,23.798558],[90.333943,23.798713],[90.333844,23.798721]]]}},{"type":"Feature","properties":{"survey":"bds","sheet":"067","dag":"33169","label_bn":"33169","area_sqm":168.3},"geometry":{"type":"Polygon","coordinates":[[[90.334529,23.798396],[90.334576,23.798391],[90.334583,23.798391],[90.334617,23.798389],[90.334641,23.798386],[90.334665,23.798503],[90.334546,23.798529],[90.334536,23.798458],[90.334535,23.798446],[90.334529,23.798396]]]}},{"type":"Feature","properties":{"survey":"bds","sheet":"067","dag":"33238","label_bn":"33238","area_sqm":168.3},"geometry":{"type":"Polygon","coordinates":[[[90.33479,23.800603],[90.334792,23.800582],[90.334794,23.800513],[90.334956,23.800523],[90.334939,23.800623],[90.33479,23.800603]]]}},{"type":"Feature","properties":{"survey":"bds","sheet":"067","dag":"33304","label_bn":"33304","area_sqm":170.2},"geometry":{"type":"Polygon","coordinates":[[[90.334921,23.799634],[90.335084,23.79964],[90.335103,23.799745],[90.334978,23.799741],[90.334947,23.799679],[90.334921,23.799634]]]}},{"type":"Feature","properties":{"survey":"bds","sheet":"067","dag":"33116","label_bn":"33116","area_sqm":170.5},"geometry":{"type":"Polygon","coordinates":[[[90.333905,23.799164],[90.33391,23.799092],[90.334102,23.799096],[90.334111,23.799117],[90.334107,23.799174],[90.334052,23.799171],[90.334002,23.799169],[90.333905,23.799164]]]}},{"type":"Feature","properties":{"survey":"bds","sheet":"067","dag":"33246","label_bn":"33246","area_sqm":170.9},"geometry":{"type":"Polygon","coordinates":[[[90.335136,23.800645],[90.335151,23.800537],[90.335288,23.800546],[90.335278,23.800613],[90.335271,23.800657],[90.335136,23.800645]]]}},{"type":"Feature","properties":{"survey":"bds","sheet":"067","dag":"33237","label_bn":"33237","area_sqm":172.0},"geometry":{"type":"Polygon","coordinates":[[[90.334772,23.800704],[90.33479,23.800603],[90.334939,23.800623],[90.334916,23.800723],[90.334772,23.800704]]]}},{"type":"Feature","properties":{"survey":"bds","sheet":"067","dag":"33062","label_bn":"33062","area_sqm":174.4},"geometry":{"type":"Polygon","coordinates":[[[90.334475,23.800316],[90.334544,23.800322],[90.334534,23.800241],[90.334546,23.800239],[90.334661,23.800242],[90.334664,23.800353],[90.334554,23.800352],[90.3345,23.800353],[90.334475,23.800316]]]}},{"type":"Feature","properties":{"survey":"bds","sheet":"067","dag":"33356","label_bn":"33356","area_sqm":174.8},"geometry":{"type":"Polygon","coordinates":[[[90.33528,23.7991],[90.335297,23.799003],[90.335448,23.799007],[90.335455,23.799085],[90.335455,23.799098],[90.33528,23.7991]]]}},{"type":"Feature","properties":{"survey":"bds","sheet":"067","dag":"33253","label_bn":"33253","area_sqm":179.4},"geometry":{"type":"Polygon","coordinates":[[[90.335467,23.800548],[90.335474,23.800536],[90.335508,23.800472],[90.335686,23.80051],[90.335655,23.800591],[90.335467,23.800548]]]}},{"type":"Feature","properties":{"survey":"bds","sheet":"067","dag":"33364","label_bn":"33364","area_sqm":179.7},"geometry":{"type":"Polygon","coordinates":[[[90.335453,23.798534],[90.33548,23.798362],[90.335572,23.798379],[90.335557,23.798461],[90.335554,23.798484],[90.335548,23.798544],[90.335453,23.798534]]]}},{"type":"Feature","properties":{"survey":"bds","sheet":"067","dag":"33368","label_bn":"33368","area_sqm":181.0},"geometry":{"type":"Polygon","coordinates":[[[90.335548,23.798696],[90.335554,23.79864],[90.335562,23.798548],[90.33567,23.798563],[90.335661,23.798662],[90.335655,23.798706],[90.335548,23.798696]]]}},{"type":"Feature","properties":{"survey":"bds","sheet":"067","dag":"33264","label_bn":"33264","area_sqm":181.0},"geometry":{"type":"Polygon","coordinates":[[[90.334791,23.800237],[90.334912,23.800241],[90.334912,23.800368],[90.334792,23.800375],[90.334791,23.800365],[90.334792,23.800313],[90.334792,23.800278],[90.334791,23.800256],[90.334791,23.800237]]]}},{"type":"Feature","properties":{"survey":"bds","sheet":"067","dag":"33079","label_bn":"33079","area_sqm":181.1},"geometry":{"type":"Polygon","coordinates":[[[90.333892,23.799325],[90.333905,23.799164],[90.334002,23.799169],[90.333991,23.799333],[90.333892,23.799325]]]}},{"type":"Feature","properties":{"survey":"bds","sheet":"067","dag":"33333","label_bn":"33333","area_sqm":181.3},"geometry":{"type":"Polygon","coordinates":[[[90.334965,23.798684],[90.334974,23.798568],[90.335114,23.798578],[90.335108,23.798636],[90.335101,23.798692],[90.334965,23.798684]]]}},{"type":"Feature","properties":{"survey":"bds","sheet":"067","dag":"33142","label_bn":"33142","area_sqm":182.5},"geometry":{"type":"Polygon","coordinates":[[[90.333489,23.798242],[90.333505,23.79824],[90.333517,23.798237],[90.333524,23.798236],[90.333667,23.798228],[90.333695,23.798226],[90.333812,23.79822],[90.333842,23.798219],[90.333853,23.798264],[90.333842,23.798265],[90.333767,23.798272],[90.333679,23.798274],[90.333607,23.798275],[90.333524,23.798277],[90.33349,23.798279],[90.333489,23.798242]]]}},{"type":"Feature","properties":{"survey":"bds","sheet":"067","dag":"33056","label_bn":"33056","area_sqm":183.0},"geometry":{"type":"Polygon","coordinates":[[[90.33404,23.799598],[90.3342,23.7996],[90.334181,23.799707],[90.334054,23.799716],[90.334052,23.799702],[90.33404,23.799598]]]}},{"type":"Feature","properties":{"survey":"bds","sheet":"067","dag":"33235","label_bn":"33235","area_sqm":185.1},"geometry":{"type":"Polygon","coordinates":[[[90.334685,23.800427],[90.334795,23.800428],[90.334794,23.800493],[90.334794,23.800513],[90.334792,23.800582],[90.33469,23.800581],[90.334685,23.800427]]]}},{"type":"Feature","properties":{"survey":"bds","sheet":"067","dag":"33104","label_bn":"33104","area_sqm":186.3},"geometry":{"type":"Polygon","coordinates":[[[90.333599,23.798697],[90.333614,23.798581],[90.333688,23.798579],[90.333759,23.798578],[90.333735,23.798696],[90.333668,23.798696],[90.333599,23.798697]]]}},{"type":"Feature","properties":{"survey":"bds","sheet":"067","dag":"33041","label_bn":"33041","area_sqm":186.5},"geometry":{"type":"Polygon","coordinates":[[[90.333651,23.799805],[90.333651,23.799804],[90.33369,23.799726],[90.333699,23.799728],[90.33373,23.799736],[90.333831,23.799763],[90.333828,23.79977],[90.333811,23.799862],[90.333774,23.799866],[90.333774,23.799866],[90.333774,23.799866],[90.333774,23.799867],[90.333768,23.799868],[90.333753,23.799859],[90.333705,23.799835],[90.333652,23.799806],[90.333651,23.799805]]]}},{"type":"Feature","properties":{"survey":"bds","sheet":"067","dag":"33115","label_bn":"33115","area_sqm":186.8},"geometry":{"type":"Polygon","coordinates":[[[90.33391,23.799092],[90.333919,23.799004],[90.334103,23.799009],[90.334102,23.799096],[90.33391,23.799092]]]}},{"type":"Feature","properties":{"survey":"bds","sheet":"067","dag":"33068","label_bn":"33068","area_sqm":186.9},"geometry":{"type":"Polygon","coordinates":[[[90.334343,23.799723],[90.334382,23.79972],[90.334524,23.799712],[90.334548,23.799705],[90.334546,23.799751],[90.334543,23.799796],[90.334347,23.799801],[90.334343,23.799723]]]}},{"type":"Feature","properties":{"survey":"bds","sheet":"067","dag":"33067","label_bn":"33067","area_sqm":188.2},"geometry":{"type":"Polygon","coordinates":[[[90.334347,23.79989],[90.334347,23.799801],[90.334543,23.799796],[90.334535,23.799879],[90.334347,23.79989]]]}},{"type":"Feature","properties":{"survey":"bds","sheet":"067","dag":"33065","label_bn":"33065","area_sqm":188.4},"geometry":{"type":"Polygon","coordinates":[[[90.334327,23.800015],[90.334519,23.800002],[90.334517,23.800095],[90.334361,23.800111],[90.334327,23.800015]]]}},{"type":"Feature","properties":{"survey":"bds","sheet":"067","dag":"33252","label_bn":"33252","area_sqm":190.5},"geometry":{"type":"Polygon","coordinates":[[[90.335426,23.800626],[90.33546,23.800555],[90.335467,23.800548],[90.335655,23.800591],[90.33562,23.80067],[90.335426,23.800626]]]}},{"type":"Feature","properties":{"survey":"bds","sheet":"067","dag":"33159","label_bn":"33159","area_sqm":190.9},"geometry":{"type":"Polygon","coordinates":[[[90.334614,23.798241],[90.334615,23.798234],[90.334695,23.798234],[90.334695,23.798227],[90.334766,23.798224],[90.334761,23.79834],[90.334715,23.798342],[90.334615,23.798345],[90.334615,23.798314],[90.334614,23.798241]]]}},{"type":"Feature","properties":{"survey":"bds","sheet":"067","dag":"33175","label_bn":"33175","area_sqm":191.1},"geometry":{"type":"Polygon","coordinates":[[[90.334778,23.798235],[90.334788,23.79807],[90.334835,23.798068],[90.334889,23.798069],[90.334882,23.79819],[90.334877,23.798236],[90.334778,23.798235]]]}},{"type":"Feature","properties":{"survey":"bds","sheet":"067","dag":"33177","label_bn":"33177","area_sqm":191.3},"geometry":{"type":"Polygon","coordinates":[[[90.334867,23.798349],[90.334867,23.798343],[90.334877,23.798236],[90.334882,23.79819],[90.334989,23.798197],[90.334975,23.798346],[90.334974,23.798351],[90.334867,23.798349]]]}},{"type":"Feature","properties":{"survey":"bds","sheet":"067","dag":"33285","label_bn":"33285","area_sqm":194.7},"geometry":{"type":"Polygon","coordinates":[[[90.335143,23.799889],[90.335155,23.799773],[90.335158,23.799771],[90.335163,23.799769],[90.335166,23.799768],[90.335298,23.799775],[90.335289,23.799891],[90.335143,23.799889]]]}},{"type":"Feature","properties":{"survey":"bds","sheet":"067","dag":"33363","label_bn":"33363","area_sqm":196.2},"geometry":{"type":"Polygon","coordinates":[[[90.335427,23.798701],[90.335427,23.798689],[90.335453,23.798534],[90.335548,23.798544],[90.335542,23.798619],[90.335534,23.798711],[90.335427,23.798701]]]}},{"type":"Feature","properties":{"survey":"bds","sheet":"067","dag":"33098","label_bn":"33098","area_sqm":196.4},"geometry":{"type":"Polygon","coordinates":[[[90.333462,23.798823],[90.333471,23.798822],[90.33358,23.798829],[90.333571,23.79893],[90.333571,23.798931],[90.333565,23.798992],[90.333469,23.798982],[90.333462,23.798823]]]}},{"type":"Feature","properties":{"survey":"bds","sheet":"067","dag":"33094","label_bn":"33094","area_sqm":197.4},"geometry":{"type":"Polygon","coordinates":[[[90.333326,23.79874],[90.333363,23.798589],[90.333468,23.798576],[90.333463,23.79871],[90.333462,23.79872],[90.333326,23.79874]]]}},{"type":"Feature","properties":{"survey":"bds","sheet":"067","dag":"33083","label_bn":"33083","area_sqm":199.0},"geometry":{"type":"Polygon","coordinates":[[[90.333438,23.799216],[90.333445,23.799178],[90.333446,23.799173],[90.333452,23.799146],[90.333461,23.799104],[90.333608,23.799118],[90.333563,23.799241],[90.33356,23.799248],[90.333558,23.799255],[90.333438,23.799216]]]}},{"type":"Feature","properties":{"survey":"bds","sheet":"067","dag":"33326","label_bn":"33326","area_sqm":199.7},"geometry":{"type":"Polygon","coordinates":[[[90.335073,23.799009],[90.335076,23.798947],[90.335079,23.798881],[90.335217,23.798891],[90.335212,23.79896],[90.335209,23.79902],[90.335073,23.799009]]]}},{"type":"Feature","properties":{"survey":"bds","sheet":"067","dag":"33082","label_bn":"33082","area_sqm":200.8},"geometry":{"type":"Polygon","coordinates":[[[90.333461,23.799104],[90.333482,23.798992],[90.333572,23.799001],[90.333646,23.799011],[90.333608,23.799118],[90.333461,23.799104]]]}},{"type":"Feature","properties":{"survey":"bds","sheet":"067","dag":"33095","label_bn":"33095","area_sqm":200.8},"geometry":{"type":"Polygon","coordinates":[[[90.333463,23.79871],[90.333468,23.798576],[90.333527,23.798578],[90.333606,23.79858],[90.333603,23.798622],[90.333589,23.798712],[90.333527,23.798711],[90.333463,23.79871]]]}},{"type":"Feature","properties":{"survey":"bds","sheet":"067","dag":"33069","label_bn":"33069","area_sqm":208.4},"geometry":{"type":"Polygon","coordinates":[[[90.334382,23.79972],[90.334383,23.799602],[90.334533,23.799596],[90.334548,23.799705],[90.334524,23.799712],[90.334382,23.79972]]]}},{"type":"Feature","properties":{"survey":"bds","sheet":"067","dag":"33036","label_bn":"33036","area_sqm":208.7},"geometry":{"type":"Polygon","coordinates":[[[90.333651,23.799804],[90.333651,23.799805],[90.333652,23.799806],[90.333705,23.799835],[90.333753,23.799859],[90.333768,23.799868],[90.333768,23.79987],[90.333761,23.799901],[90.333714,23.799866],[90.333708,23.799862],[90.333652,23.79982],[90.333446,23.799806],[90.333438,23.799779],[90.333524,23.799785],[90.333637,23.799801],[90.333672,23.799708],[90.333705,23.799608],[90.333727,23.799539],[90.333756,23.799449],[90.333772,23.799369],[90.333799,23.799369],[90.333789,23.79941],[90.333788,23.799412],[90.333765,23.799506],[90.333762,23.799514],[90.333746,23.799563],[90.333746,23.799564],[90.333746,23.799564],[90.333745,23.799568],[90.333717,23.799648],[90.333712,23.799663],[90.333706,23.79968],[90.333692,23.799721],[90.33369,23.799726],[90.333651,23.799804]]]}},{"type":"Feature","properties":{"survey":"bds","sheet":"067","dag":"33114","label_bn":"33114","area_sqm":209.7},"geometry":{"type":"Polygon","coordinates":[[[90.333919,23.799004],[90.333919,23.798999],[90.333927,23.798911],[90.333929,23.798904],[90.334105,23.798905],[90.334103,23.799009],[90.333919,23.799004]]]}},{"type":"Feature","properties":{"survey":"bds","sheet":"067","dag":"33045","label_bn":"33045","area_sqm":210.4},"geometry":{"type":"Polygon","coordinates":[[[90.333857,23.800145],[90.333893,23.800131],[90.333935,23.800092],[90.333945,23.800083],[90.333972,23.800074],[90.333976,23.800105],[90.333993,23.800173],[90.334084,23.800196],[90.334042,23.800234],[90.333991,23.80028],[90.333857,23.800145]]]}},{"type":"Feature","properties":{"survey":"bds","sheet":"067","dag":"33124","label_bn":"33124","area_sqm":210.8},"geometry":{"type":"Polygon","coordinates":[[[90.333383,23.798499],[90.333385,23.798489],[90.333429,23.798488],[90.333474,23.79849],[90.333481,23.798492],[90.333478,23.798566],[90.33353,23.798567],[90.333599,23.798568],[90.333667,23.798568],[90.33376,23.798567],[90.333797,23.79855],[90.333951,23.798541],[90.333954,23.798538],[90.333921,23.798333],[90.333915,23.798293],[90.333915,23.798291],[90.333911,23.798261],[90.333915,23.79826],[90.33392,23.798291],[90.333921,23.798293],[90.333922,23.798301],[90.333929,23.798346],[90.333947,23.79844],[90.33395,23.798439],[90.333952,23.798451],[90.333966,23.798529],[90.334076,23.798504],[90.334145,23.798487],[90.334214,23.798476],[90.334214,23.798466],[90.334217,23.798466],[90.334246,23.798467],[90.334253,23.798467],[90.334282,23.798469],[90.334278,23.798488],[90.334251,23.798489],[90.334248,23.798489],[90.334243,23.79849],[90.334117,23.79852],[90.333954,23.798558],[90.333863,23.798563],[90.333848,23.798564],[90.333759,23.798578],[90.333688,23.798579],[90.333614,23.798581],[90.333606,23.79858],[90.333527,23.798578],[90.333468,23.798576],[90.333472,23.798499],[90.333383,23.798499]]]}},{"type":"Feature","properties":{"survey":"bds","sheet":"067","dag":"33250","label_bn":"33250","area_sqm":213.3},"geometry":{"type":"Polygon","coordinates":[[[90.335375,23.800827],[90.335386,23.800724],[90.335579,23.800767],[90.33554,23.800863],[90.335436,23.80084],[90.335375,23.800827]]]}},{"type":"Feature","properties":{"survey":"bds","sheet":"067","dag":"33167","label_bn":"33167","area_sqm":215.3},"geometry":{"type":"Polygon","coordinates":[[[90.334319,23.798531],[90.334325,23.798401],[90.334438,23.798395],[90.334464,23.798395],[90.334469,23.798527],[90.334319,23.798531]]]}},{"type":"Feature","properties":{"survey":"bds","sheet":"067","dag":"33220","label_bn":"33220","area_sqm":215.9},"geometry":{"type":"Polygon","coordinates":[[[90.33455,23.799512],[90.334622,23.799509],[90.334671,23.799504],[90.334755,23.799495],[90.334787,23.799493],[90.334874,23.799489],[90.334858,23.799555],[90.334849,23.799555],[90.334699,23.79956],[90.334553,23.79957],[90.33455,23.799512]]]}},{"type":"Feature","properties":{"survey":"bds","sheet":"067","dag":"33286","label_bn":"33286","area_sqm":216.1},"geometry":{"type":"Polygon","coordinates":[[[90.335289,23.799891],[90.335298,23.799775],[90.3353,23.799752],[90.335347,23.799754],[90.335398,23.799753],[90.335441,23.799804],[90.335431,23.799897],[90.335289,23.799891]]]}},{"type":"Feature","properties":{"survey":"bds","sheet":"067","dag":"33016","label_bn":"33016","area_sqm":217.0},"geometry":{"type":"Polygon","coordinates":[[[90.333816,23.800586],[90.333938,23.800557],[90.334025,23.800707],[90.333882,23.800708],[90.333822,23.800596],[90.333816,23.800586]]]}},{"type":"Feature","properties":{"survey":"bds","sheet":"067","dag":"33150","label_bn":"33150","area_sqm":217.7},"geometry":{"type":"Polygon","coordinates":[[[90.333659,23.798082],[90.333772,23.798059],[90.333803,23.79813],[90.333812,23.79822],[90.333695,23.798226],[90.333659,23.798082]]]}},{"type":"Feature","properties":{"survey":"bds","sheet":"067","dag":"33357","label_bn":"33357","area_sqm":219.1},"geometry":{"type":"Polygon","coordinates":[[[90.335225,23.799098],[90.33528,23.7991],[90.335455,23.799098],[90.335455,23.79913],[90.335455,23.799178],[90.335454,23.799185],[90.335447,23.799187],[90.33535,23.799183],[90.335237,23.799188],[90.335236,23.799183],[90.335225,23.799098]]]}},{"type":"Feature","properties":{"survey":"bds","sheet":"067","dag":"33245","label_bn":"33245","area_sqm":220.0},"geometry":{"type":"Polygon","coordinates":[[[90.335111,23.800775],[90.335136,23.800645],[90.335271,23.800657],[90.335263,23.800699],[90.335243,23.800808],[90.335111,23.800775]]]}},{"type":"Feature","properties":{"survey":"bds","sheet":"067","dag":"33290","label_bn":"33290","area_sqm":220.4},"geometry":{"type":"Polygon","coordinates":[[[90.335575,23.799405],[90.3356,23.799294],[90.335778,23.799312],[90.335757,23.799368],[90.335737,23.799423],[90.335657,23.799414],[90.335575,23.799405]]]}},{"type":"Feature","properties":{"survey":"bds","sheet":"067","dag":"33322","label_bn":"33322","area_sqm":221.5},"geometry":{"type":"Polygon","coordinates":[[[90.335075,23.799073],[90.335209,23.799077],[90.335201,23.799104],[90.335204,23.799129],[90.335223,23.799224],[90.33508,23.799222],[90.335077,23.799151],[90.335075,23.799073]]]}},{"type":"Feature","properties":{"survey":"bds","sheet":"067","dag":"33337","label_bn":"33337","area_sqm":222.0},"geometry":{"type":"Polygon","coordinates":[[[90.335083,23.798479],[90.335091,23.798387],[90.335219,23.798387],[90.335283,23.798395],[90.335267,23.798504],[90.335119,23.798484],[90.335083,23.798479]]]}},{"type":"Feature","properties":{"survey":"bds","sheet":"067","dag":"33223","label_bn":"33223","area_sqm":223.2},"geometry":{"type":"Polygon","coordinates":[[[90.334558,23.799624],[90.334704,23.79962],[90.334849,23.799613],[90.334833,23.799681],[90.334796,23.799682],[90.334708,23.799688],[90.334567,23.799702],[90.334558,23.799635],[90.334558,23.799624]]]}},{"type":"Feature","properties":{"survey":"bds","sheet":"067","dag":"33060","label_bn":"33060","area_sqm":223.8},"geometry":{"type":"Polygon","coordinates":[[[90.334529,23.800527],[90.334671,23.800524],[90.334673,23.800603],[90.33467,23.80067],[90.334535,23.800663],[90.334529,23.800527]]]}},{"type":"Feature","properties":{"survey":"bds","sheet":"067","dag":"33008","label_bn":"33008","area_sqm":225.9},"geometry":{"type":"Polygon","coordinates":[[[90.333586,23.800283],[90.333685,23.800277],[90.333688,23.800344],[90.33369,23.800409],[90.333692,23.800477],[90.333594,23.800484],[90.333586,23.800283]]]}},{"type":"Feature","properties":{"survey":"bds","sheet":"067","dag":"33301","label_bn":"33301","area_sqm":226.8},"geometry":{"type":"Polygon","coordinates":[[[90.334919,23.799623],[90.33501,23.799626],[90.335124,23.799627],[90.335229,23.799635],[90.335232,23.799582],[90.335229,23.79953],[90.335233,23.799479],[90.335235,23.799446],[90.335239,23.799365],[90.335239,23.799365],[90.335238,23.799297],[90.335223,23.799224],[90.335204,23.799129],[90.335201,23.799104],[90.335209,23.799077],[90.335209,23.79902],[90.335212,23.79896],[90.335217,23.798891],[90.335236,23.798891],[90.335226,23.799],[90.335225,23.799098],[90.335236,23.799183],[90.335237,23.799188],[90.335237,23.799191],[90.335237,23.799193],[90.335257,23.799288],[90.335257,23.799312],[90.335257,23.799317],[90.335258,23.799343],[90.335256,23.799389],[90.335253,23.799432],[90.335251,23.799459],[90.335247,23.799499],[90.335246,23.79953],[90.335252,23.799644],[90.33526,23.79975],[90.335242,23.79975],[90.335234,23.799649],[90.33516,23.799642],[90.335084,23.79964],[90.334921,23.799634],[90.334919,23.799623]]]}},{"type":"Feature","properties":{"survey":"bds","sheet":"067","dag":"33261","label_bn":"33261","area_sqm":229.1},"geometry":{"type":"Polygon","coordinates":[[[90.334794,23.800513],[90.334794,23.800493],[90.335127,23.800515],[90.335148,23.800377],[90.335164,23.80025],[90.335189,23.800251],[90.335172,23.800377],[90.335152,23.800515],[90.335291,23.800523],[90.335354,23.800526],[90.335474,23.800536],[90.335467,23.800548],[90.335288,23.800546],[90.335151,23.800537],[90.335129,23.800535],[90.33505,23.800531],[90.334971,23.800526],[90.334956,23.800523],[90.334794,23.800513]]]}},{"type":"Feature","properties":{"survey":"bds","sheet":"067","dag":"33281","label_bn":"33281","area_sqm":229.2},"geometry":{"type":"Polygon","coordinates":[[[90.335201,23.80023],[90.335208,23.800125],[90.335403,23.800131],[90.335388,23.800236],[90.335201,23.80023]]]}},{"type":"Feature","properties":{"survey":"bds","sheet":"067","dag":"33120","label_bn":"33120","area_sqm":230.0},"geometry":{"type":"Polygon","coordinates":[[[90.334121,23.798981],[90.334123,23.798842],[90.334237,23.798842],[90.334246,23.798842],[90.334268,23.798842],[90.334264,23.798984],[90.334261,23.798984],[90.334249,23.798984],[90.334121,23.798981]]]}},{"type":"Feature","properties":{"survey":"bds","sheet":"067","dag":"33292","label_bn":"33292","area_sqm":233.1},"geometry":{"type":"Polygon","coordinates":[[[90.335421,23.799293],[90.335436,23.799228],[90.335447,23.799187],[90.335454,23.799185],[90.335455,23.799178],[90.335517,23.799175],[90.335619,23.799174],[90.3356,23.799294],[90.335421,23.799293]]]}},{"type":"Feature","properties":{"survey":"bds","sheet":"067","dag":"33122","label_bn":"33122","area_sqm":236.2},"geometry":{"type":"Polygon","coordinates":[[[90.334116,23.79877],[90.334121,23.798647],[90.33423,23.79864],[90.334239,23.79864],[90.334276,23.798638],[90.33427,23.798786],[90.334242,23.798783],[90.334233,23.798782],[90.334116,23.79877]]]}},{"type":"Feature","properties":{"survey":"bds","sheet":"067","dag":"33334","label_bn":"33334","area_sqm":238.3},"geometry":{"type":"Polygon","coordinates":[[[90.335108,23.798636],[90.335114,23.798578],[90.335119,23.798484],[90.335267,23.798504],[90.335246,23.798645],[90.335108,23.798636]]]}},{"type":"Feature","properties":{"survey":"bds","sheet":"067","dag":"33291","label_bn":"33291","area_sqm":239.4},"geometry":{"type":"Polygon","coordinates":[[[90.3356,23.799294],[90.335619,23.799174],[90.335638,23.799176],[90.335638,23.799178],[90.335708,23.799192],[90.335721,23.799194],[90.335813,23.799213],[90.335778,23.799312],[90.3356,23.799294]]]}},{"type":"Feature","properties":{"survey":"bds","sheet":"067","dag":"33328","label_bn":"33328","area_sqm":239.7},"geometry":{"type":"Polygon","coordinates":[[[90.334949,23.798937],[90.334959,23.798773],[90.33509,23.798782],[90.335079,23.798881],[90.335076,23.798947],[90.334949,23.798937]]]}},{"type":"Feature","properties":{"survey":"bds","sheet":"067","dag":"33127","label_bn":"33127","area_sqm":240.5},"geometry":{"type":"Polygon","coordinates":[[[90.33403,23.798248],[90.334102,23.798235],[90.334104,23.798235],[90.334166,23.798224],[90.334181,23.798225],[90.334179,23.798375],[90.334123,23.798385],[90.334058,23.798403],[90.334032,23.798262],[90.334032,23.798262],[90.33403,23.798248]]]}},{"type":"Feature","properties":{"survey":"bds","sheet":"067","dag":"33035","label_bn":"33035","area_sqm":240.6},"geometry":{"type":"Polygon","coordinates":[[[90.333571,23.799571],[90.333574,23.799563],[90.333601,23.799451],[90.333692,23.799445],[90.333723,23.799447],[90.333735,23.799448],[90.333756,23.799449],[90.333727,23.799539],[90.333705,23.799608],[90.333571,23.799571]]]}},{"type":"Feature","properties":{"survey":"bds","sheet":"067","dag":"33251","label_bn":"33251","area_sqm":240.6},"geometry":{"type":"Polygon","coordinates":[[[90.335386,23.800724],[90.335404,23.800661],[90.335414,23.800623],[90.335426,23.800626],[90.33562,23.80067],[90.335579,23.800767],[90.335386,23.800724]]]}},{"type":"Feature","properties":{"survey":"bds","sheet":"067","dag":"33027","label_bn":"33027","area_sqm":243.9},"geometry":{"type":"Polygon","coordinates":[[[90.333144,23.799337],[90.333148,23.799334],[90.333153,23.79933],[90.333244,23.799413],[90.333441,23.799417],[90.333449,23.799471],[90.333449,23.799477],[90.333415,23.79953],[90.333414,23.799531],[90.333257,23.799511],[90.333247,23.799431],[90.333144,23.799337]]]}},{"type":"Feature","properties":{"survey":"bds","sheet":"067","dag":"33194","label_bn":"33194","area_sqm":244.8},"geometry":{"type":"Polygon","coordinates":[[[90.334655,23.799038],[90.33466,23.798965],[90.334662,23.798941],[90.334663,23.798902],[90.334743,23.798903],[90.334753,23.798903],[90.334783,23.798903],[90.334793,23.798903],[90.334832,23.798903],[90.334838,23.798919],[90.334834,23.798987],[90.33483,23.798987],[90.334828,23.799016],[90.334814,23.799017],[90.3348,23.799018],[90.334771,23.79902],[90.334757,23.799022],[90.334726,23.799024],[90.334725,23.799035],[90.334655,23.799038]]]}},{"type":"Feature","properties":{"survey":"bds","sheet":"067","dag":"33268","label_bn":"33268","area_sqm":245.6},"geometry":{"type":"Polygon","coordinates":[[[90.334803,23.80007],[90.334822,23.799974],[90.334841,23.799977],[90.33485,23.799965],[90.33501,23.799972],[90.335024,23.799973],[90.335015,23.800078],[90.334803,23.80007]]]}},{"type":"Feature","properties":{"survey":"bds","sheet":"067","dag":"33130","label_bn":"33130","area_sqm":247.2},"geometry":{"type":"Polygon","coordinates":[[[90.333915,23.79826],[90.33403,23.798248],[90.334032,23.798262],[90.334032,23.798262],[90.334058,23.798403],[90.334062,23.798426],[90.333952,23.798451],[90.33395,23.798439],[90.333947,23.79844],[90.333929,23.798346],[90.333922,23.798301],[90.333921,23.798293],[90.33392,23.798291],[90.333915,23.79826]]]}},{"type":"Feature","properties":{"survey":"bds","sheet":"067","dag":"33214","label_bn":"33214","area_sqm":250.8},"geometry":{"type":"Polygon","coordinates":[[[90.33455,23.799447],[90.334551,23.799398],[90.334551,23.799382],[90.334558,23.799376],[90.334608,23.799375],[90.334843,23.799363],[90.334853,23.799363],[90.334885,23.799361],[90.334884,23.79937],[90.334883,23.799376],[90.334877,23.799425],[90.334799,23.79943],[90.334674,23.799441],[90.33455,23.799447]]]}},{"type":"Feature","properties":{"survey":"bds","sheet":"067","dag":"33254","label_bn":"33254","area_sqm":251.7},"geometry":{"type":"Polygon","coordinates":[[[90.335508,23.800472],[90.335523,23.800444],[90.335532,23.800428],[90.33557,23.800356],[90.335734,23.800389],[90.335686,23.80051],[90.335508,23.800472]]]}},{"type":"Feature","properties":{"survey":"bds","sheet":"067","dag":"33260","label_bn":"33260","area_sqm":252.0},"geometry":{"type":"Polygon","coordinates":[[[90.335172,23.800377],[90.335189,23.800251],[90.335381,23.800255],[90.335328,23.800383],[90.335172,23.800377]]]}},{"type":"Feature","properties":{"survey":"bds","sheet":"067","dag":"33123","label_bn":"33123","area_sqm":252.9},"geometry":{"type":"Polygon","coordinates":[[[90.334117,23.79852],[90.334243,23.79849],[90.334248,23.798489],[90.334251,23.798489],[90.334278,23.798488],[90.334276,23.798638],[90.334239,23.79864],[90.33423,23.79864],[90.334121,23.798647],[90.334117,23.79852]]]}},{"type":"Feature","properties":{"survey":"bds","sheet":"067","dag":"33366","label_bn":"33366","area_sqm":253.2},"geometry":{"type":"Polygon","coordinates":[[[90.335496,23.798247],[90.335511,23.798149],[90.335513,23.798138],[90.335513,23.798136],[90.3356,23.798151],[90.335604,23.798152],[90.335695,23.798189],[90.335699,23.798192],[90.335693,23.798228],[90.335691,23.798241],[90.335683,23.798296],[90.335679,23.798295],[90.335605,23.798278],[90.335586,23.798274],[90.335496,23.798247]]]}},{"type":"Feature","properties":{"survey":"bds","sheet":"067","dag":"33288","label_bn":"33288","area_sqm":254.4},"geometry":{"type":"Polygon","coordinates":[[[90.335529,23.799601],[90.335552,23.799501],[90.335575,23.799405],[90.335657,23.799414],[90.335635,23.799512],[90.3357,23.799524],[90.335668,23.799614],[90.33561,23.799608],[90.335529,23.799601]]]}},{"type":"Feature","properties":{"survey":"bds","sheet":"067","dag":"33076","label_bn":"33076","area_sqm":254.8},"geometry":{"type":"Polygon","coordinates":[[[90.334122,23.799343],[90.334122,23.799342],[90.334124,23.799175],[90.334124,23.799169],[90.33426,23.799168],[90.334249,23.799289],[90.334245,23.799322],[90.334243,23.799334],[90.334206,23.799344],[90.334189,23.799345],[90.334172,23.799346],[90.334122,23.799343]]]}},{"type":"Feature","properties":{"survey":"bds","sheet":"067","dag":"33178","label_bn":"33178","area_sqm":264.6},"geometry":{"type":"Polygon","coordinates":[[[90.334857,23.798566],[90.334857,23.798544],[90.334858,23.798472],[90.334858,23.798465],[90.334859,23.798422],[90.334859,23.798422],[90.334867,23.798349],[90.334974,23.798351],[90.334959,23.798568],[90.334857,23.798566]]]}},{"type":"Feature","properties":{"survey":"bds","sheet":"067","dag":"33066","label_bn":"33066","area_sqm":266.8},"geometry":{"type":"Polygon","coordinates":[[[90.334323,23.800015],[90.334347,23.79989],[90.334535,23.799879],[90.334519,23.800002],[90.334327,23.800015],[90.334323,23.800015]]]}},{"type":"Feature","properties":{"survey":"bds","sheet":"067","dag":"33087","label_bn":"33087","area_sqm":267.3},"geometry":{"type":"Polygon","coordinates":[[[90.333216,23.798743],[90.333231,23.798742],[90.333309,23.798741],[90.333326,23.79874],[90.333462,23.79872],[90.333462,23.798766],[90.333462,23.798823],[90.333224,23.798841],[90.333222,23.798831],[90.333219,23.798808],[90.333216,23.798743]]]}},{"type":"Feature","properties":{"survey":"bds","sheet":"067","dag":"33055","label_bn":"33055","area_sqm":268.7},"geometry":{"type":"Polygon","coordinates":[[[90.334032,23.799505],[90.334033,23.799475],[90.334161,23.799475],[90.334166,23.799393],[90.334166,23.79939],[90.334166,23.799385],[90.334166,23.799366],[90.334188,23.799367],[90.334194,23.799367],[90.334195,23.799388],[90.3342,23.7996],[90.33404,23.799598],[90.334038,23.799581],[90.334032,23.799505]]]}},{"type":"Feature","properties":{"survey":"bds","sheet":"067","dag":"33043","label_bn":"33043","area_sqm":272.7},"geometry":{"type":"Polygon","coordinates":[[[90.333774,23.799866],[90.333811,23.799862],[90.333833,23.799859],[90.333847,23.799857],[90.333893,23.799851],[90.333945,23.799845],[90.333948,23.799937],[90.333966,23.800007],[90.333972,23.800074],[90.333945,23.800083],[90.333935,23.800092],[90.333813,23.799911],[90.333774,23.799866]]]}},{"type":"Feature","properties":{"survey":"bds","sheet":"067","dag":"33125","label_bn":"33125","area_sqm":281.7},"geometry":{"type":"Polygon","coordinates":[[[90.334179,23.798375],[90.334181,23.798225],[90.334268,23.798198],[90.334275,23.798196],[90.33429,23.798191],[90.334282,23.798469],[90.334253,23.798467],[90.334246,23.798467],[90.334217,23.798466],[90.334214,23.798466],[90.334201,23.798371],[90.334179,23.798375]]]}},{"type":"Feature","properties":{"survey":"bds","sheet":"067","dag":"33061","label_bn":"33061","area_sqm":286.0},"geometry":{"type":"Polygon","coordinates":[[[90.3345,23.800353],[90.334554,23.800352],[90.334664,23.800353],[90.334671,23.800524],[90.334529,23.800527],[90.334519,23.800383],[90.3345,23.800353]]]}},{"type":"Feature","properties":{"survey":"bds","sheet":"067","dag":"33015","label_bn":"33015","area_sqm":297.8},"geometry":{"type":"Polygon","coordinates":[[[90.333644,23.800644],[90.333733,23.800617],[90.333816,23.800586],[90.333822,23.800596],[90.333882,23.800708],[90.333757,23.800784],[90.333662,23.800684],[90.333644,23.800644]]]}},{"type":"Feature","properties":{"survey":"bds","sheet":"067","dag":"33369","label_bn":"33369","area_sqm":298.2},"geometry":{"type":"Polygon","coordinates":[[[90.335562,23.798548],[90.335571,23.798474],[90.335602,23.7983],[90.335701,23.798321],[90.335689,23.798417],[90.335679,23.798487],[90.33567,23.798563],[90.335562,23.798548]]]}},{"type":"Feature","properties":{"survey":"bds","sheet":"067","dag":"33020","label_bn":"33020","area_sqm":304.7},"geometry":{"type":"Polygon","coordinates":[[[90.333433,23.800059],[90.333437,23.799985],[90.333684,23.800032],[90.333704,23.800039],[90.333749,23.800065],[90.333893,23.800131],[90.333857,23.800145],[90.333851,23.800148],[90.333733,23.800109],[90.333433,23.800059]]]}},{"type":"Feature","properties":{"survey":"bds","sheet":"067","dag":"33180","label_bn":"33180","area_sqm":306.8},"geometry":{"type":"Polygon","coordinates":[[[90.33471,23.798548],[90.334857,23.798544],[90.334857,23.798566],[90.334855,23.798598],[90.334847,23.798697],[90.334845,23.798769],[90.334841,23.798768],[90.33474,23.798745],[90.334731,23.798743],[90.33473,23.798738],[90.334721,23.798665],[90.334728,23.798664],[90.33471,23.798548]]]}},{"type":"Feature","properties":{"survey":"bds","sheet":"067","dag":"33018","label_bn":"33018","area_sqm":309.3},"geometry":{"type":"Polygon","coordinates":[[[90.333776,23.800262],[90.333799,23.800242],[90.333851,23.800148],[90.333857,23.800145],[90.333991,23.80028],[90.333958,23.800372],[90.333783,23.800315],[90.333782,23.800274],[90.333776,23.800262]]]}},{"type":"Feature","properties":{"survey":"bds","sheet":"067","dag":"33256","label_bn":"33256","area_sqm":314.3},"geometry":{"type":"Polygon","coordinates":[[[90.33539,23.800428],[90.335406,23.800386],[90.335449,23.800256],[90.335529,23.800257],[90.335618,23.800265],[90.335608,23.800284],[90.33557,23.800356],[90.335532,23.800428],[90.335523,23.800444],[90.33539,23.800428]]]}},{"type":"Feature","properties":{"survey":"bds","sheet":"067","dag":"33184","label_bn":"33184","area_sqm":320.4},"geometry":{"type":"Polygon","coordinates":[[[90.334644,23.798748],[90.334659,23.798747],[90.334672,23.798746],[90.334684,23.798746],[90.334695,23.798745],[90.33471,23.798744],[90.334731,23.798743],[90.33474,23.798745],[90.334841,23.798768],[90.334845,23.798769],[90.334832,23.798903],[90.334793,23.798903],[90.334783,23.798903],[90.334753,23.798903],[90.334743,23.798903],[90.334663,23.798902],[90.334658,23.798889],[90.334644,23.798748]]]}},{"type":"Feature","properties":{"survey":"bds","sheet":"067","dag":"33044","label_bn":"33044","area_sqm":325.1},"geometry":{"type":"Polygon","coordinates":[[[90.333704,23.800039],[90.333761,23.799901],[90.333768,23.79987],[90.333768,23.799868],[90.333774,23.799867],[90.333774,23.799866],[90.333813,23.799911],[90.333935,23.800092],[90.333893,23.800131],[90.333749,23.800065],[90.333704,23.800039]]]}},{"type":"Feature","properties":{"survey":"bds","sheet":"067","dag":"33265","label_bn":"33265","area_sqm":325.4},"geometry":{"type":"Polygon","coordinates":[[[90.334791,23.800237],[90.334791,23.800226],[90.334792,23.800216],[90.33509,23.800226],[90.335114,23.800228],[90.335201,23.80023],[90.335388,23.800236],[90.335501,23.800239],[90.335555,23.800052],[90.335573,23.799973],[90.335617,23.799858],[90.335625,23.79986],[90.335651,23.799866],[90.335607,23.799982],[90.33559,23.80006],[90.335564,23.800143],[90.335529,23.800257],[90.335449,23.800256],[90.335381,23.800255],[90.335189,23.800251],[90.335164,23.80025],[90.334912,23.800241],[90.334791,23.800237]]]}},{"type":"Feature","properties":{"survey":"bds","sheet":"067","dag":"33231","label_bn":"33231","area_sqm":326.2},"geometry":{"type":"Polygon","coordinates":[[[90.334517,23.800095],[90.334519,23.800002],[90.334535,23.799879],[90.334543,23.799796],[90.334546,23.799751],[90.334548,23.799705],[90.334533,23.799596],[90.334532,23.799591],[90.334531,23.799547],[90.334529,23.799516],[90.334529,23.799515],[90.334529,23.79946],[90.334529,23.799398],[90.334529,23.799379],[90.334551,23.799382],[90.334551,23.799398],[90.33455,23.799447],[90.334549,23.799456],[90.33455,23.799512],[90.334553,23.79957],[90.334558,23.799624],[90.334558,23.799635],[90.334567,23.799702],[90.334571,23.799763],[90.334558,23.799878],[90.334555,23.799884],[90.334543,23.799993],[90.33454,23.800019],[90.334535,23.800101],[90.334537,23.800187],[90.334548,23.80022],[90.33455,23.800221],[90.33466,23.800224],[90.33466,23.800199],[90.334677,23.800198],[90.334678,23.800225],[90.334678,23.800254],[90.33468,23.800313],[90.334682,23.800373],[90.334685,23.800427],[90.33469,23.800581],[90.334692,23.80067],[90.334685,23.800693],[90.33467,23.80067],[90.334673,23.800603],[90.334671,23.800524],[90.334664,23.800353],[90.334661,23.800242],[90.334546,23.800239],[90.334534,23.800241],[90.334518,23.800193],[90.334517,23.800095]]]}},{"type":"Feature","properties":{"survey":"bds","sheet":"067","dag":"33100","label_bn":"33100","area_sqm":328.5},"geometry":{"type":"Polygon","coordinates":[[[90.333651,23.798989],[90.33366,23.798944],[90.333685,23.79882],[90.333728,23.798754],[90.33373,23.798724],[90.333823,23.798708],[90.333787,23.798859],[90.333763,23.798994],[90.333651,23.798989]]]}},{"type":"Feature","properties":{"survey":"bds","sheet":"067","dag":"33029","label_bn":"33029","area_sqm":329.0},"geometry":{"type":"Polygon","coordinates":[[[90.333441,23.799417],[90.333444,23.799253],[90.333551,23.799287],[90.333624,23.799325],[90.333586,23.799425],[90.333579,23.799454],[90.333528,23.799464],[90.333449,23.799471],[90.333441,23.799417]]]}},{"type":"Feature","properties":{"survey":"bds","sheet":"067","dag":"33284","label_bn":"33284","area_sqm":344.3},"geometry":{"type":"Polygon","coordinates":[[[90.335135,23.799993],[90.335143,23.799889],[90.335289,23.799891],[90.335431,23.799897],[90.33542,23.800002],[90.335135,23.799993]]]}},{"type":"Feature","properties":{"survey":"bds","sheet":"067","dag":"33004","label_bn":"33004","area_sqm":346.1},"geometry":{"type":"Polygon","coordinates":[[[90.333334,23.800417],[90.33339,23.800358],[90.333572,23.800367],[90.333578,23.800486],[90.333438,23.800533],[90.333385,23.800473],[90.333334,23.800417]]]}},{"type":"Feature","properties":{"survey":"bds","sheet":"067","dag":"33258","label_bn":"33258","area_sqm":348.1},"geometry":{"type":"Polygon","coordinates":[[[90.335152,23.800515],[90.335172,23.800377],[90.335328,23.800383],[90.335406,23.800386],[90.33539,23.800428],[90.335354,23.800526],[90.335291,23.800523],[90.335152,23.800515]]]}},{"type":"Feature","properties":{"survey":"bds","sheet":"067","dag":"33047","label_bn":"33047","area_sqm":349.8},"geometry":{"type":"Polygon","coordinates":[[[90.333948,23.799937],[90.33414,23.799937],[90.334156,23.800044],[90.334157,23.800052],[90.334139,23.800105],[90.333976,23.800105],[90.333972,23.800074],[90.333966,23.800007],[90.333948,23.799937]]]}},{"type":"Feature","properties":{"survey":"bds","sheet":"067","dag":"33263","label_bn":"33263","area_sqm":351.1},"geometry":{"type":"Polygon","coordinates":[[[90.334912,23.800368],[90.334912,23.800241],[90.335164,23.80025],[90.335148,23.800377],[90.334912,23.800368]]]}},{"type":"Feature","properties":{"survey":"bds","sheet":"067","dag":"33226","label_bn":"33226","area_sqm":356.8},"geometry":{"type":"Polygon","coordinates":[[[90.334558,23.799878],[90.334571,23.799763],[90.33471,23.799749],[90.334802,23.799738],[90.334836,23.799741],[90.334825,23.799865],[90.334723,23.799865],[90.334558,23.799878]]]}},{"type":"Feature","properties":{"survey":"bds","sheet":"067","dag":"33213","label_bn":"33213","area_sqm":361.0},"geometry":{"type":"Polygon","coordinates":[[[90.334604,23.799268],[90.334605,23.799264],[90.334738,23.799256],[90.33486,23.799254],[90.334869,23.799254],[90.334877,23.799254],[90.334902,23.799254],[90.334892,23.799312],[90.334885,23.799361],[90.334853,23.799363],[90.334843,23.799363],[90.334608,23.799375],[90.334604,23.799268]]]}},{"type":"Feature","properties":{"survey":"bds","sheet":"067","dag":"33132","label_bn":"33132","area_sqm":370.6},"geometry":{"type":"Polygon","coordinates":[[[90.333667,23.798568],[90.333668,23.798447],[90.333671,23.798443],[90.333672,23.798385],[90.333678,23.798292],[90.333678,23.79829],[90.333679,23.798274],[90.333767,23.798272],[90.333769,23.798292],[90.33377,23.798295],[90.333797,23.79855],[90.33376,23.798567],[90.333667,23.798568]]]}},{"type":"Feature","properties":{"survey":"bds","sheet":"067","dag":"33354","label_bn":"33354","area_sqm":374.9},"geometry":{"type":"Polygon","coordinates":[[[90.335226,23.799],[90.335236,23.798891],[90.335238,23.798864],[90.335241,23.798848],[90.335423,23.798843],[90.335423,23.798836],[90.335434,23.798837],[90.335448,23.799007],[90.335297,23.799003],[90.335226,23.799]]]}},{"type":"Feature","properties":{"survey":"bds","sheet":"067","dag":"33085","label_bn":"33085","area_sqm":384.5},"geometry":{"type":"Polygon","coordinates":[[[90.333241,23.799031],[90.333466,23.799015],[90.333456,23.799068],[90.333434,23.799169],[90.333433,23.799173],[90.333425,23.799211],[90.333287,23.799207],[90.333284,23.799195],[90.333283,23.799192],[90.333241,23.799031]]]}},{"type":"Feature","properties":{"survey":"bds","sheet":"067","dag":"33017","label_bn":"33017","area_sqm":406.0},"geometry":{"type":"Polygon","coordinates":[[[90.333783,23.800315],[90.333958,23.800372],[90.333938,23.800557],[90.333816,23.800586],[90.333789,23.800477],[90.333786,23.800408],[90.333784,23.800341],[90.333783,23.800315]]]}},{"type":"Feature","properties":{"survey":"bds","sheet":"067","dag":"33283","label_bn":"33283","area_sqm":411.8},"geometry":{"type":"Polygon","coordinates":[[[90.335125,23.800121],[90.335135,23.799993],[90.33542,23.800002],[90.335403,23.800131],[90.335208,23.800125],[90.335125,23.800121]]]}},{"type":"Feature","properties":{"survey":"bds","sheet":"067","dag":"33287","label_bn":"33287","area_sqm":418.2},"geometry":{"type":"Polygon","coordinates":[[[90.335378,23.799649],[90.33538,23.799537],[90.335389,23.799471],[90.335552,23.799501],[90.335529,23.799601],[90.335485,23.7997],[90.335441,23.799804],[90.335398,23.799753],[90.335393,23.799719],[90.335378,23.799649]]]}},{"type":"Feature","properties":{"survey":"bds","sheet":"067","dag":"33295","label_bn":"33295","area_sqm":423.6},"geometry":{"type":"Polygon","coordinates":[[[90.335257,23.799288],[90.335345,23.799291],[90.335421,23.799293],[90.3356,23.799294],[90.335575,23.799405],[90.335552,23.799501],[90.335389,23.799471],[90.33539,23.799466],[90.335402,23.799399],[90.33541,23.799351],[90.335419,23.799314],[90.335257,23.799312],[90.335257,23.799288]]]}},{"type":"Feature","properties":{"survey":"bds","sheet":"067","dag":"33307","label_bn":"33307","area_sqm":442.3},"geometry":{"type":"Polygon","coordinates":[[[90.334824,23.799878],[90.334825,23.799865],[90.334836,23.799741],[90.334833,23.799681],[90.334849,23.799613],[90.334849,23.799555],[90.334858,23.799555],[90.334874,23.799489],[90.334877,23.799434],[90.334877,23.799425],[90.334883,23.799376],[90.334884,23.79937],[90.334885,23.799361],[90.334892,23.799312],[90.334902,23.799254],[90.334912,23.799196],[90.33492,23.799136],[90.334927,23.79911],[90.334928,23.799107],[90.33493,23.799095],[90.334936,23.799056],[90.334932,23.798982],[90.334935,23.798913],[90.334944,23.798771],[90.334948,23.798697],[90.334959,23.798568],[90.334974,23.798351],[90.334975,23.798346],[90.334989,23.798197],[90.335001,23.798069],[90.335017,23.798067],[90.335006,23.798181],[90.334997,23.798274],[90.334988,23.798382],[90.33498,23.798481],[90.334974,23.798568],[90.334965,23.798684],[90.334959,23.798773],[90.334949,23.798937],[90.334947,23.798986],[90.334955,23.79906],[90.334942,23.799155],[90.334932,23.799237],[90.334924,23.799272],[90.33492,23.799306],[90.334912,23.799375],[90.334904,23.799446],[90.3349,23.799517],[90.334904,23.799538],[90.334902,23.799568],[90.334906,23.799569],[90.334906,23.799577],[90.334872,23.799577],[90.334855,23.799685],[90.33486,23.799749],[90.33491,23.79977],[90.33498,23.799821],[90.334954,23.799821],[90.334945,23.799815],[90.334933,23.799801],[90.334899,23.799774],[90.334864,23.79976],[90.334853,23.799877],[90.33485,23.799892],[90.334824,23.799878]]]}},{"type":"Feature","properties":{"survey":"bds","sheet":"067","dag":"33111","label_bn":"33111","area_sqm":446.4},"geometry":{"type":"Polygon","coordinates":[[[90.333939,23.798765],[90.333943,23.798713],[90.333954,23.798558],[90.334117,23.79852],[90.334121,23.798647],[90.334116,23.79877],[90.333939,23.798765]]]}},{"type":"Feature","properties":{"survey":"bds","sheet":"067","dag":"33028","label_bn":"33028","area_sqm":447.2},"geometry":{"type":"Polygon","coordinates":[[[90.333153,23.79933],[90.333177,23.799315],[90.333219,23.799288],[90.333244,23.799259],[90.333264,23.799249],[90.333265,23.799247],[90.333265,23.799246],[90.333444,23.799253],[90.333441,23.799417],[90.333244,23.799413],[90.333153,23.79933]]]}},{"type":"Feature","properties":{"survey":"bds","sheet":"067","dag":"33025","label_bn":"33025","area_sqm":463.6},"geometry":{"type":"Polygon","coordinates":[[[90.333331,23.799765],[90.333405,23.799547],[90.333405,23.799546],[90.333505,23.799556],[90.333574,23.799563],[90.333571,23.799571],[90.333547,23.79968],[90.333524,23.799785],[90.333438,23.799779],[90.333436,23.799771],[90.333331,23.799765]]]}},{"type":"Feature","properties":{"survey":"bds","sheet":"067","dag":"33049","label_bn":"33049","area_sqm":477.0},"geometry":{"type":"Polygon","coordinates":[[[90.333845,23.799366],[90.333935,23.799362],[90.333935,23.799376],[90.333936,23.7995],[90.333936,23.79958],[90.333959,23.799714],[90.333957,23.799843],[90.333945,23.799845],[90.333893,23.799851],[90.333847,23.799857],[90.333887,23.799696],[90.333864,23.799689],[90.333854,23.799609],[90.333852,23.799596],[90.333856,23.799535],[90.333857,23.79952],[90.333847,23.7994],[90.333845,23.799366]]]}},{"type":"Feature","properties":{"survey":"bds","sheet":"067","dag":"33131","label_bn":"33131","area_sqm":479.6},"geometry":{"type":"Polygon","coordinates":[[[90.333767,23.798272],[90.333842,23.798265],[90.333853,23.798264],[90.333911,23.798261],[90.333915,23.798291],[90.333915,23.798293],[90.333921,23.798333],[90.333954,23.798538],[90.333951,23.798541],[90.333797,23.79855],[90.33377,23.798295],[90.333769,23.798292],[90.333767,23.798272]]]}},{"type":"Feature","properties":{"survey":"bds","sheet":"067","dag":"33058","label_bn":"33058","area_sqm":482.9},"geometry":{"type":"Polygon","coordinates":[[[90.334084,23.800196],[90.334139,23.800105],[90.334157,23.800052],[90.334156,23.800044],[90.334317,23.800015],[90.334323,23.800015],[90.334327,23.800015],[90.334361,23.800111],[90.33442,23.8002],[90.334419,23.8002],[90.334158,23.800208],[90.334084,23.800196]]]}},{"type":"Feature","properties":{"survey":"bds","sheet":"067","dag":"33360","label_bn":"33360","area_sqm":492.2},"geometry":{"type":"Polygon","coordinates":[[[90.335434,23.798837],[90.335515,23.798843],[90.335626,23.798851],[90.335621,23.799079],[90.335618,23.79909],[90.335534,23.799087],[90.335455,23.799085],[90.335448,23.799007],[90.335434,23.798837]]]}},{"type":"Feature","properties":{"survey":"bds","sheet":"067","dag":"33266","label_bn":"33266","area_sqm":496.3},"geometry":{"type":"Polygon","coordinates":[[[90.334792,23.800216],[90.334795,23.800199],[90.334796,23.800108],[90.334803,23.80007],[90.335015,23.800078],[90.335104,23.800082],[90.33509,23.800226],[90.334792,23.800216]]]}},{"type":"Feature","properties":{"survey":"bds","sheet":"067","dag":"33075","label_bn":"33075","area_sqm":460.6},"geometry":{"type":"Polygon","coordinates":[[[90.333446,23.799173],[90.333445,23.799178],[90.333438,23.799216],[90.333558,23.799255],[90.333616,23.79928],[90.333658,23.799297],[90.333728,23.799326],[90.333742,23.79933],[90.333892,23.799325],[90.333991,23.799333],[90.334054,23.79934],[90.334122,23.799343],[90.334172,23.799346],[90.334189,23.799345],[90.334206,23.799344],[90.334243,23.799334],[90.334288,23.799345],[90.33429,23.799345],[90.334403,23.799356],[90.334502,23.79936],[90.334504,23.79936],[90.334517,23.799359],[90.334556,23.799358],[90.334558,23.799376],[90.334551,23.799382],[90.334529,23.799379],[90.334519,23.799381],[90.334446,23.799375],[90.334383,23.799374],[90.334281,23.799369],[90.334271,23.799369],[90.334229,23.799367],[90.334194,23.799367],[90.334188,23.799367],[90.334166,23.799366],[90.334036,23.799364],[90.334028,23.799364],[90.333935,23.799362],[90.333845,23.799366],[90.333799,23.799369],[90.333772,23.799369],[90.333726,23.799362],[90.333668,23.799341],[90.333637,23.799329],[90.333624,23.799325],[90.333624,23.799325],[90.333551,23.799287],[90.333444,23.799253],[90.333265,23.799246],[90.333287,23.799207],[90.333425,23.799211],[90.333433,23.799173],[90.333434,23.799169],[90.333446,23.799173]]]}},{"type":"Feature","properties":{"survey":"bds","sheet":"067","dag":"33205","label_bn":"33205","area_sqm":507.7},"geometry":{"type":"Polygon","coordinates":[[[90.334287,23.799235],[90.33429,23.799145],[90.334297,23.799145],[90.334309,23.799146],[90.334425,23.799153],[90.334517,23.79916],[90.334513,23.799213],[90.33451,23.799264],[90.334501,23.799322],[90.334502,23.79936],[90.334403,23.799356],[90.33429,23.799345],[90.334288,23.799345],[90.334288,23.799327],[90.334287,23.799235]]]}},{"type":"Feature","properties":{"survey":"bds","sheet":"067","dag":"33262","label_bn":"33262","area_sqm":515.9},"geometry":{"type":"Polygon","coordinates":[[[90.334792,23.800375],[90.334912,23.800368],[90.335148,23.800377],[90.335127,23.800515],[90.334794,23.800493],[90.334795,23.800428],[90.334792,23.800375]]]}},{"type":"Feature","properties":{"survey":"bds","sheet":"067","dag":"33203","label_bn":"33203","area_sqm":528.0},"geometry":{"type":"Polygon","coordinates":[[[90.334243,23.799334],[90.334245,23.799322],[90.334249,23.799289],[90.33426,23.799168],[90.334261,23.799117],[90.334263,23.799082],[90.334264,23.799019],[90.334265,23.798998],[90.334264,23.798984],[90.334268,23.798842],[90.33427,23.798786],[90.334276,23.798638],[90.334278,23.798488],[90.334282,23.798469],[90.33429,23.798191],[90.334331,23.798174],[90.334328,23.798241],[90.334329,23.798257],[90.334327,23.798317],[90.334325,23.798401],[90.334319,23.798531],[90.334469,23.798527],[90.334546,23.798529],[90.334665,23.798503],[90.334737,23.798484],[90.334737,23.798495],[90.334702,23.798502],[90.334691,23.798507],[90.334654,23.798515],[90.334591,23.798529],[90.334533,23.798542],[90.334515,23.798544],[90.334503,23.798544],[90.334336,23.798547],[90.334312,23.798547],[90.334305,23.798733],[90.334298,23.798927],[90.334301,23.798937],[90.334296,23.799034],[90.334296,23.799034],[90.334292,23.799096],[90.33429,23.799145],[90.334287,23.799235],[90.334288,23.799327],[90.334288,23.799345],[90.334243,23.799334]]]}},{"type":"Feature","properties":{"survey":"bds","sheet":"067","dag":"33086","label_bn":"33086","area_sqm":531.3},"geometry":{"type":"Polygon","coordinates":[[[90.333202,23.798964],[90.333208,23.798928],[90.333232,23.798898],[90.333224,23.798841],[90.333462,23.798823],[90.333469,23.798982],[90.333466,23.799015],[90.333241,23.799031],[90.333227,23.798992],[90.333202,23.798964]]]}},{"type":"Feature","properties":{"survey":"bds","sheet":"067","dag":"33048","label_bn":"33048","area_sqm":531.8},"geometry":{"type":"Polygon","coordinates":[[[90.333945,23.799845],[90.333957,23.799843],[90.333959,23.799714],[90.334052,23.799702],[90.334054,23.799716],[90.334181,23.799707],[90.33414,23.799937],[90.333948,23.799937],[90.333945,23.799845]]]}},{"type":"Feature","properties":{"survey":"bds","sheet":"067","dag":"33227","label_bn":"33227","area_sqm":612.7},"geometry":{"type":"Polygon","coordinates":[[[90.334535,23.800101],[90.33454,23.800019],[90.334543,23.799993],[90.334555,23.799884],[90.334558,23.799878],[90.334723,23.799865],[90.334825,23.799865],[90.334824,23.799878],[90.33485,23.799892],[90.334889,23.799915],[90.33485,23.799965],[90.334841,23.799977],[90.334822,23.799974],[90.334718,23.79996],[90.334706,23.800106],[90.334659,23.800104],[90.334535,23.800101]]]}},{"type":"Feature","properties":{"survey":"bds","sheet":"067","dag":"33021","label_bn":"33021","area_sqm":556.7},"geometry":{"type":"Polygon","coordinates":[[[90.333601,23.799849],[90.33364,23.799852],[90.333708,23.799862],[90.333714,23.799866],[90.333761,23.799901],[90.333704,23.800039],[90.333684,23.800032],[90.333437,23.799985],[90.333422,23.799982],[90.333441,23.799843],[90.333472,23.799847],[90.333571,23.799844],[90.333601,23.799849]]]}},{"type":"Feature","properties":{"survey":"bds","sheet":"067","dag":"33019","label_bn":"33019","area_sqm":757.5},"geometry":{"type":"Polygon","coordinates":[[[90.333433,23.800059],[90.333733,23.800109],[90.333851,23.800148],[90.333799,23.800242],[90.333776,23.800262],[90.333738,23.800259],[90.333689,23.800261],[90.333564,23.800267],[90.333434,23.800275],[90.333433,23.80015],[90.333433,23.800059]]]}},{"type":"Feature","properties":{"survey":"bds","sheet":"067","dag":"33153","label_bn":"33153","area_sqm":765.6},"geometry":{"type":"Polygon","coordinates":[[[90.333842,23.798219],[90.333884,23.79822],[90.334017,23.798209],[90.334047,23.798208],[90.334177,23.798184],[90.334276,23.798157],[90.334275,23.798149],[90.334381,23.798127],[90.334396,23.798123],[90.334494,23.798097],[90.334606,23.798056],[90.334655,23.798046],[90.334695,23.798038],[90.334821,23.798029],[90.334889,23.798028],[90.334977,23.798027],[90.334998,23.798028],[90.335103,23.798034],[90.335223,23.798052],[90.335244,23.798053],[90.335371,23.798072],[90.3355,23.79809],[90.335511,23.798094],[90.335522,23.798095],[90.335609,23.798111],[90.335604,23.798152],[90.3356,23.798151],[90.335513,23.798136],[90.335505,23.798134],[90.335346,23.798108],[90.335327,23.7981],[90.335273,23.798096],[90.335264,23.798095],[90.335254,23.798094],[90.335222,23.79809],[90.335214,23.798089],[90.335186,23.798084],[90.335179,23.798083],[90.335133,23.798075],[90.335017,23.798067],[90.335001,23.798069],[90.334889,23.798069],[90.334835,23.798068],[90.334788,23.79807],[90.334775,23.798072],[90.334692,23.798082],[90.334606,23.798092],[90.33453,23.798115],[90.334473,23.798132],[90.334395,23.798147],[90.334331,23.798174],[90.33429,23.798191],[90.334275,23.798196],[90.334268,23.798198],[90.334181,23.798225],[90.334166,23.798224],[90.334104,23.798235],[90.334102,23.798235],[90.33403,23.798248],[90.333915,23.79826],[90.333911,23.798261],[90.333853,23.798264],[90.333842,23.798219]]]}},{"type":"Feature","properties":{"survey":"bds","sheet":"067","dag":"33189","label_bn":"33189","area_sqm":935.7},"geometry":{"type":"Polygon","coordinates":[[[90.334298,23.798927],[90.334305,23.798733],[90.334312,23.798547],[90.334336,23.798547],[90.334503,23.798544],[90.334515,23.798544],[90.334533,23.798542],[90.334535,23.798572],[90.334524,23.798574],[90.33453,23.798614],[90.334522,23.798616],[90.334522,23.798625],[90.33451,23.798623],[90.334516,23.79876],[90.33452,23.79887],[90.33452,23.798879],[90.33452,23.798884],[90.334519,23.79889],[90.334512,23.798928],[90.33451,23.798936],[90.334298,23.798927]]]}},{"type":"Feature","properties":{"survey":"bds","sheet":"067","dag":"33282","label_bn":"33282","area_sqm":1086.8},"geometry":{"type":"Polygon","coordinates":[[[90.335388,23.800236],[90.335403,23.800131],[90.33542,23.800002],[90.335431,23.799897],[90.335441,23.799804],[90.335485,23.7997],[90.335529,23.799601],[90.33561,23.799608],[90.335668,23.799614],[90.335626,23.799761],[90.335625,23.79986],[90.335617,23.799858],[90.335573,23.799973],[90.335555,23.800052],[90.335501,23.800239],[90.335388,23.800236]]]}},{"type":"Feature","properties":{"survey":"bds","sheet":"067","dag":"33080","label_bn":"33080","area_sqm":1097.1},"geometry":{"type":"Polygon","coordinates":[[[90.333558,23.799255],[90.33356,23.799248],[90.333563,23.799241],[90.333608,23.799118],[90.333646,23.799011],[90.333651,23.798989],[90.333763,23.798994],[90.333919,23.799004],[90.33391,23.799092],[90.333905,23.799164],[90.333892,23.799325],[90.333742,23.79933],[90.333728,23.799326],[90.333658,23.799297],[90.333616,23.79928],[90.333558,23.799255]]]}},{"type":"Feature","properties":{"survey":"bds","sheet":"067","dag":"33351","label_bn":"33351","area_sqm":1105.6},"geometry":{"type":"Polygon","coordinates":[[[90.335257,23.798682],[90.335284,23.798506],[90.33532,23.798265],[90.335345,23.798111],[90.335346,23.798108],[90.335505,23.798134],[90.335513,23.798136],[90.335513,23.798138],[90.335511,23.798149],[90.335496,23.798247],[90.335485,23.798322],[90.33548,23.798362],[90.335453,23.798534],[90.335427,23.798689],[90.335257,23.798682]]]}},{"type":"Feature","properties":{"survey":"bds","sheet":"067","dag":"33026","label_bn":"33026","area_sqm":1264.3},"geometry":{"type":"Polygon","coordinates":[[[90.333011,23.799587],[90.332987,23.799486],[90.332979,23.799476],[90.332998,23.799459],[90.333059,23.799413],[90.333144,23.799337],[90.333247,23.799431],[90.333257,23.799511],[90.333414,23.799531],[90.333405,23.799546],[90.333405,23.799547],[90.333331,23.799765],[90.333068,23.799735],[90.333011,23.799587]]]}},{"type":"Feature","properties":{"survey":"bds","sheet":"067","dag":"33057","label_bn":"33057","area_sqm":1399.9},"geometry":{"type":"Polygon","coordinates":[[[90.33414,23.799937],[90.334181,23.799707],[90.3342,23.7996],[90.334195,23.799388],[90.334194,23.799367],[90.334229,23.799367],[90.334271,23.799369],[90.334281,23.799369],[90.334383,23.799374],[90.334383,23.799396],[90.334385,23.799461],[90.334384,23.799512],[90.334384,23.799548],[90.334383,23.799602],[90.334382,23.79972],[90.334343,23.799723],[90.334347,23.799801],[90.334347,23.79989],[90.334323,23.800015],[90.334317,23.800015],[90.334156,23.800044],[90.33414,23.799937]]]}},{"type":"Feature","properties":{"survey":"bds","sheet":"067","dag":"33059","label_bn":"33059","area_sqm":2895.0},"geometry":{"type":"Polygon","coordinates":[[[90.333938,23.800557],[90.333958,23.800372],[90.333991,23.80028],[90.334042,23.800234],[90.334084,23.800196],[90.334158,23.800208],[90.334419,23.8002],[90.334464,23.800315],[90.334475,23.800316],[90.3345,23.800353],[90.334519,23.800383],[90.334529,23.800527],[90.334535,23.800663],[90.334025,23.800707],[90.333938,23.800557]]]}},{"type":"Feature","properties":{"survey":"bds","sheet":"067","dag":"33022","label_bn":"33022","area_sqm":90.9},"geometry":{"type":"Polygon","coordinates":[[[90.333708,23.799862],[90.33364,23.799852],[90.333601,23.799849],[90.333571,23.799844],[90.333472,23.799847],[90.333441,23.799843],[90.333446,23.799806],[90.333652,23.79982],[90.333708,23.799862]]]}},{"type":"Feature","properties":{"survey":"bds","sheet":"067","dag":"33084","label_bn":"33084","area_sqm":43.2},"geometry":{"type":"Polygon","coordinates":[[[90.333434,23.799169],[90.333456,23.799068],[90.333466,23.799015],[90.333469,23.798982],[90.333565,23.798992],[90.333571,23.798931],[90.333583,23.798933],[90.333572,23.799001],[90.333482,23.798992],[90.333461,23.799104],[90.333452,23.799146],[90.333446,23.799173],[90.333434,23.799169]]]}}]}