{"type":"FeatureCollection","features":[{"type":"Feature","properties":{"survey":"bds","sheet":"070","dag":"34888","label_bn":"34888","area_sqm":5.5},"geometry":{"type":"Polygon","coordinates":[[[90.331839,23.798876],[90.331841,23.798859],[90.33187,23.798872],[90.331908,23.798883],[90.331839,23.798876]]]}},{"type":"Feature","properties":{"survey":"bds","sheet":"070","dag":"34795","label_bn":"34795","area_sqm":6.9},"geometry":{"type":"Polygon","coordinates":[[[90.333169,23.798481],[90.333172,23.798465],[90.333228,23.798464],[90.333227,23.79847],[90.33322,23.798472],[90.333169,23.798481]]]}},{"type":"Feature","properties":{"survey":"bds","sheet":"070","dag":"34592","label_bn":"34592","area_sqm":8.4},"geometry":{"type":"Polygon","coordinates":[[[90.332646,23.799588],[90.332731,23.799576],[90.332734,23.799576],[90.33271,23.799591],[90.332646,23.799595],[90.332646,23.799588]]]}},{"type":"Feature","properties":{"survey":"bds","sheet":"070","dag":"34837","label_bn":"34837","area_sqm":9.2},"geometry":{"type":"Polygon","coordinates":[[[90.33238,23.798371],[90.332383,23.798358],[90.332427,23.79837],[90.332452,23.798373],[90.332448,23.798385],[90.33238,23.798371]]]}},{"type":"Feature","properties":{"survey":"bds","sheet":"070","dag":"34682","label_bn":"34682","area_sqm":9.3},"geometry":{"type":"Polygon","coordinates":[[[90.332535,23.799091],[90.332572,23.799011],[90.332555,23.799093],[90.332535,23.799091]]]}},{"type":"Feature","properties":{"survey":"bds","sheet":"070","dag":"34695","label_bn":"34695","area_sqm":9.4},"geometry":{"type":"Polygon","coordinates":[[[90.332877,23.798956],[90.332895,23.798954],[90.332945,23.798952],[90.332968,23.798952],[90.332969,23.798964],[90.332942,23.798963],[90.332887,23.798961],[90.332877,23.798961],[90.332877,23.798956]]]}},{"type":"Feature","properties":{"survey":"bds","sheet":"070","dag":"34765","label_bn":"34765","area_sqm":10.3},"geometry":{"type":"Polygon","coordinates":[[[90.332436,23.798814],[90.332443,23.798814],[90.332449,23.798814],[90.332451,23.798919],[90.332446,23.798919],[90.332442,23.798879],[90.332437,23.798822],[90.332436,23.798814]]]}},{"type":"Feature","properties":{"survey":"bds","sheet":"070","dag":"34780","label_bn":"34780","area_sqm":10.3},"geometry":{"type":"Polygon","coordinates":[[[90.332998,23.798915],[90.333,23.798877],[90.333008,23.798813],[90.33301,23.798801],[90.333016,23.798801],[90.333016,23.798802],[90.333006,23.798915],[90.332998,23.798915]]]}},{"type":"Feature","properties":{"survey":"bds","sheet":"070","dag":"34651","label_bn":"34651","area_sqm":11.0},"geometry":{"type":"Polygon","coordinates":[[[90.331334,23.799361],[90.33134,23.799346],[90.331342,23.799347],[90.331391,23.799386],[90.331405,23.799391],[90.331402,23.799403],[90.331334,23.799361]]]}},{"type":"Feature","properties":{"survey":"bds","sheet":"070","dag":"34684","label_bn":"34684","area_sqm":11.2},"geometry":{"type":"Polygon","coordinates":[[[90.332387,23.798954],[90.332387,23.79895],[90.332456,23.798951],[90.332483,23.798948],[90.332583,23.798963],[90.332583,23.798964],[90.332461,23.798955],[90.332398,23.798955],[90.332387,23.798954]]]}},{"type":"Feature","properties":{"survey":"bds","sheet":"070","dag":"34686","label_bn":"34686","area_sqm":11.4},"geometry":{"type":"Polygon","coordinates":[[[90.332601,23.799038],[90.332612,23.79898],[90.332616,23.798956],[90.332704,23.798961],[90.332705,23.798961],[90.332705,23.798964],[90.332634,23.798967],[90.332623,23.79897],[90.332606,23.799024],[90.332601,23.799038]]]}},{"type":"Feature","properties":{"survey":"bds","sheet":"070","dag":"34835","label_bn":"34835","area_sqm":11.8},"geometry":{"type":"Polygon","coordinates":[[[90.332372,23.798355],[90.332398,23.798253],[90.332405,23.798254],[90.332383,23.798358],[90.332377,23.798357],[90.332372,23.798355]]]}},{"type":"Feature","properties":{"survey":"bds","sheet":"070","dag":"34703","label_bn":"34703","area_sqm":11.8},"geometry":{"type":"Polygon","coordinates":[[[90.332986,23.798951],[90.333005,23.798951],[90.333078,23.798953],[90.333079,23.79896],[90.333056,23.798963],[90.332997,23.798965],[90.332987,23.798965],[90.332986,23.798951]]]}},{"type":"Feature","properties":{"survey":"bds","sheet":"070","dag":"34887","label_bn":"34887","area_sqm":11.8},"geometry":{"type":"Polygon","coordinates":[[[90.332301,23.798725],[90.332301,23.798716],[90.332405,23.798716],[90.332427,23.798716],[90.332428,23.798724],[90.332301,23.798725]]]}},{"type":"Feature","properties":{"survey":"bds","sheet":"070","dag":"34590","label_bn":"34590","area_sqm":11.9},"geometry":{"type":"Polygon","coordinates":[[[90.332498,23.799604],[90.332498,23.799593],[90.332608,23.799589],[90.332608,23.799597],[90.332498,23.799604]]]}},{"type":"Feature","properties":{"survey":"bds","sheet":"070","dag":"34839","label_bn":"34839","area_sqm":12.0},"geometry":{"type":"Polygon","coordinates":[[[90.332596,23.798273],[90.332605,23.79827],[90.332632,23.798372],[90.332622,23.798376],[90.332596,23.798273]]]}},{"type":"Feature","properties":{"survey":"bds","sheet":"070","dag":"34882","label_bn":"34882","area_sqm":12.0},"geometry":{"type":"Polygon","coordinates":[[[90.331238,23.799884],[90.33124,23.799874],[90.331278,23.799886],[90.33129,23.79989],[90.331343,23.799906],[90.331341,23.799915],[90.331238,23.799884]]]}},{"type":"Feature","properties":{"survey":"bds","sheet":"070","dag":"34813","label_bn":"34813","area_sqm":12.2},"geometry":{"type":"Polygon","coordinates":[[[90.331868,23.798192],[90.331891,23.798178],[90.331896,23.798187],[90.331908,23.798215],[90.33194,23.798239],[90.331906,23.798225],[90.33188,23.798208],[90.331868,23.798192]]]}},{"type":"Feature","properties":{"survey":"bds","sheet":"070","dag":"34624","label_bn":"34624","area_sqm":12.9},"geometry":{"type":"Polygon","coordinates":[[[90.330704,23.798887],[90.33075,23.798864],[90.330748,23.798891],[90.330746,23.798916],[90.330707,23.798889],[90.330704,23.798887]]]}},{"type":"Feature","properties":{"survey":"bds","sheet":"070","dag":"34794","label_bn":"34794","area_sqm":13.2},"geometry":{"type":"Polygon","coordinates":[[[90.333106,23.798491],[90.333111,23.798466],[90.333165,23.798465],[90.333166,23.798465],[90.333172,23.798465],[90.333169,23.798481],[90.333163,23.798482],[90.333155,23.798483],[90.333114,23.798487],[90.333106,23.798491]]]}},{"type":"Feature","properties":{"survey":"bds","sheet":"070","dag":"34730","label_bn":"34730","area_sqm":13.3},"geometry":{"type":"Polygon","coordinates":[[[90.331673,23.79863],[90.331679,23.798555],[90.331709,23.79856],[90.331704,23.79857],[90.331686,23.798605],[90.331673,23.79863]]]}},{"type":"Feature","properties":{"survey":"bds","sheet":"070","dag":"34763","label_bn":"34763","area_sqm":14.2},"geometry":{"type":"Polygon","coordinates":[[[90.332425,23.798654],[90.332444,23.798654],[90.332448,23.798706],[90.332448,23.798716],[90.332436,23.798716],[90.332427,23.798716],[90.332426,23.798673],[90.332425,23.798654]]]}},{"type":"Feature","properties":{"survey":"bds","sheet":"070","dag":"34647","label_bn":"34647","area_sqm":14.7},"geometry":{"type":"Polygon","coordinates":[[[90.331275,23.799321],[90.331282,23.799301],[90.33134,23.799346],[90.331334,23.799361],[90.331275,23.799321]]]}},{"type":"Feature","properties":{"survey":"bds","sheet":"070","dag":"34706","label_bn":"34706","area_sqm":15.0},"geometry":{"type":"Polygon","coordinates":[[[90.333128,23.799309],[90.333128,23.799304],[90.33313,23.799303],[90.333153,23.799281],[90.333204,23.79925],[90.333245,23.799206],[90.333246,23.799206],[90.33325,23.799222],[90.333248,23.799222],[90.333167,23.799285],[90.333128,23.799309]]]}},{"type":"Feature","properties":{"survey":"bds","sheet":"070","dag":"34742","label_bn":"34742","area_sqm":15.6},"geometry":{"type":"Polygon","coordinates":[[[90.332142,23.798345],[90.332143,23.798319],[90.332197,23.798322],[90.332195,23.798347],[90.332143,23.798345],[90.332142,23.798345]]]}},{"type":"Feature","properties":{"survey":"bds","sheet":"070","dag":"34818","label_bn":"34818","area_sqm":16.1},"geometry":{"type":"Polygon","coordinates":[[[90.332202,23.798291],[90.332204,23.798197],[90.332204,23.798134],[90.332205,23.798121],[90.332214,23.798121],[90.332213,23.798131],[90.332212,23.798203],[90.332209,23.798294],[90.332202,23.798291]]]}},{"type":"Feature","properties":{"survey":"bds","sheet":"070","dag":"34652","label_bn":"34652","area_sqm":16.5},"geometry":{"type":"Polygon","coordinates":[[[90.331402,23.799403],[90.331405,23.799391],[90.331423,23.799398],[90.331459,23.799412],[90.331511,23.799425],[90.331536,23.799431],[90.331535,23.799443],[90.331402,23.799403]]]}},{"type":"Feature","properties":{"survey":"bds","sheet":"070","dag":"34761","label_bn":"34761","area_sqm":16.6},"geometry":{"type":"Polygon","coordinates":[[[90.332411,23.798481],[90.332433,23.798483],[90.332431,23.798527],[90.332435,23.798568],[90.33242,23.798568],[90.332419,23.79856],[90.332411,23.798481]]]}},{"type":"Feature","properties":{"survey":"bds","sheet":"070","dag":"34762","label_bn":"34762","area_sqm":17.0},"geometry":{"type":"Polygon","coordinates":[[[90.33242,23.798568],[90.332435,23.798568],[90.332444,23.798654],[90.332425,23.798654],[90.33242,23.798568]]]}},{"type":"Feature","properties":{"survey":"bds","sheet":"070","dag":"34803","label_bn":"34803","area_sqm":17.0},"geometry":{"type":"Polygon","coordinates":[[[90.331772,23.798096],[90.331796,23.798081],[90.331799,23.79808],[90.331835,23.798116],[90.331811,23.798131],[90.331772,23.798096]]]}},{"type":"Feature","properties":{"survey":"bds","sheet":"070","dag":"34764","label_bn":"34764","area_sqm":17.2},"geometry":{"type":"Polygon","coordinates":[[[90.332428,23.798724],[90.332448,23.798724],[90.332449,23.798814],[90.332443,23.798814],[90.332436,23.798814],[90.332433,23.798777],[90.332428,23.798731],[90.332428,23.798724]]]}},{"type":"Feature","properties":{"survey":"bds","sheet":"070","dag":"34721","label_bn":"34721","area_sqm":18.5},"geometry":{"type":"Polygon","coordinates":[[[90.331561,23.798743],[90.331584,23.798736],[90.331604,23.798719],[90.331629,23.798692],[90.331635,23.798684],[90.331629,23.798742],[90.331573,23.798748],[90.331561,23.798743]]]}},{"type":"Feature","properties":{"survey":"bds","sheet":"070","dag":"34583","label_bn":"34583","area_sqm":19.1},"geometry":{"type":"Polygon","coordinates":[[[90.332376,23.799598],[90.332498,23.799593],[90.332498,23.799604],[90.332493,23.799604],[90.332378,23.799615],[90.332376,23.799615],[90.332376,23.799598]]]}},{"type":"Feature","properties":{"survey":"bds","sheet":"070","dag":"34883","label_bn":"34883","area_sqm":19.2},"geometry":{"type":"Polygon","coordinates":[[[90.332522,23.799436],[90.332537,23.799367],[90.332555,23.799272],[90.332555,23.799301],[90.332554,23.799347],[90.332539,23.799427],[90.332522,23.799436]]]}},{"type":"Feature","properties":{"survey":"bds","sheet":"070","dag":"34753","label_bn":"34753","area_sqm":19.4},"geometry":{"type":"Polygon","coordinates":[[[90.332402,23.79892],[90.332402,23.798879],[90.332442,23.798879],[90.332446,23.798919],[90.332423,23.798919],[90.332402,23.79892]]]}},{"type":"Feature","properties":{"survey":"bds","sheet":"070","dag":"34713","label_bn":"34713","area_sqm":21.5},"geometry":{"type":"Polygon","coordinates":[[[90.330996,23.798758],[90.331017,23.798758],[90.331075,23.798753],[90.33108,23.798776],[90.331001,23.798783],[90.330996,23.798758]]]}},{"type":"Feature","properties":{"survey":"bds","sheet":"070","dag":"34783","label_bn":"34783","area_sqm":22.4},"geometry":{"type":"Polygon","coordinates":[[[90.332916,23.798606],[90.332919,23.79859],[90.33304,23.798603],[90.333038,23.798616],[90.333038,23.798618],[90.333017,23.798616],[90.332916,23.798606]]]}},{"type":"Feature","properties":{"survey":"bds","sheet":"070","dag":"34691","label_bn":"34691","area_sqm":22.5},"geometry":{"type":"Polygon","coordinates":[[[90.332748,23.799506],[90.332796,23.7995],[90.332911,23.799483],[90.332893,23.79949],[90.332841,23.799502],[90.33284,23.799503],[90.332749,23.799532],[90.332749,23.799515],[90.332748,23.799506]]]}},{"type":"Feature","properties":{"survey":"bds","sheet":"070","dag":"34635","label_bn":"34635","area_sqm":23.2},"geometry":{"type":"Polygon","coordinates":[[[90.331037,23.798843],[90.331064,23.798842],[90.331069,23.798916],[90.33104,23.798916],[90.331037,23.798843]]]}},{"type":"Feature","properties":{"survey":"bds","sheet":"070","dag":"34719","label_bn":"34719","area_sqm":23.2},"geometry":{"type":"Polygon","coordinates":[[[90.331344,23.798756],[90.33135,23.798736],[90.331362,23.798737],[90.331378,23.798738],[90.33147,23.798748],[90.331501,23.798749],[90.331532,23.798749],[90.331554,23.798744],[90.331561,23.798743],[90.331573,23.798748],[90.331572,23.798749],[90.331392,23.798756],[90.331356,23.798758],[90.331355,23.798758],[90.331344,23.798756]]]}},{"type":"Feature","properties":{"survey":"bds","sheet":"070","dag":"34618","label_bn":"34618","area_sqm":24.4},"geometry":{"type":"Polygon","coordinates":[[[90.333326,23.799807],[90.333328,23.799794],[90.333446,23.799806],[90.333443,23.799828],[90.333364,23.799815],[90.333326,23.799807]]]}},{"type":"Feature","properties":{"survey":"bds","sheet":"070","dag":"34701","label_bn":"34701","area_sqm":25.2},"geometry":{"type":"Polygon","coordinates":[[[90.332968,23.798952],[90.332986,23.798951],[90.332987,23.798965],[90.332988,23.798977],[90.332995,23.799074],[90.332977,23.799076],[90.332975,23.799046],[90.33297,23.798977],[90.332969,23.798964],[90.332968,23.798952]]]}},{"type":"Feature","properties":{"survey":"bds","sheet":"070","dag":"34529","label_bn":"34529","area_sqm":25.3},"geometry":{"type":"Polygon","coordinates":[[[90.331421,23.79994],[90.331449,23.799827],[90.331466,23.799826],[90.331441,23.799946],[90.331421,23.79994]]]}},{"type":"Feature","properties":{"survey":"bds","sheet":"070","dag":"34812","label_bn":"34812","area_sqm":26.8},"geometry":{"type":"Polygon","coordinates":[[[90.331811,23.798131],[90.331835,23.798116],[90.331843,23.798125],[90.33186,23.79814],[90.331883,23.798166],[90.331891,23.798178],[90.331868,23.798192],[90.331811,23.798131]]]}},{"type":"Feature","properties":{"survey":"bds","sheet":"070","dag":"34816","label_bn":"34816","area_sqm":27.1},"geometry":{"type":"Polygon","coordinates":[[[90.332095,23.798287],[90.332101,23.798196],[90.332105,23.798107],[90.332116,23.798106],[90.332113,23.798196],[90.33211,23.798288],[90.332095,23.798287]]]}},{"type":"Feature","properties":{"survey":"bds","sheet":"070","dag":"34743","label_bn":"34743","area_sqm":27.7},"geometry":{"type":"Polygon","coordinates":[[[90.332195,23.798347],[90.332197,23.798322],[90.332245,23.798338],[90.332311,23.798367],[90.332309,23.798386],[90.332242,23.798358],[90.332206,23.798348],[90.332195,23.798347]]]}},{"type":"Feature","properties":{"survey":"bds","sheet":"070","dag":"34878","label_bn":"34878","area_sqm":29.5},"geometry":{"type":"Polygon","coordinates":[[[90.333121,23.7979],[90.33313,23.797846],[90.333217,23.797902],[90.33324,23.797908],[90.33317,23.797899],[90.333121,23.7979]]]}},{"type":"Feature","properties":{"survey":"bds","sheet":"070","dag":"34718","label_bn":"34718","area_sqm":29.9},"geometry":{"type":"Polygon","coordinates":[[[90.331206,23.798759],[90.331207,23.798741],[90.331271,23.798737],[90.33132,23.798735],[90.331349,23.798736],[90.33135,23.798736],[90.331344,23.798756],[90.331325,23.798754],[90.331206,23.798759]]]}},{"type":"Feature","properties":{"survey":"bds","sheet":"070","dag":"34557","label_bn":"34557","area_sqm":31.1},"geometry":{"type":"Polygon","coordinates":[[[90.331423,23.799815],[90.331453,23.799754],[90.331488,23.799771],[90.331466,23.799826],[90.331449,23.799827],[90.331423,23.799815]]]}},{"type":"Feature","properties":{"survey":"bds","sheet":"070","dag":"34714","label_bn":"34714","area_sqm":31.1},"geometry":{"type":"Polygon","coordinates":[[[90.331075,23.798753],[90.331084,23.798752],[90.331089,23.798751],[90.331186,23.798742],[90.331206,23.798741],[90.331207,23.798741],[90.331206,23.798759],[90.331101,23.798774],[90.33108,23.798776],[90.331075,23.798753]]]}},{"type":"Feature","properties":{"survey":"bds","sheet":"070","dag":"34840","label_bn":"34840","area_sqm":32.8},"geometry":{"type":"Polygon","coordinates":[[[90.332632,23.798372],[90.33265,23.798365],[90.332685,23.798352],[90.332719,23.79833],[90.332737,23.798322],[90.332753,23.798318],[90.332793,23.79832],[90.332765,23.798333],[90.332753,23.798338],[90.332742,23.798344],[90.332718,23.798355],[90.332719,23.798362],[90.332635,23.798384],[90.332633,23.798376],[90.332632,23.798372]]]}},{"type":"Feature","properties":{"survey":"bds","sheet":"070","dag":"34843","label_bn":"34843","area_sqm":32.9},"geometry":{"type":"Polygon","coordinates":[[[90.332918,23.798346],[90.332919,23.79834],[90.332944,23.798343],[90.333003,23.798351],[90.333042,23.798364],[90.33307,23.798392],[90.333077,23.798403],[90.333035,23.798389],[90.332918,23.798346]]]}},{"type":"Feature","properties":{"survey":"bds","sheet":"070","dag":"34507","label_bn":"34507","area_sqm":33.7},"geometry":{"type":"Polygon","coordinates":[[[90.331237,23.800175],[90.331274,23.800066],[90.331299,23.800075],[90.331264,23.800178],[90.331237,23.800175]]]}},{"type":"Feature","properties":{"survey":"bds","sheet":"070","dag":"34650","label_bn":"34650","area_sqm":33.9},"geometry":{"type":"Polygon","coordinates":[[[90.33134,23.799346],[90.331349,23.799321],[90.331419,23.799344],[90.331405,23.799391],[90.331391,23.799386],[90.331342,23.799347],[90.33134,23.799346]]]}},{"type":"Feature","properties":{"survey":"bds","sheet":"070","dag":"34655","label_bn":"34655","area_sqm":34.0},"geometry":{"type":"Polygon","coordinates":[[[90.331535,23.799443],[90.331536,23.799431],[90.331563,23.799437],[90.331629,23.799444],[90.331695,23.799461],[90.331691,23.799483],[90.331535,23.799443]]]}},{"type":"Feature","properties":{"survey":"bds","sheet":"070","dag":"34576","label_bn":"34576","area_sqm":34.5},"geometry":{"type":"Polygon","coordinates":[[[90.332204,23.799598],[90.332227,23.799602],[90.33234,23.7996],[90.33234,23.799618],[90.332295,23.799622],[90.332228,23.799627],[90.332212,23.799629],[90.332205,23.799629],[90.332204,23.799598]]]}},{"type":"Feature","properties":{"survey":"bds","sheet":"070","dag":"34886","label_bn":"34886","area_sqm":35.2},"geometry":{"type":"Polygon","coordinates":[[[90.331733,23.799785],[90.331762,23.799718],[90.331808,23.799535],[90.33182,23.799536],[90.33182,23.799537],[90.331773,23.79972],[90.331745,23.799787],[90.331733,23.799785]]]}},{"type":"Feature","properties":{"survey":"bds","sheet":"070","dag":"34656","label_bn":"34656","area_sqm":36.0},"geometry":{"type":"Polygon","coordinates":[[[90.331691,23.799483],[90.331695,23.799461],[90.331703,23.799463],[90.331785,23.79948],[90.331866,23.799497],[90.331923,23.799514],[90.331859,23.799506],[90.331753,23.799493],[90.331691,23.799483]]]}},{"type":"Feature","properties":{"survey":"bds","sheet":"070","dag":"34510","label_bn":"34510","area_sqm":37.1},"geometry":{"type":"Polygon","coordinates":[[[90.331619,23.800229],[90.331651,23.800136],[90.331684,23.800148],[90.331657,23.800228],[90.331619,23.800229]]]}},{"type":"Feature","properties":{"survey":"bds","sheet":"070","dag":"34542","label_bn":"34542","area_sqm":37.1},"geometry":{"type":"Polygon","coordinates":[[[90.33092,23.799823],[90.331005,23.799719],[90.331028,23.799727],[90.331004,23.799757],[90.330999,23.799763],[90.330942,23.799837],[90.33092,23.799823]]]}},{"type":"Feature","properties":{"survey":"bds","sheet":"070","dag":"34676","label_bn":"34676","area_sqm":128.6},"geometry":{"type":"Polygon","coordinates":[[[90.332494,23.799433],[90.33249,23.799454],[90.332471,23.799545],[90.332469,23.799556],[90.332467,23.799558],[90.332462,23.799559],[90.332452,23.799559],[90.332427,23.799558],[90.332402,23.799558],[90.332383,23.799558],[90.332407,23.79945],[90.332412,23.799425],[90.332475,23.799424],[90.332476,23.799424],[90.332495,23.799423],[90.332494,23.799433]]]}},{"type":"Feature","properties":{"survey":"bds","sheet":"070","dag":"34785","label_bn":"34785","area_sqm":39.1},"geometry":{"type":"Polygon","coordinates":[[[90.332992,23.798398],[90.333008,23.798402],[90.333076,23.798449],[90.333068,23.798529],[90.333067,23.798535],[90.333065,23.798535],[90.33306,23.798535],[90.333055,23.79856],[90.33305,23.798589],[90.333047,23.798604],[90.33304,23.798603],[90.333041,23.798598],[90.333042,23.798588],[90.333047,23.798533],[90.333048,23.798488],[90.333044,23.798447],[90.333037,23.79843],[90.333019,23.798414],[90.332992,23.798398]]]}},{"type":"Feature","properties":{"survey":"bds","sheet":"070","dag":"34505","label_bn":"34505","area_sqm":39.9},"geometry":{"type":"Polygon","coordinates":[[[90.330938,23.800153],[90.330974,23.800066],[90.331011,23.800076],[90.330986,23.800135],[90.330973,23.800163],[90.330938,23.800153]]]}},{"type":"Feature","properties":{"survey":"bds","sheet":"070","dag":"34681","label_bn":"34681","area_sqm":39.9},"geometry":{"type":"Polygon","coordinates":[[[90.332522,23.799297],[90.332523,23.799196],[90.332512,23.79914],[90.332535,23.799091],[90.332555,23.799093],[90.332522,23.799297],[90.332522,23.799297]]]}},{"type":"Feature","properties":{"survey":"bds","sheet":"070","dag":"34606","label_bn":"34606","area_sqm":40.2},"geometry":{"type":"Polygon","coordinates":[[[90.332944,23.800071],[90.332945,23.80006],[90.33295,23.80001],[90.33299,23.799973],[90.333004,23.799975],[90.333016,23.799976],[90.333033,23.799978],[90.333031,23.799986],[90.332944,23.800071]]]}},{"type":"Feature","properties":{"survey":"bds","sheet":"070","dag":"34791","label_bn":"34791","area_sqm":40.8},"geometry":{"type":"Polygon","coordinates":[[[90.333079,23.798617],[90.333092,23.798558],[90.333151,23.798563],[90.333143,23.79862],[90.333079,23.798617]]]}},{"type":"Feature","properties":{"survey":"bds","sheet":"070","dag":"34532","label_bn":"34532","area_sqm":41.5},"geometry":{"type":"Polygon","coordinates":[[[90.331361,23.800058],[90.331374,23.799995],[90.331428,23.800003],[90.331416,23.80007],[90.331361,23.800058]]]}},{"type":"Feature","properties":{"survey":"bds","sheet":"070","dag":"34533","label_bn":"34533","area_sqm":42.4},"geometry":{"type":"Polygon","coordinates":[[[90.331305,23.800047],[90.331323,23.799979],[90.331323,23.799979],[90.331374,23.799995],[90.331361,23.800058],[90.331305,23.800047]]]}},{"type":"Feature","properties":{"survey":"bds","sheet":"070","dag":"34804","label_bn":"34804","area_sqm":45.3},"geometry":{"type":"Polygon","coordinates":[[[90.331799,23.79808],[90.331894,23.798035],[90.331895,23.798038],[90.331903,23.798073],[90.331835,23.798116],[90.331799,23.79808]]]}},{"type":"Feature","properties":{"survey":"bds","sheet":"070","dag":"34822","label_bn":"34822","area_sqm":45.6},"geometry":{"type":"Polygon","coordinates":[[[90.332068,23.797693],[90.332087,23.797694],[90.332106,23.797695],[90.332121,23.797798],[90.33208,23.797794],[90.332068,23.797693]]]}},{"type":"Feature","properties":{"survey":"bds","sheet":"070","dag":"34823","label_bn":"34823","area_sqm":45.8},"geometry":{"type":"Polygon","coordinates":[[[90.332106,23.797695],[90.332145,23.797699],[90.332162,23.797802],[90.332121,23.797798],[90.332106,23.797695]]]}},{"type":"Feature","properties":{"survey":"bds","sheet":"070","dag":"34760","label_bn":"34760","area_sqm":47.0},"geometry":{"type":"Polygon","coordinates":[[[90.33232,23.798391],[90.332323,23.798371],[90.332436,23.798413],[90.332435,23.798433],[90.332434,23.798446],[90.332433,23.798483],[90.332411,23.798481],[90.332406,23.79843],[90.332374,23.798417],[90.33232,23.798391]]]}},{"type":"Feature","properties":{"survey":"bds","sheet":"070","dag":"34607","label_bn":"34607","area_sqm":47.3},"geometry":{"type":"Polygon","coordinates":[[[90.332821,23.800166],[90.332887,23.800092],[90.33295,23.80001],[90.332945,23.80006],[90.332944,23.800071],[90.332939,23.800076],[90.332883,23.800128],[90.332838,23.80017],[90.332832,23.800168],[90.332821,23.800166]]]}},{"type":"Feature","properties":{"survey":"bds","sheet":"070","dag":"34859","label_bn":"34859","area_sqm":47.4},"geometry":{"type":"Polygon","coordinates":[[[90.332448,23.797686],[90.33245,23.797544],[90.332484,23.797544],[90.332478,23.79757],[90.332477,23.797686],[90.332448,23.797686]]]}},{"type":"Feature","properties":{"survey":"bds","sheet":"070","dag":"34884","label_bn":"34884","area_sqm":48.2},"geometry":{"type":"Polygon","coordinates":[[[90.331596,23.797693],[90.331761,23.797575],[90.331763,23.797574],[90.331765,23.797578],[90.331759,23.797583],[90.331728,23.79761],[90.331689,23.797648],[90.33166,23.797686],[90.331633,23.797729],[90.331596,23.797693]]]}},{"type":"Feature","properties":{"survey":"bds","sheet":"070","dag":"34824","label_bn":"34824","area_sqm":49.1},"geometry":{"type":"Polygon","coordinates":[[[90.332145,23.797699],[90.332186,23.797699],[90.332203,23.797807],[90.332162,23.797802],[90.332145,23.797699]]]}},{"type":"Feature","properties":{"survey":"bds","sheet":"070","dag":"34646","label_bn":"34646","area_sqm":49.5},"geometry":{"type":"Polygon","coordinates":[[[90.331128,23.799222],[90.331142,23.799217],[90.331159,23.79921],[90.331161,23.799202],[90.33117,23.79921],[90.331212,23.799246],[90.331277,23.799297],[90.331282,23.799301],[90.331275,23.799321],[90.331207,23.799275],[90.331128,23.799222]]]}},{"type":"Feature","properties":{"survey":"bds","sheet":"070","dag":"34793","label_bn":"34793","area_sqm":51.7},"geometry":{"type":"Polygon","coordinates":[[[90.333092,23.798558],[90.333104,23.798499],[90.333106,23.798491],[90.333114,23.798487],[90.333155,23.798483],[90.333163,23.798482],[90.333169,23.798481],[90.333152,23.798558],[90.333151,23.798563],[90.333092,23.798558]]]}},{"type":"Feature","properties":{"survey":"bds","sheet":"070","dag":"34811","label_bn":"34811","area_sqm":52.5},"geometry":{"type":"Polygon","coordinates":[[[90.331835,23.798116],[90.331903,23.798073],[90.33192,23.798161],[90.331891,23.798178],[90.331883,23.798166],[90.33186,23.79814],[90.331843,23.798125],[90.331835,23.798116]]]}},{"type":"Feature","properties":{"survey":"bds","sheet":"070","dag":"34575","label_bn":"34575","area_sqm":53.9},"geometry":{"type":"Polygon","coordinates":[[[90.331975,23.79956],[90.332204,23.799598],[90.332205,23.799629],[90.332172,23.79963],[90.332069,23.799593],[90.331975,23.79956]]]}},{"type":"Feature","properties":{"survey":"bds","sheet":"070","dag":"34614","label_bn":"34614","area_sqm":60.7},"geometry":{"type":"Polygon","coordinates":[[[90.333418,23.800007],[90.333309,23.800003],[90.333198,23.799993],[90.333134,23.799988],[90.333134,23.799988],[90.333064,23.799981],[90.333062,23.799981],[90.333033,23.799978],[90.333016,23.799976],[90.333004,23.799975],[90.33299,23.799973],[90.333007,23.799959],[90.333022,23.79996],[90.333038,23.799963],[90.333216,23.799986],[90.333305,23.799993],[90.333421,23.79999],[90.333418,23.800007]]]}},{"type":"Feature","properties":{"survey":"bds","sheet":"070","dag":"34758","label_bn":"34758","area_sqm":54.0},"geometry":{"type":"Polygon","coordinates":[[[90.332289,23.798756],[90.332289,23.798732],[90.33229,23.79867],[90.332294,23.798604],[90.332294,23.798604],[90.332293,23.798579],[90.332296,23.798532],[90.332299,23.79847],[90.332304,23.798417],[90.332306,23.798407],[90.332309,23.798386],[90.332311,23.798367],[90.332323,23.798371],[90.33232,23.798391],[90.332316,23.79842],[90.332311,23.798474],[90.332306,23.798567],[90.332305,23.798654],[90.332302,23.798706],[90.332301,23.798716],[90.332301,23.798725],[90.3323,23.798756],[90.332289,23.798756]]]}},{"type":"Feature","properties":{"survey":"bds","sheet":"070","dag":"34802","label_bn":"34802","area_sqm":56.2},"geometry":{"type":"Polygon","coordinates":[[[90.331648,23.797971],[90.331683,23.797964],[90.331754,23.798038],[90.331792,23.798073],[90.331799,23.79808],[90.331799,23.79808],[90.331796,23.798081],[90.331772,23.798096],[90.331706,23.798028],[90.331692,23.798016],[90.331648,23.797971]]]}},{"type":"Feature","properties":{"survey":"bds","sheet":"070","dag":"34862","label_bn":"34862","area_sqm":56.9},"geometry":{"type":"Polygon","coordinates":[[[90.332477,23.797792],[90.332477,23.797731],[90.332572,23.797734],[90.332572,23.797778],[90.332477,23.797792]]]}},{"type":"Feature","properties":{"survey":"bds","sheet":"070","dag":"34736","label_bn":"34736","area_sqm":58.6},"geometry":{"type":"Polygon","coordinates":[[[90.33181,23.798773],[90.331811,23.798759],[90.332031,23.798769],[90.332039,23.798709],[90.332059,23.79871],[90.33205,23.79877],[90.332047,23.79879],[90.331851,23.798775],[90.33181,23.798773]]]}},{"type":"Feature","properties":{"survey":"bds","sheet":"070","dag":"34504","label_bn":"34504","area_sqm":59.6},"geometry":{"type":"Polygon","coordinates":[[[90.330885,23.800138],[90.33092,23.80005],[90.330974,23.800066],[90.330938,23.800153],[90.330885,23.800138]]]}},{"type":"Feature","properties":{"survey":"bds","sheet":"070","dag":"34632","label_bn":"34632","area_sqm":60.0},"geometry":{"type":"Polygon","coordinates":[[[90.331045,23.799161],[90.331045,23.799157],[90.331049,23.799135],[90.331053,23.799105],[90.331134,23.799179],[90.331161,23.799202],[90.331159,23.79921],[90.331142,23.799217],[90.331128,23.799222],[90.331058,23.799171],[90.331045,23.799161]]]}},{"type":"Feature","properties":{"survey":"bds","sheet":"070","dag":"34631","label_bn":"34631","area_sqm":61.1},"geometry":{"type":"Polygon","coordinates":[[[90.330888,23.799017],[90.330933,23.799049],[90.330975,23.799086],[90.331017,23.799123],[90.331045,23.799157],[90.331045,23.799161],[90.330889,23.799069],[90.330888,23.799017]]]}},{"type":"Feature","properties":{"survey":"bds","sheet":"070","dag":"34673","label_bn":"34673","area_sqm":62.5},"geometry":{"type":"Polygon","coordinates":[[[90.332156,23.799552],[90.332161,23.799493],[90.332265,23.799499],[90.332239,23.799556],[90.332156,23.799552]]]}},{"type":"Feature","properties":{"survey":"bds","sheet":"070","dag":"34608","label_bn":"34608","area_sqm":64.4},"geometry":{"type":"Polygon","coordinates":[[[90.332838,23.80017],[90.332883,23.800128],[90.332939,23.800076],[90.332944,23.800071],[90.332943,23.80008],[90.332934,23.800172],[90.332927,23.800189],[90.332838,23.80017]]]}},{"type":"Feature","properties":{"survey":"bds","sheet":"070","dag":"34731","label_bn":"34731","area_sqm":65.3},"geometry":{"type":"Polygon","coordinates":[[[90.331666,23.798712],[90.331667,23.798695],[90.331673,23.79863],[90.331686,23.798605],[90.331704,23.79857],[90.331709,23.79856],[90.331738,23.798564],[90.331756,23.798567],[90.331755,23.79857],[90.331744,23.7986],[90.3317,23.798667],[90.331667,23.798711],[90.331666,23.798712]]]}},{"type":"Feature","properties":{"survey":"bds","sheet":"070","dag":"34666","label_bn":"34666","area_sqm":65.3},"geometry":{"type":"Polygon","coordinates":[[[90.332071,23.799074],[90.332076,23.799025],[90.332088,23.798952],[90.332091,23.798937],[90.332092,23.798931],[90.332102,23.798934],[90.332101,23.798939],[90.332099,23.798953],[90.332083,23.799068],[90.332161,23.799081],[90.332162,23.799168],[90.332174,23.799168],[90.332177,23.799263],[90.332177,23.799264],[90.33218,23.799338],[90.332166,23.799338],[90.332165,23.799311],[90.332158,23.79918],[90.332153,23.799168],[90.332154,23.799091],[90.332071,23.799074]]]}},{"type":"Feature","properties":{"survey":"bds","sheet":"070","dag":"34603","label_bn":"34603","area_sqm":65.8},"geometry":{"type":"Polygon","coordinates":[[[90.332917,23.799859],[90.332924,23.799791],[90.333016,23.799794],[90.332998,23.79986],[90.332917,23.799859]]]}},{"type":"Feature","properties":{"survey":"bds","sheet":"070","dag":"34690","label_bn":"34690","area_sqm":67.9},"geometry":{"type":"Polygon","coordinates":[[[90.332497,23.799554],[90.3325,23.79954],[90.332546,23.799533],[90.332701,23.799511],[90.332748,23.799506],[90.332749,23.799515],[90.332749,23.799532],[90.332729,23.799536],[90.332692,23.799543],[90.332499,23.799554],[90.332497,23.799554]]]}},{"type":"Feature","properties":{"survey":"bds","sheet":"070","dag":"34558","label_bn":"34558","area_sqm":68.3},"geometry":{"type":"Polygon","coordinates":[[[90.331466,23.799826],[90.331488,23.799771],[90.331532,23.799633],[90.331574,23.799497],[90.331588,23.799502],[90.331526,23.799712],[90.33151,23.799768],[90.331505,23.799777],[90.331492,23.799828],[90.331466,23.799826]]]}},{"type":"Feature","properties":{"survey":"bds","sheet":"070","dag":"34602","label_bn":"34602","area_sqm":68.5},"geometry":{"type":"Polygon","coordinates":[[[90.332924,23.799791],[90.332929,23.799733],[90.332998,23.799729],[90.333027,23.799727],[90.333029,23.799741],[90.333024,23.799759],[90.33302,23.799776],[90.333016,23.799794],[90.332924,23.799791]]]}},{"type":"Feature","properties":{"survey":"bds","sheet":"070","dag":"34759","label_bn":"34759","area_sqm":71.0},"geometry":{"type":"Polygon","coordinates":[[[90.332311,23.798474],[90.332316,23.79842],[90.33232,23.798391],[90.332374,23.798417],[90.332406,23.79843],[90.332411,23.798481],[90.33241,23.798481],[90.332389,23.79848],[90.332311,23.798474]]]}},{"type":"Feature","properties":{"survey":"bds","sheet":"070","dag":"34639","label_bn":"34639","area_sqm":72.4},"geometry":{"type":"Polygon","coordinates":[[[90.331469,23.799031],[90.331472,23.798963],[90.331566,23.798971],[90.331564,23.799039],[90.331469,23.799031]]]}},{"type":"Feature","properties":{"survey":"bds","sheet":"070","dag":"34626","label_bn":"34626","area_sqm":73.1},"geometry":{"type":"Polygon","coordinates":[[[90.330746,23.798916],[90.330748,23.798891],[90.33075,23.798864],[90.330763,23.798863],[90.330769,23.798863],[90.330769,23.798877],[90.330781,23.798902],[90.330797,23.798908],[90.330821,23.798926],[90.330861,23.798953],[90.330888,23.798974],[90.330888,23.798986],[90.330888,23.799007],[90.330888,23.799017],[90.330886,23.799016],[90.330783,23.798941],[90.330746,23.798916]]]}},{"type":"Feature","properties":{"survey":"bds","sheet":"070","dag":"34808","label_bn":"34808","area_sqm":73.8},"geometry":{"type":"Polygon","coordinates":[[[90.332007,23.79779],[90.332016,23.797683],[90.332068,23.797693],[90.33208,23.797794],[90.33208,23.797794],[90.332007,23.79779]]]}},{"type":"Feature","properties":{"survey":"bds","sheet":"070","dag":"34531","label_bn":"34531","area_sqm":76.5},"geometry":{"type":"Polygon","coordinates":[[[90.331323,23.799979],[90.331341,23.799915],[90.331421,23.79994],[90.331441,23.799946],[90.331428,23.800003],[90.331374,23.799995],[90.331323,23.799979]]]}},{"type":"Feature","properties":{"survey":"bds","sheet":"070","dag":"34537","label_bn":"34537","area_sqm":77.3},"geometry":{"type":"Polygon","coordinates":[[[90.33124,23.799874],[90.331265,23.799744],[90.331316,23.799766],[90.33129,23.79989],[90.331278,23.799886],[90.33124,23.799874]]]}},{"type":"Feature","properties":{"survey":"bds","sheet":"070","dag":"34536","label_bn":"34536","area_sqm":77.4},"geometry":{"type":"Polygon","coordinates":[[[90.33129,23.79989],[90.331316,23.799766],[90.331368,23.79979],[90.331343,23.799906],[90.33129,23.79989]]]}},{"type":"Feature","properties":{"survey":"bds","sheet":"070","dag":"34814","label_bn":"34814","area_sqm":80.1},"geometry":{"type":"Polygon","coordinates":[[[90.331891,23.798178],[90.33192,23.798161],[90.331923,23.798172],[90.331923,23.798173],[90.33197,23.798185],[90.332018,23.798194],[90.332004,23.798262],[90.332003,23.798265],[90.331943,23.79824],[90.33194,23.798239],[90.331908,23.798215],[90.331896,23.798187],[90.331891,23.798178]]]}},{"type":"Feature","properties":{"survey":"bds","sheet":"070","dag":"34675","label_bn":"34675","area_sqm":80.6},"geometry":{"type":"Polygon","coordinates":[[[90.332333,23.799559],[90.332356,23.799423],[90.332384,23.799424],[90.332387,23.799425],[90.332412,23.799425],[90.332407,23.79945],[90.332383,23.799558],[90.332333,23.799559]]]}},{"type":"Feature","properties":{"survey":"bds","sheet":"070","dag":"34776","label_bn":"34776","area_sqm":81.2},"geometry":{"type":"Polygon","coordinates":[[[90.332721,23.798807],[90.332734,23.798709],[90.33275,23.798709],[90.332806,23.798713],[90.332793,23.798811],[90.332784,23.79881],[90.332721,23.798807]]]}},{"type":"Feature","properties":{"survey":"bds","sheet":"070","dag":"34535","label_bn":"34535","area_sqm":81.3},"geometry":{"type":"Polygon","coordinates":[[[90.331221,23.79995],[90.331238,23.799884],[90.331341,23.799915],[90.331323,23.799979],[90.331323,23.799979],[90.331221,23.79995]]]}},{"type":"Feature","properties":{"survey":"bds","sheet":"070","dag":"34850","label_bn":"34850","area_sqm":81.8},"geometry":{"type":"Polygon","coordinates":[[[90.332572,23.79802],[90.332572,23.79797],[90.332666,23.79797],[90.332666,23.798006],[90.332664,23.798074],[90.332572,23.79802]]]}},{"type":"Feature","properties":{"survey":"bds","sheet":"070","dag":"34573","label_bn":"34573","area_sqm":81.9},"geometry":{"type":"Polygon","coordinates":[[[90.332171,23.800013],[90.332184,23.799897],[90.332221,23.799898],[90.33224,23.799898],[90.332236,23.799979],[90.33224,23.800021],[90.332171,23.800013]]]}},{"type":"Feature","properties":{"survey":"bds","sheet":"070","dag":"34645","label_bn":"34645","area_sqm":82.8},"geometry":{"type":"Polygon","coordinates":[[[90.33117,23.79921],[90.331318,23.799202],[90.331282,23.799301],[90.331277,23.799297],[90.331212,23.799246],[90.33117,23.79921]]]}},{"type":"Feature","properties":{"survey":"bds","sheet":"070","dag":"34815","label_bn":"34815","area_sqm":83.0},"geometry":{"type":"Polygon","coordinates":[[[90.332003,23.798265],[90.332004,23.798262],[90.332018,23.798194],[90.332101,23.798196],[90.332095,23.798287],[90.332059,23.798282],[90.332003,23.798265]]]}},{"type":"Feature","properties":{"survey":"bds","sheet":"070","dag":"34828","label_bn":"34828","area_sqm":83.4},"geometry":{"type":"Polygon","coordinates":[[[90.332361,23.797843],[90.332362,23.797795],[90.332447,23.7978],[90.332448,23.797924],[90.332387,23.797867],[90.332361,23.797843]]]}},{"type":"Feature","properties":{"survey":"bds","sheet":"070","dag":"34769","label_bn":"34769","area_sqm":83.5},"geometry":{"type":"Polygon","coordinates":[[[90.332469,23.798693],[90.332555,23.798685],[90.332559,23.798776],[90.332477,23.798778],[90.332469,23.798693]]]}},{"type":"Feature","properties":{"survey":"bds","sheet":"070","dag":"34572","label_bn":"34572","area_sqm":84.2},"geometry":{"type":"Polygon","coordinates":[[[90.332102,23.800004],[90.332124,23.799893],[90.332184,23.799897],[90.332171,23.800013],[90.332139,23.800008],[90.332102,23.800004]]]}},{"type":"Feature","properties":{"survey":"bds","sheet":"070","dag":"34827","label_bn":"34827","area_sqm":85.4},"geometry":{"type":"Polygon","coordinates":[[[90.332362,23.797795],[90.332364,23.797707],[90.332448,23.797711],[90.332447,23.7978],[90.332362,23.797795]]]}},{"type":"Feature","properties":{"survey":"bds","sheet":"070","dag":"34611","label_bn":"34611","area_sqm":85.6},"geometry":{"type":"Polygon","coordinates":[[[90.333055,23.800091],[90.333064,23.799981],[90.333134,23.799988],[90.333122,23.800098],[90.333055,23.800091]]]}},{"type":"Feature","properties":{"survey":"bds","sheet":"070","dag":"34643","label_bn":"34643","area_sqm":85.8},"geometry":{"type":"Polygon","coordinates":[[[90.331181,23.799015],[90.331267,23.799027],[90.331469,23.799031],[90.331564,23.799039],[90.331565,23.799046],[90.331577,23.79905],[90.331704,23.79905],[90.331701,23.799067],[90.33158,23.799067],[90.331558,23.799067],[90.331557,23.799055],[90.331452,23.799046],[90.331271,23.799036],[90.331194,23.799032],[90.331181,23.799015]]]}},{"type":"Feature","properties":{"survey":"bds","sheet":"070","dag":"34630","label_bn":"34630","area_sqm":86.8},"geometry":{"type":"Polygon","coordinates":[[[90.330888,23.798974],[90.330905,23.798987],[90.330908,23.798989],[90.330974,23.799037],[90.330993,23.799051],[90.331053,23.799105],[90.331049,23.799135],[90.331045,23.799157],[90.331017,23.799123],[90.330975,23.799086],[90.330933,23.799049],[90.330888,23.799017],[90.330888,23.799007],[90.330888,23.798986],[90.330888,23.798974]]]}},{"type":"Feature","properties":{"survey":"bds","sheet":"070","dag":"34755","label_bn":"34755","area_sqm":87.1},"geometry":{"type":"Polygon","coordinates":[[[90.332301,23.798716],[90.332302,23.798706],[90.332305,23.798654],[90.332402,23.798654],[90.332424,23.798654],[90.332425,23.798654],[90.332426,23.798673],[90.332427,23.798716],[90.332405,23.798716],[90.332301,23.798716]]]}},{"type":"Feature","properties":{"survey":"bds","sheet":"070","dag":"34534","label_bn":"34534","area_sqm":87.5},"geometry":{"type":"Polygon","coordinates":[[[90.331201,23.800022],[90.331221,23.79995],[90.331323,23.799979],[90.331305,23.800047],[90.331201,23.800022]]]}},{"type":"Feature","properties":{"survey":"bds","sheet":"070","dag":"34688","label_bn":"34688","area_sqm":87.5},"geometry":{"type":"Polygon","coordinates":[[[90.332571,23.799193],[90.332599,23.799048],[90.332653,23.799062],[90.332623,23.799197],[90.332571,23.799193]]]}},{"type":"Feature","properties":{"survey":"bds","sheet":"070","dag":"34696","label_bn":"34696","area_sqm":87.7},"geometry":{"type":"Polygon","coordinates":[[[90.332877,23.798961],[90.332887,23.798961],[90.332942,23.798963],[90.332969,23.798964],[90.33297,23.798977],[90.332975,23.799046],[90.332951,23.799047],[90.332893,23.799042],[90.332878,23.799037],[90.332877,23.798974],[90.332877,23.798961]]]}},{"type":"Feature","properties":{"survey":"bds","sheet":"070","dag":"34747","label_bn":"34747","area_sqm":88.1},"geometry":{"type":"Polygon","coordinates":[[[90.332167,23.798658],[90.332172,23.798629],[90.332173,23.798616],[90.332174,23.798616],[90.332174,23.798615],[90.332176,23.798596],[90.332294,23.798604],[90.332294,23.798604],[90.33229,23.79867],[90.332167,23.798658]]]}},{"type":"Feature","properties":{"survey":"bds","sheet":"070","dag":"34874","label_bn":"34874","area_sqm":89.2},"geometry":{"type":"Polygon","coordinates":[[[90.332853,23.797733],[90.332854,23.797661],[90.332953,23.797662],[90.332984,23.797726],[90.332853,23.797733]]]}},{"type":"Feature","properties":{"survey":"bds","sheet":"070","dag":"34637","label_bn":"34637","area_sqm":91.3},"geometry":{"type":"Polygon","coordinates":[[[90.331175,23.798911],[90.331237,23.79891],[90.331267,23.799027],[90.331181,23.799015],[90.331175,23.798911]]]}},{"type":"Feature","properties":{"survey":"bds","sheet":"070","dag":"34610","label_bn":"34610","area_sqm":91.4},"geometry":{"type":"Polygon","coordinates":[[[90.332943,23.80008],[90.332944,23.800071],[90.333031,23.799986],[90.333033,23.799978],[90.333062,23.799981],[90.333064,23.799981],[90.333055,23.800091],[90.332943,23.80008]]]}},{"type":"Feature","properties":{"survey":"bds","sheet":"070","dag":"34559","label_bn":"34559","area_sqm":91.8},"geometry":{"type":"Polygon","coordinates":[[[90.331492,23.799828],[90.331505,23.799777],[90.331523,23.799779],[90.331662,23.799794],[90.331652,23.799843],[90.331568,23.799835],[90.331492,23.799828]]]}},{"type":"Feature","properties":{"survey":"bds","sheet":"070","dag":"34734","label_bn":"34734","area_sqm":92.1},"geometry":{"type":"Polygon","coordinates":[[[90.331643,23.798803],[90.331655,23.798766],[90.331681,23.798779],[90.331712,23.798799],[90.331791,23.798836],[90.331841,23.798859],[90.331839,23.798876],[90.331715,23.798857],[90.331643,23.798803]]]}},{"type":"Feature","properties":{"survey":"bds","sheet":"070","dag":"34873","label_bn":"34873","area_sqm":92.3},"geometry":{"type":"Polygon","coordinates":[[[90.332852,23.797793],[90.332853,23.797733],[90.332984,23.797726],[90.332977,23.797793],[90.332852,23.797793]]]}},{"type":"Feature","properties":{"survey":"bds","sheet":"070","dag":"34790","label_bn":"34790","area_sqm":92.8},"geometry":{"type":"Polygon","coordinates":[[[90.333063,23.798674],[90.333063,23.798674],[90.333079,23.798617],[90.333143,23.79862],[90.333207,23.798622],[90.333212,23.798699],[90.33319,23.798698],[90.33319,23.798677],[90.333063,23.798674]]]}},{"type":"Feature","properties":{"survey":"bds","sheet":"070","dag":"34748","label_bn":"34748","area_sqm":93.9},"geometry":{"type":"Polygon","coordinates":[[[90.332157,23.798725],[90.332167,23.798658],[90.33229,23.79867],[90.332289,23.798732],[90.332157,23.798725]]]}},{"type":"Feature","properties":{"survey":"bds","sheet":"070","dag":"34875","label_bn":"34875","area_sqm":95.0},"geometry":{"type":"Polygon","coordinates":[[[90.332854,23.797661],[90.332854,23.797578],[90.332958,23.797581],[90.332953,23.797662],[90.332854,23.797661]]]}},{"type":"Feature","properties":{"survey":"bds","sheet":"070","dag":"34604","label_bn":"34604","area_sqm":95.2},"geometry":{"type":"Polygon","coordinates":[[[90.332901,23.800019],[90.332902,23.799989],[90.332917,23.799859],[90.332998,23.79986],[90.332984,23.799911],[90.332954,23.79996],[90.332922,23.799992],[90.332901,23.800019]]]}},{"type":"Feature","properties":{"survey":"bds","sheet":"070","dag":"34648","label_bn":"34648","area_sqm":95.9},"geometry":{"type":"Polygon","coordinates":[[[90.331282,23.799301],[90.331318,23.799202],[90.331381,23.799198],[90.331349,23.799321],[90.33134,23.799346],[90.331282,23.799301]]]}},{"type":"Feature","properties":{"survey":"bds","sheet":"070","dag":"34641","label_bn":"34641","area_sqm":96.0},"geometry":{"type":"Polygon","coordinates":[[[90.331566,23.798901],[90.33157,23.798827],[90.33157,23.798815],[90.331605,23.798827],[90.331712,23.798878],[90.331708,23.798906],[90.331566,23.798901]]]}},{"type":"Feature","properties":{"survey":"bds","sheet":"070","dag":"34817","label_bn":"34817","area_sqm":96.2},"geometry":{"type":"Polygon","coordinates":[[[90.33211,23.798288],[90.332113,23.798196],[90.332204,23.798197],[90.332202,23.798291],[90.33211,23.798288]]]}},{"type":"Feature","properties":{"survey":"bds","sheet":"070","dag":"34627","label_bn":"34627","area_sqm":96.5},"geometry":{"type":"Polygon","coordinates":[[[90.330769,23.798863],[90.330887,23.798855],[90.330888,23.798969],[90.330888,23.798974],[90.330861,23.798953],[90.330821,23.798926],[90.330797,23.798908],[90.330781,23.798902],[90.330769,23.798877],[90.330769,23.798863]]]}},{"type":"Feature","properties":{"survey":"bds","sheet":"070","dag":"34580","label_bn":"34580","area_sqm":97.3},"geometry":{"type":"Polygon","coordinates":[[[90.332236,23.799979],[90.33224,23.799898],[90.332345,23.799896],[90.332347,23.799974],[90.332236,23.799979]]]}},{"type":"Feature","properties":{"survey":"bds","sheet":"070","dag":"34581","label_bn":"34581","area_sqm":98.1},"geometry":{"type":"Polygon","coordinates":[[[90.332236,23.799979],[90.332347,23.799974],[90.332347,23.800056],[90.332295,23.800054],[90.332237,23.800061],[90.33224,23.800021],[90.332236,23.799979]]]}},{"type":"Feature","properties":{"survey":"bds","sheet":"070","dag":"34564","label_bn":"34564","area_sqm":98.3},"geometry":{"type":"Polygon","coordinates":[[[90.331616,23.799984],[90.331637,23.799891],[90.331725,23.799906],[90.331705,23.800001],[90.33165,23.799989],[90.331616,23.799984]]]}},{"type":"Feature","properties":{"survey":"bds","sheet":"070","dag":"34617","label_bn":"34617","area_sqm":98.8},"geometry":{"type":"Polygon","coordinates":[[[90.333007,23.799959],[90.333064,23.799759],[90.333328,23.799794],[90.333326,23.799807],[90.333275,23.799796],[90.333095,23.799772],[90.333038,23.799963],[90.333022,23.79996],[90.333007,23.799959]]]}},{"type":"Feature","properties":{"survey":"bds","sheet":"070","dag":"34777","label_bn":"34777","area_sqm":99.0},"geometry":{"type":"Polygon","coordinates":[[[90.332703,23.798927],[90.332721,23.798807],[90.332784,23.79881],[90.332793,23.798811],[90.332778,23.798926],[90.332769,23.798927],[90.332703,23.798927]]]}},{"type":"Feature","properties":{"survey":"bds","sheet":"070","dag":"34697","label_bn":"34697","area_sqm":99.2},"geometry":{"type":"Polygon","coordinates":[[[90.332893,23.799042],[90.332951,23.799047],[90.332975,23.799046],[90.332977,23.799076],[90.332982,23.799148],[90.332939,23.799152],[90.3329,23.799156],[90.332897,23.79911],[90.332893,23.799042]]]}},{"type":"Feature","properties":{"survey":"bds","sheet":"070","dag":"34846","label_bn":"34846","area_sqm":99.4},"geometry":{"type":"Polygon","coordinates":[[[90.332869,23.798005],[90.33291,23.797919],[90.332923,23.797924],[90.332928,23.797926],[90.332968,23.797941],[90.332997,23.797952],[90.33299,23.797968],[90.332981,23.79799],[90.332962,23.798035],[90.332869,23.798005]]]}},{"type":"Feature","properties":{"survey":"bds","sheet":"070","dag":"34677","label_bn":"34677","area_sqm":105.4},"geometry":{"type":"Polygon","coordinates":[[[90.332405,23.799334],[90.332406,23.799329],[90.332511,23.799348],[90.33251,23.799352],[90.332498,23.799411],[90.332495,23.799423],[90.332476,23.799424],[90.332475,23.799424],[90.332412,23.799425],[90.332387,23.799425],[90.332405,23.799334]]]}},{"type":"Feature","properties":{"survey":"bds","sheet":"070","dag":"34569","label_bn":"34569","area_sqm":100.9},"geometry":{"type":"Polygon","coordinates":[[[90.331856,23.799954],[90.331871,23.799886],[90.331995,23.799913],[90.331964,23.799986],[90.331856,23.799955],[90.331856,23.799954]]]}},{"type":"Feature","properties":{"survey":"bds","sheet":"070","dag":"34587","label_bn":"34587","area_sqm":100.9},"geometry":{"type":"Polygon","coordinates":[[[90.332381,23.799891],[90.332501,23.799887],[90.332502,23.79996],[90.332382,23.799966],[90.332381,23.799891]]]}},{"type":"Feature","properties":{"survey":"bds","sheet":"070","dag":"34851","label_bn":"34851","area_sqm":101.0},"geometry":{"type":"Polygon","coordinates":[[[90.332572,23.797875],[90.332667,23.797877],[90.332666,23.79797],[90.332572,23.79797],[90.332572,23.797889],[90.332572,23.797875]]]}},{"type":"Feature","properties":{"survey":"bds","sheet":"070","dag":"34524","label_bn":"34524","area_sqm":101.0},"geometry":{"type":"Polygon","coordinates":[[[90.331627,23.800121],[90.33163,23.800107],[90.33165,23.799989],[90.331705,23.800001],[90.331715,23.800004],[90.331695,23.800132],[90.331627,23.800121]]]}},{"type":"Feature","properties":{"survey":"bds","sheet":"070","dag":"34864","label_bn":"34864","area_sqm":101.6},"geometry":{"type":"Polygon","coordinates":[[[90.332572,23.797875],[90.332572,23.797778],[90.332668,23.797786],[90.332667,23.797877],[90.332572,23.797875]]]}},{"type":"Feature","properties":{"survey":"bds","sheet":"070","dag":"34792","label_bn":"34792","area_sqm":101.8},"geometry":{"type":"Polygon","coordinates":[[[90.333143,23.79862],[90.333151,23.798563],[90.333152,23.798558],[90.333169,23.798481],[90.33322,23.798472],[90.333227,23.79847],[90.333226,23.798476],[90.333207,23.798622],[90.333143,23.79862]]]}},{"type":"Feature","properties":{"survey":"bds","sheet":"070","dag":"34600","label_bn":"34600","area_sqm":101.9},"geometry":{"type":"Polygon","coordinates":[[[90.332881,23.799532],[90.332927,23.799517],[90.332954,23.799508],[90.332988,23.799624],[90.332962,23.799627],[90.332906,23.799635],[90.332881,23.799532]]]}},{"type":"Feature","properties":{"survey":"bds","sheet":"070","dag":"34678","label_bn":"34678","area_sqm":108.0},"geometry":{"type":"Polygon","coordinates":[[[90.332406,23.799329],[90.332405,23.799334],[90.332387,23.799425],[90.332384,23.799424],[90.332356,23.799423],[90.332292,23.79942],[90.33231,23.799348],[90.332317,23.799316],[90.332318,23.799312],[90.332406,23.799329]]]}},{"type":"Feature","properties":{"survey":"bds","sheet":"070","dag":"34700","label_bn":"34700","area_sqm":103.6},"geometry":{"type":"Polygon","coordinates":[[[90.332977,23.799076],[90.332995,23.799074],[90.333101,23.799062],[90.333107,23.799136],[90.333002,23.799146],[90.332982,23.799148],[90.332977,23.799076]]]}},{"type":"Feature","properties":{"survey":"bds","sheet":"070","dag":"34826","label_bn":"34826","area_sqm":103.8},"geometry":{"type":"Polygon","coordinates":[[[90.332285,23.797816],[90.332288,23.797705],[90.332364,23.797707],[90.332362,23.797795],[90.332361,23.797843],[90.332339,23.797827],[90.332285,23.797816]]]}},{"type":"Feature","properties":{"survey":"bds","sheet":"070","dag":"34768","label_bn":"34768","area_sqm":104.0},"geometry":{"type":"Polygon","coordinates":[[[90.33246,23.798589],[90.332554,23.798586],[90.332554,23.798623],[90.332555,23.798685],[90.332469,23.798693],[90.332464,23.798642],[90.33246,23.798589]]]}},{"type":"Feature","properties":{"survey":"bds","sheet":"070","dag":"34852","label_bn":"34852","area_sqm":104.4},"geometry":{"type":"Polygon","coordinates":[[[90.332475,23.797886],[90.332475,23.797886],[90.332572,23.797889],[90.332572,23.79797],[90.332572,23.79802],[90.332549,23.798003],[90.332482,23.797952],[90.332478,23.797948],[90.332475,23.797886]]]}},{"type":"Feature","properties":{"survey":"bds","sheet":"070","dag":"34525","label_bn":"34525","area_sqm":104.7},"geometry":{"type":"Polygon","coordinates":[[[90.331553,23.800094],[90.331573,23.799978],[90.331616,23.799984],[90.33165,23.799989],[90.33163,23.800107],[90.331553,23.800094]]]}},{"type":"Feature","properties":{"survey":"bds","sheet":"070","dag":"34660","label_bn":"34660","area_sqm":104.8},"geometry":{"type":"Polygon","coordinates":[[[90.331697,23.799124],[90.331701,23.799067],[90.331704,23.79905],[90.331708,23.798906],[90.33173,23.798905],[90.33173,23.798905],[90.33173,23.798905],[90.331725,23.798975],[90.331721,23.799051],[90.331716,23.799114],[90.331833,23.799124],[90.331901,23.799131],[90.331961,23.799139],[90.332043,23.799146],[90.332153,23.799168],[90.332158,23.79918],[90.332041,23.799164],[90.331904,23.799138],[90.331757,23.799128],[90.331697,23.799124]]]}},{"type":"Feature","properties":{"survey":"bds","sheet":"070","dag":"34865","label_bn":"34865","area_sqm":104.8},"geometry":{"type":"Polygon","coordinates":[[[90.332572,23.797684],[90.332668,23.797687],[90.332668,23.797781],[90.332668,23.797786],[90.332572,23.797778],[90.332572,23.797734],[90.332572,23.797684]]]}},{"type":"Feature","properties":{"survey":"bds","sheet":"070","dag":"34601","label_bn":"34601","area_sqm":105.1},"geometry":{"type":"Polygon","coordinates":[[[90.332906,23.799635],[90.332962,23.799627],[90.332988,23.799624],[90.333027,23.799727],[90.332998,23.799729],[90.332929,23.799733],[90.332906,23.799635]]]}},{"type":"Feature","properties":{"survey":"bds","sheet":"070","dag":"34560","label_bn":"34560","area_sqm":107.2},"geometry":{"type":"Polygon","coordinates":[[[90.331505,23.799777],[90.33151,23.799768],[90.331526,23.799712],[90.331675,23.79974],[90.331667,23.799774],[90.331662,23.799794],[90.331523,23.799779],[90.331505,23.799777]]]}},{"type":"Feature","properties":{"survey":"bds","sheet":"070","dag":"34820","label_bn":"34820","area_sqm":108.9},"geometry":{"type":"Polygon","coordinates":[[[90.332093,23.797895],[90.332201,23.797895],[90.332208,23.797988],[90.332103,23.797984],[90.332093,23.797895]]]}},{"type":"Feature","properties":{"survey":"bds","sheet":"070","dag":"34757","label_bn":"34757","area_sqm":109.2},"geometry":{"type":"Polygon","coordinates":[[[90.332306,23.798567],[90.332311,23.798474],[90.332389,23.79848],[90.33241,23.798481],[90.332411,23.798481],[90.332419,23.79856],[90.33242,23.798568],[90.332414,23.798568],[90.332397,23.798568],[90.332306,23.798567]]]}},{"type":"Feature","properties":{"survey":"bds","sheet":"070","dag":"34693","label_bn":"34693","area_sqm":109.8},"geometry":{"type":"Polygon","coordinates":[[[90.332703,23.799086],[90.332705,23.798964],[90.332705,23.798961],[90.332787,23.798962],[90.332786,23.798975],[90.332778,23.799085],[90.332727,23.799086],[90.332703,23.799086]]]}},{"type":"Feature","properties":{"survey":"bds","sheet":"070","dag":"34634","label_bn":"34634","area_sqm":109.8},"geometry":{"type":"Polygon","coordinates":[[[90.331069,23.798916],[90.331175,23.798911],[90.331181,23.799015],[90.331069,23.798991],[90.331069,23.798976],[90.331069,23.798916]]]}},{"type":"Feature","properties":{"survey":"bds","sheet":"070","dag":"34670","label_bn":"34670","area_sqm":110.8},"geometry":{"type":"Polygon","coordinates":[[[90.332275,23.79923],[90.332276,23.799219],[90.332278,23.799172],[90.332286,23.799122],[90.332367,23.799132],[90.332356,23.799185],[90.332334,23.799258],[90.332332,23.799265],[90.332315,23.799273],[90.332275,23.79923]]]}},{"type":"Feature","properties":{"survey":"bds","sheet":"070","dag":"34863","label_bn":"34863","area_sqm":110.9},"geometry":{"type":"Polygon","coordinates":[[[90.332475,23.797886],[90.332477,23.797792],[90.332572,23.797778],[90.332572,23.797875],[90.332572,23.797889],[90.332475,23.797886]]]}},{"type":"Feature","properties":{"survey":"bds","sheet":"070","dag":"34871","label_bn":"34871","area_sqm":112.5},"geometry":{"type":"Polygon","coordinates":[[[90.332821,23.797916],[90.332822,23.797833],[90.332823,23.797736],[90.332825,23.797577],[90.332854,23.797578],[90.332854,23.797661],[90.332853,23.797733],[90.332852,23.797793],[90.332849,23.797894],[90.332847,23.797917],[90.332821,23.797916]]]}},{"type":"Feature","properties":{"survey":"bds","sheet":"070","dag":"34620","label_bn":"34620","area_sqm":112.6},"geometry":{"type":"Polygon","coordinates":[[[90.332954,23.799508],[90.332979,23.799476],[90.332987,23.799486],[90.333011,23.799587],[90.333068,23.799735],[90.333064,23.799759],[90.333024,23.799759],[90.333029,23.799741],[90.333027,23.799727],[90.332988,23.799624],[90.332954,23.799508]]]}},{"type":"Feature","properties":{"survey":"bds","sheet":"070","dag":"34752","label_bn":"34752","area_sqm":112.7},"geometry":{"type":"Polygon","coordinates":[[[90.332325,23.798921],[90.332338,23.798814],[90.332402,23.798814],[90.332413,23.798814],[90.332436,23.798814],[90.332437,23.798822],[90.332442,23.798879],[90.332402,23.798879],[90.332402,23.79892],[90.332325,23.798921]]]}},{"type":"Feature","properties":{"survey":"bds","sheet":"070","dag":"34825","label_bn":"34825","area_sqm":112.8},"geometry":{"type":"Polygon","coordinates":[[[90.332186,23.797699],[90.332288,23.797705],[90.332285,23.797816],[90.332203,23.797807],[90.332186,23.797699]]]}},{"type":"Feature","properties":{"survey":"bds","sheet":"070","dag":"34563","label_bn":"34563","area_sqm":113.8},"geometry":{"type":"Polygon","coordinates":[[[90.331637,23.799891],[90.331652,23.799843],[90.331662,23.799794],[90.331667,23.799774],[90.331733,23.799785],[90.331745,23.799787],[90.331725,23.799906],[90.331637,23.799891]]]}},{"type":"Feature","properties":{"survey":"bds","sheet":"070","dag":"34756","label_bn":"34756","area_sqm":114.5},"geometry":{"type":"Polygon","coordinates":[[[90.332305,23.798654],[90.332306,23.798567],[90.332397,23.798568],[90.332414,23.798568],[90.33242,23.798568],[90.332425,23.798654],[90.332424,23.798654],[90.332402,23.798654],[90.332305,23.798654]]]}},{"type":"Feature","properties":{"survey":"bds","sheet":"070","dag":"34741","label_bn":"34741","area_sqm":114.6},"geometry":{"type":"Polygon","coordinates":[[[90.331792,23.798423],[90.331798,23.798381],[90.331803,23.798338],[90.331834,23.79827],[90.331862,23.79824],[90.331913,23.798269],[90.332018,23.798305],[90.332143,23.798319],[90.332142,23.798345],[90.332065,23.79833],[90.331969,23.798301],[90.331873,23.798272],[90.331845,23.79833],[90.331818,23.798387],[90.331802,23.798425],[90.331792,23.798423]]]}},{"type":"Feature","properties":{"survey":"bds","sheet":"070","dag":"34546","label_bn":"34546","area_sqm":115.3},"geometry":{"type":"Polygon","coordinates":[[[90.330888,23.799492],[90.330929,23.799427],[90.33105,23.799492],[90.330998,23.799552],[90.330888,23.799492]]]}},{"type":"Feature","properties":{"survey":"bds","sheet":"070","dag":"34789","label_bn":"34789","area_sqm":115.5},"geometry":{"type":"Polygon","coordinates":[[[90.333053,23.798745],[90.333063,23.798674],[90.33319,23.798677],[90.33319,23.798698],[90.333212,23.798699],[90.333216,23.798743],[90.333053,23.798745]]]}},{"type":"Feature","properties":{"survey":"bds","sheet":"070","dag":"34541","label_bn":"34541","area_sqm":116.1},"geometry":{"type":"Polygon","coordinates":[[[90.330942,23.799837],[90.330999,23.799763],[90.331004,23.799757],[90.331095,23.799827],[90.331063,23.799853],[90.331024,23.79989],[90.330942,23.799837]]]}},{"type":"Feature","properties":{"survey":"bds","sheet":"070","dag":"34570","label_bn":"34570","area_sqm":116.8},"geometry":{"type":"Polygon","coordinates":[[[90.331871,23.799886],[90.331887,23.799816],[90.332028,23.799835],[90.332009,23.799878],[90.331995,23.799913],[90.331871,23.799886]]]}},{"type":"Feature","properties":{"survey":"bds","sheet":"070","dag":"34799","label_bn":"34799","area_sqm":116.8},"geometry":{"type":"Polygon","coordinates":[[[90.331474,23.797783],[90.331533,23.797739],[90.331548,23.797728],[90.331621,23.797808],[90.331549,23.797867],[90.331513,23.797829],[90.331474,23.797783]]]}},{"type":"Feature","properties":{"survey":"bds","sheet":"070","dag":"34781","label_bn":"34781","area_sqm":117.0},"geometry":{"type":"Polygon","coordinates":[[[90.332871,23.798794],[90.332873,23.798722],[90.332874,23.798719],[90.33289,23.798723],[90.333001,23.798733],[90.333021,23.798735],[90.333023,23.798735],[90.333016,23.798801],[90.33301,23.798801],[90.332871,23.798794]]]}},{"type":"Feature","properties":{"survey":"bds","sheet":"070","dag":"34800","label_bn":"34800","area_sqm":117.2},"geometry":{"type":"Polygon","coordinates":[[[90.331549,23.797867],[90.331621,23.797808],[90.331694,23.797886],[90.331632,23.797953],[90.331555,23.797872],[90.331549,23.797867]]]}},{"type":"Feature","properties":{"survey":"bds","sheet":"070","dag":"34585","label_bn":"34585","area_sqm":117.7},"geometry":{"type":"Polygon","coordinates":[[[90.332378,23.799719],[90.332498,23.799714],[90.3325,23.799799],[90.3325,23.799801],[90.332379,23.799804],[90.332379,23.799804],[90.332378,23.799719]]]}},{"type":"Feature","properties":{"survey":"bds","sheet":"070","dag":"34586","label_bn":"34586","area_sqm":118.0},"geometry":{"type":"Polygon","coordinates":[[[90.332379,23.799804],[90.3325,23.799801],[90.332501,23.799887],[90.332381,23.799891],[90.332379,23.799804],[90.332379,23.799804]]]}},{"type":"Feature","properties":{"survey":"bds","sheet":"070","dag":"34530","label_bn":"34530","area_sqm":118.4},"geometry":{"type":"Polygon","coordinates":[[[90.331341,23.799915],[90.331343,23.799906],[90.331368,23.79979],[90.331423,23.799815],[90.331449,23.799827],[90.331421,23.79994],[90.331341,23.799915]]]}},{"type":"Feature","properties":{"survey":"bds","sheet":"070","dag":"34649","label_bn":"34649","area_sqm":119.0},"geometry":{"type":"Polygon","coordinates":[[[90.331349,23.799321],[90.331381,23.799198],[90.331464,23.799206],[90.331419,23.799344],[90.331349,23.799321]]]}},{"type":"Feature","properties":{"survey":"bds","sheet":"070","dag":"34881","label_bn":"34881","area_sqm":119.1},"geometry":{"type":"Polygon","coordinates":[[[90.332174,23.799168],[90.332278,23.799172],[90.332276,23.799219],[90.332275,23.79923],[90.332315,23.799273],[90.332177,23.799264],[90.332177,23.799263],[90.332174,23.799168]]]}},{"type":"Feature","properties":{"survey":"bds","sheet":"070","dag":"34702","label_bn":"34702","area_sqm":119.2},"geometry":{"type":"Polygon","coordinates":[[[90.332987,23.798965],[90.332997,23.798965],[90.333056,23.798963],[90.333079,23.79896],[90.333082,23.79897],[90.333101,23.799062],[90.332995,23.799074],[90.332988,23.798977],[90.332987,23.798965]]]}},{"type":"Feature","properties":{"survey":"bds","sheet":"070","dag":"34868","label_bn":"34868","area_sqm":119.2},"geometry":{"type":"Polygon","coordinates":[[[90.332695,23.797829],[90.332822,23.797833],[90.332821,23.797916],[90.332695,23.797912],[90.332695,23.797829]]]}},{"type":"Feature","properties":{"survey":"bds","sheet":"070","dag":"34671","label_bn":"34671","area_sqm":119.7},"geometry":{"type":"Polygon","coordinates":[[[90.332177,23.799264],[90.332315,23.799273],[90.332332,23.799265],[90.332317,23.799316],[90.33231,23.799348],[90.33218,23.799338],[90.332177,23.799264]]]}},{"type":"Feature","properties":{"survey":"bds","sheet":"070","dag":"34856","label_bn":"34856","area_sqm":120.6},"geometry":{"type":"Polygon","coordinates":[[[90.3322,23.797674],[90.332201,23.797535],[90.332206,23.797535],[90.332277,23.797537],[90.332276,23.797679],[90.3322,23.797674]]]}},{"type":"Feature","properties":{"survey":"bds","sheet":"070","dag":"34866","label_bn":"34866","area_sqm":121.0},"geometry":{"type":"Polygon","coordinates":[[[90.332572,23.797684],[90.332573,23.797572],[90.332668,23.797575],[90.332668,23.797687],[90.332572,23.797684]]]}},{"type":"Feature","properties":{"survey":"bds","sheet":"070","dag":"34578","label_bn":"34578","area_sqm":121.0},"geometry":{"type":"Polygon","coordinates":[[[90.332211,23.799733],[90.332343,23.799728],[90.332344,23.799809],[90.332216,23.799815],[90.332211,23.799733]]]}},{"type":"Feature","properties":{"survey":"bds","sheet":"070","dag":"34674","label_bn":"34674","area_sqm":121.3},"geometry":{"type":"Polygon","coordinates":[[[90.332239,23.799556],[90.332265,23.799499],[90.332292,23.79942],[90.332356,23.799423],[90.332333,23.799559],[90.332239,23.799556]]]}},{"type":"Feature","properties":{"survey":"bds","sheet":"070","dag":"34619","label_bn":"34619","area_sqm":121.6},"geometry":{"type":"Polygon","coordinates":[[[90.333064,23.799759],[90.333068,23.799735],[90.333331,23.799765],[90.333436,23.799771],[90.333446,23.799806],[90.333328,23.799794],[90.333064,23.799759]]]}},{"type":"Feature","properties":{"survey":"bds","sheet":"070","dag":"34775","label_bn":"34775","area_sqm":121.7},"geometry":{"type":"Polygon","coordinates":[[[90.33275,23.798709],[90.332756,23.798647],[90.332886,23.798652],[90.332889,23.798604],[90.332916,23.798606],[90.33289,23.798723],[90.332874,23.798719],[90.332873,23.798722],[90.332806,23.798713],[90.33275,23.798709]]]}},{"type":"Feature","properties":{"survey":"bds","sheet":"070","dag":"34579","label_bn":"34579","area_sqm":121.7},"geometry":{"type":"Polygon","coordinates":[[[90.332216,23.799815],[90.332344,23.799809],[90.332345,23.799864],[90.332345,23.799896],[90.33224,23.799898],[90.332221,23.799898],[90.332216,23.799815]]]}},{"type":"Feature","properties":{"survey":"bds","sheet":"070","dag":"34720","label_bn":"34720","area_sqm":121.8},"geometry":{"type":"Polygon","coordinates":[[[90.33135,23.798736],[90.33138,23.798645],[90.33139,23.798651],[90.331561,23.798743],[90.331554,23.798744],[90.331532,23.798749],[90.331501,23.798749],[90.33147,23.798748],[90.331378,23.798738],[90.331362,23.798737],[90.33135,23.798736]]]}},{"type":"Feature","properties":{"survey":"bds","sheet":"070","dag":"34539","label_bn":"34539","area_sqm":122.0},"geometry":{"type":"Polygon","coordinates":[[[90.331136,23.800024],[90.331181,23.799855],[90.331214,23.799866],[90.33124,23.799874],[90.331238,23.799884],[90.331221,23.79995],[90.331201,23.800022],[90.331197,23.800039],[90.331179,23.800033],[90.331136,23.800024]]]}},{"type":"Feature","properties":{"survey":"bds","sheet":"070","dag":"34834","label_bn":"34834","area_sqm":123.9},"geometry":{"type":"Polygon","coordinates":[[[90.332372,23.798355],[90.332369,23.798364],[90.332336,23.798346],[90.332309,23.798331],[90.332335,23.798222],[90.332343,23.79819],[90.332416,23.798203],[90.332405,23.798254],[90.332398,23.798253],[90.332372,23.798355]]]}},{"type":"Feature","properties":{"survey":"bds","sheet":"070","dag":"34566","label_bn":"34566","area_sqm":122.0},"geometry":{"type":"Polygon","coordinates":[[[90.331773,23.79972],[90.33182,23.799537],[90.33182,23.799536],[90.331874,23.799543],[90.331873,23.799551],[90.33183,23.799732],[90.331773,23.79972]]]}},{"type":"Feature","properties":{"survey":"bds","sheet":"070","dag":"34738","label_bn":"34738","area_sqm":122.7},"geometry":{"type":"Polygon","coordinates":[[[90.33196,23.798704],[90.331966,23.798599],[90.332074,23.798607],[90.332059,23.79871],[90.332039,23.798709],[90.33196,23.798704]]]}},{"type":"Feature","properties":{"survey":"bds","sheet":"070","dag":"34749","label_bn":"34749","area_sqm":123.2},"geometry":{"type":"Polygon","coordinates":[[[90.33214,23.798791],[90.332157,23.798725],[90.332289,23.798732],[90.332289,23.798756],[90.3323,23.798756],[90.332298,23.79881],[90.332223,23.798804],[90.33214,23.798791]]]}},{"type":"Feature","properties":{"survey":"bds","sheet":"070","dag":"34547","label_bn":"34547","area_sqm":123.6},"geometry":{"type":"Polygon","coordinates":[[[90.330929,23.799427],[90.330969,23.799361],[90.331101,23.799436],[90.331088,23.79945],[90.33105,23.799492],[90.330929,23.799427]]]}},{"type":"Feature","properties":{"survey":"bds","sheet":"070","dag":"34821","label_bn":"34821","area_sqm":123.8},"geometry":{"type":"Polygon","coordinates":[[[90.33208,23.797794],[90.332121,23.797798],[90.332162,23.797802],[90.332203,23.797807],[90.332201,23.797895],[90.332093,23.797895],[90.33208,23.797794]]]}},{"type":"Feature","properties":{"survey":"bds","sheet":"070","dag":"34774","label_bn":"34774","area_sqm":125.7},"geometry":{"type":"Polygon","coordinates":[[[90.332756,23.798647],[90.332761,23.79857],[90.332921,23.798573],[90.332919,23.79859],[90.332916,23.798606],[90.332889,23.798604],[90.332886,23.798652],[90.332756,23.798647]]]}},{"type":"Feature","properties":{"survey":"bds","sheet":"070","dag":"34501","label_bn":"34501","area_sqm":125.8},"geometry":{"type":"Polygon","coordinates":[[[90.330568,23.800048],[90.330598,23.799963],[90.330717,23.799997],[90.330689,23.800081],[90.330568,23.800048]]]}},{"type":"Feature","properties":{"survey":"bds","sheet":"070","dag":"34679","label_bn":"34679","area_sqm":118.0},"geometry":{"type":"Polygon","coordinates":[[[90.332318,23.799312],[90.332332,23.799265],[90.332334,23.799258],[90.332342,23.799261],[90.332501,23.799293],[90.332522,23.799297],[90.332522,23.799297],[90.332522,23.799299],[90.332511,23.799348],[90.332406,23.799329],[90.332318,23.799312]]]}},{"type":"Feature","properties":{"survey":"bds","sheet":"070","dag":"34788","label_bn":"34788","area_sqm":129.0},"geometry":{"type":"Polygon","coordinates":[[[90.333047,23.798816],[90.333053,23.798745],[90.333216,23.798743],[90.333219,23.798808],[90.333047,23.798816]]]}},{"type":"Feature","properties":{"survey":"bds","sheet":"070","dag":"34623","label_bn":"34623","area_sqm":129.7},"geometry":{"type":"Polygon","coordinates":[[[90.330503,23.798962],[90.330567,23.798869],[90.330673,23.798859],[90.330769,23.798844],[90.330769,23.798863],[90.330763,23.798863],[90.33075,23.798864],[90.330704,23.798887],[90.330641,23.798919],[90.330598,23.798926],[90.330541,23.798958],[90.330503,23.798962]]]}},{"type":"Feature","properties":{"survey":"bds","sheet":"070","dag":"34667","label_bn":"34667","area_sqm":129.7},"geometry":{"type":"Polygon","coordinates":[[[90.332083,23.799068],[90.332099,23.798953],[90.332101,23.798939],[90.332102,23.798934],[90.332144,23.798939],[90.33219,23.798947],[90.332186,23.798962],[90.332161,23.799081],[90.332083,23.799068]]]}},{"type":"Feature","properties":{"survey":"bds","sheet":"070","dag":"34833","label_bn":"34833","area_sqm":130.8},"geometry":{"type":"Polygon","coordinates":[[[90.332209,23.798294],[90.332212,23.798203],[90.332335,23.798222],[90.332309,23.798331],[90.332209,23.798294]]]}},{"type":"Feature","properties":{"survey":"bds","sheet":"070","dag":"34625","label_bn":"34625","area_sqm":132.1},"geometry":{"type":"Polygon","coordinates":[[[90.330641,23.798919],[90.330704,23.798887],[90.330707,23.798889],[90.330746,23.798916],[90.330783,23.798941],[90.330886,23.799016],[90.330888,23.799017],[90.330889,23.799069],[90.330743,23.798964],[90.330687,23.798941],[90.330641,23.798919]]]}},{"type":"Feature","properties":{"survey":"bds","sheet":"070","dag":"34629","label_bn":"34629","area_sqm":133.2},"geometry":{"type":"Polygon","coordinates":[[[90.330888,23.798969],[90.331069,23.798976],[90.331069,23.798991],[90.331053,23.799105],[90.330993,23.799051],[90.330974,23.799037],[90.330908,23.798989],[90.330905,23.798987],[90.330888,23.798974],[90.330888,23.798969]]]}},{"type":"Feature","properties":{"survey":"bds","sheet":"070","dag":"34744","label_bn":"34744","area_sqm":133.5},"geometry":{"type":"Polygon","coordinates":[[[90.332187,23.798463],[90.332194,23.798364],[90.332195,23.798347],[90.332206,23.798348],[90.332242,23.798358],[90.332309,23.798386],[90.332306,23.798407],[90.332304,23.798417],[90.332299,23.79847],[90.332187,23.798463]]]}},{"type":"Feature","properties":{"survey":"bds","sheet":"070","dag":"34754","label_bn":"34754","area_sqm":133.8},"geometry":{"type":"Polygon","coordinates":[[[90.332298,23.79881],[90.3323,23.798756],[90.332301,23.798725],[90.332428,23.798724],[90.332428,23.798731],[90.332433,23.798777],[90.332436,23.798814],[90.332413,23.798814],[90.332402,23.798814],[90.332338,23.798814],[90.332298,23.79881]]]}},{"type":"Feature","properties":{"survey":"bds","sheet":"070","dag":"34733","label_bn":"34733","area_sqm":134.9},"geometry":{"type":"Polygon","coordinates":[[[90.331655,23.798766],[90.331664,23.798737],[90.331811,23.798759],[90.33181,23.798773],[90.331851,23.798775],[90.331841,23.798859],[90.331791,23.798836],[90.331712,23.798799],[90.331681,23.798779],[90.331655,23.798766]]]}},{"type":"Feature","properties":{"survey":"bds","sheet":"070","dag":"34829","label_bn":"34829","area_sqm":135.7},"geometry":{"type":"Polygon","coordinates":[[[90.332343,23.79819],[90.332352,23.798152],[90.332365,23.798097],[90.332414,23.798026],[90.332445,23.797988],[90.332456,23.797978],[90.332424,23.798166],[90.332416,23.798203],[90.332343,23.79819]]]}},{"type":"Feature","properties":{"survey":"bds","sheet":"070","dag":"34750","label_bn":"34750","area_sqm":136.1},"geometry":{"type":"Polygon","coordinates":[[[90.332106,23.798905],[90.332121,23.798791],[90.33214,23.798791],[90.332223,23.798804],[90.332209,23.798919],[90.332106,23.798905]]]}},{"type":"Feature","properties":{"survey":"bds","sheet":"070","dag":"34527","label_bn":"34527","area_sqm":136.5},"geometry":{"type":"Polygon","coordinates":[[[90.331529,23.799967],[90.331568,23.799835],[90.331652,23.799843],[90.331637,23.799891],[90.331616,23.799984],[90.331573,23.799978],[90.331529,23.799967]]]}},{"type":"Feature","properties":{"survey":"bds","sheet":"070","dag":"34867","label_bn":"34867","area_sqm":137.8},"geometry":{"type":"Polygon","coordinates":[[[90.332666,23.798006],[90.332666,23.79797],[90.332667,23.797877],[90.332668,23.797786],[90.332668,23.797781],[90.332668,23.797687],[90.332668,23.797575],[90.332698,23.797575],[90.332695,23.797734],[90.332695,23.797829],[90.332695,23.797912],[90.332696,23.798009],[90.332666,23.798006]]]}},{"type":"Feature","properties":{"survey":"bds","sheet":"070","dag":"34858","label_bn":"34858","area_sqm":138.0},"geometry":{"type":"Polygon","coordinates":[[[90.332363,23.797682],[90.332365,23.797538],[90.332393,23.79754],[90.33245,23.797544],[90.332448,23.797686],[90.332363,23.797682]]]}},{"type":"Feature","properties":{"survey":"bds","sheet":"070","dag":"34869","label_bn":"34869","area_sqm":138.5},"geometry":{"type":"Polygon","coordinates":[[[90.332695,23.797734],[90.332823,23.797736],[90.332822,23.797833],[90.332695,23.797829],[90.332695,23.797734]]]}},{"type":"Feature","properties":{"survey":"bds","sheet":"070","dag":"34515","label_bn":"34515","area_sqm":139.5},"geometry":{"type":"Polygon","coordinates":[[[90.332191,23.800366],[90.33222,23.800227],[90.332305,23.800236],[90.332278,23.800376],[90.332191,23.800366]]]}},{"type":"Feature","properties":{"survey":"bds","sheet":"070","dag":"34872","label_bn":"34872","area_sqm":140.1},"geometry":{"type":"Polygon","coordinates":[[[90.332849,23.797894],[90.332852,23.797793],[90.332977,23.797793],[90.33295,23.797865],[90.332928,23.797926],[90.332923,23.797924],[90.33291,23.797919],[90.332849,23.797894]]]}},{"type":"Feature","properties":{"survey":"bds","sheet":"070","dag":"34857","label_bn":"34857","area_sqm":141.2},"geometry":{"type":"Polygon","coordinates":[[[90.332276,23.797679],[90.332277,23.797537],[90.332315,23.797538],[90.332365,23.797538],[90.332363,23.797682],[90.332276,23.797679]]]}},{"type":"Feature","properties":{"survey":"bds","sheet":"070","dag":"34528","label_bn":"34528","area_sqm":141.4},"geometry":{"type":"Polygon","coordinates":[[[90.331441,23.799946],[90.331466,23.799826],[90.331492,23.799828],[90.331568,23.799835],[90.331529,23.799967],[90.331441,23.799946]]]}},{"type":"Feature","properties":{"survey":"bds","sheet":"070","dag":"34766","label_bn":"34766","area_sqm":141.7},"geometry":{"type":"Polygon","coordinates":[[[90.332427,23.798716],[90.332436,23.798716],[90.332448,23.798716],[90.332448,23.798706],[90.332444,23.798654],[90.332435,23.798568],[90.332431,23.798527],[90.332433,23.798483],[90.332434,23.798446],[90.332435,23.798433],[90.332436,23.798413],[90.332465,23.798415],[90.332462,23.798433],[90.332461,23.798446],[90.332452,23.798508],[90.33246,23.798589],[90.332464,23.798642],[90.332469,23.798693],[90.332477,23.798778],[90.332477,23.798814],[90.332477,23.798912],[90.332451,23.798919],[90.332449,23.798814],[90.332448,23.798724],[90.332428,23.798724],[90.332427,23.798716]]]}},{"type":"Feature","properties":{"survey":"bds","sheet":"070","dag":"34514","label_bn":"34514","area_sqm":142.5},"geometry":{"type":"Polygon","coordinates":[[[90.332103,23.800356],[90.332132,23.800216],[90.33222,23.800227],[90.332191,23.800366],[90.332113,23.800357],[90.332103,23.800356]]]}},{"type":"Feature","properties":{"survey":"bds","sheet":"070","dag":"34595","label_bn":"34595","area_sqm":145.4},"geometry":{"type":"Polygon","coordinates":[[[90.332768,23.799978],[90.332868,23.799979],[90.332861,23.80004],[90.332863,23.800066],[90.332863,23.800066],[90.332784,23.800149],[90.33277,23.800146],[90.332768,23.800078],[90.332768,23.799978]]]}},{"type":"Feature","properties":{"survey":"bds","sheet":"070","dag":"34658","label_bn":"34658","area_sqm":145.5},"geometry":{"type":"Polygon","coordinates":[[[90.331965,23.799362],[90.332038,23.799361],[90.33206,23.799536],[90.331978,23.799521],[90.331965,23.799362]]]}},{"type":"Feature","properties":{"survey":"bds","sheet":"070","dag":"34518","label_bn":"34518","area_sqm":145.6},"geometry":{"type":"Polygon","coordinates":[[[90.332295,23.800054],[90.332347,23.800056],[90.332348,23.800124],[90.332416,23.800131],[90.332399,23.800216],[90.332299,23.800205],[90.332295,23.800054]]]}},{"type":"Feature","properties":{"survey":"bds","sheet":"070","dag":"34751","label_bn":"34751","area_sqm":146.2},"geometry":{"type":"Polygon","coordinates":[[[90.332209,23.798919],[90.332223,23.798804],[90.332298,23.79881],[90.332338,23.798814],[90.332325,23.798921],[90.332209,23.798919]]]}},{"type":"Feature","properties":{"survey":"bds","sheet":"070","dag":"34662","label_bn":"34662","area_sqm":146.4},"geometry":{"type":"Polygon","coordinates":[[[90.331725,23.798975],[90.33173,23.798905],[90.33173,23.798905],[90.331905,23.798916],[90.331909,23.798916],[90.331909,23.798916],[90.331909,23.798931],[90.331909,23.798987],[90.331839,23.798982],[90.331837,23.798985],[90.331725,23.798975]]]}},{"type":"Feature","properties":{"survey":"bds","sheet":"070","dag":"34584","label_bn":"34584","area_sqm":147.4},"geometry":{"type":"Polygon","coordinates":[[[90.332376,23.799615],[90.332378,23.799615],[90.332493,23.799604],[90.332498,23.799604],[90.332498,23.799615],[90.332498,23.799714],[90.332378,23.799719],[90.332376,23.799626],[90.332376,23.799615]]]}},{"type":"Feature","properties":{"survey":"bds","sheet":"070","dag":"34516","label_bn":"34516","area_sqm":148.5},"geometry":{"type":"Polygon","coordinates":[[[90.332278,23.800376],[90.332305,23.800236],[90.332397,23.800248],[90.332367,23.80039],[90.332278,23.800376]]]}},{"type":"Feature","properties":{"survey":"bds","sheet":"070","dag":"34709","label_bn":"34709","area_sqm":152.7},"geometry":{"type":"Polygon","coordinates":[[[90.330783,23.79874],[90.330843,23.798718],[90.330838,23.79871],[90.330836,23.798707],[90.330879,23.79869],[90.330893,23.798708],[90.330906,23.798724],[90.330934,23.798758],[90.330993,23.798758],[90.330996,23.798758],[90.331001,23.798783],[90.330785,23.798804],[90.330783,23.79874]]]}},{"type":"Feature","properties":{"survey":"bds","sheet":"070","dag":"34543","label_bn":"34543","area_sqm":156.2},"geometry":{"type":"Polygon","coordinates":[[[90.330817,23.79978],[90.330897,23.79968],[90.331005,23.799719],[90.33092,23.799823],[90.330886,23.799802],[90.330817,23.79978]]]}},{"type":"Feature","properties":{"survey":"bds","sheet":"070","dag":"34538","label_bn":"34538","area_sqm":156.2},"geometry":{"type":"Polygon","coordinates":[[[90.331095,23.799827],[90.331189,23.799747],[90.331218,23.799723],[90.331228,23.799727],[90.331249,23.799736],[90.331265,23.799744],[90.33124,23.799874],[90.331214,23.799866],[90.331181,23.799855],[90.331178,23.799854],[90.331167,23.79985],[90.331095,23.799827]]]}},{"type":"Feature","properties":{"survey":"bds","sheet":"070","dag":"34640","label_bn":"34640","area_sqm":156.6},"geometry":{"type":"Polygon","coordinates":[[[90.331472,23.798963],[90.331491,23.798819],[90.331493,23.798797],[90.33157,23.798815],[90.33157,23.798827],[90.331566,23.798901],[90.331566,23.798905],[90.331566,23.798971],[90.331472,23.798963]]]}},{"type":"Feature","properties":{"survey":"bds","sheet":"070","dag":"34612","label_bn":"34612","area_sqm":160.1},"geometry":{"type":"Polygon","coordinates":[[[90.33311,23.800201],[90.333122,23.800098],[90.333134,23.799988],[90.333134,23.799988],[90.333198,23.799993],[90.33318,23.800164],[90.333173,23.800214],[90.33311,23.800201]]]}},{"type":"Feature","properties":{"survey":"bds","sheet":"070","dag":"34636","label_bn":"34636","area_sqm":162.1},"geometry":{"type":"Polygon","coordinates":[[[90.331064,23.798842],[90.331085,23.798838],[90.331222,23.79881],[90.331224,23.798822],[90.331237,23.79891],[90.331175,23.798911],[90.331069,23.798916],[90.331064,23.798842]]]}},{"type":"Feature","properties":{"survey":"bds","sheet":"070","dag":"34568","label_bn":"34568","area_sqm":162.3},"geometry":{"type":"Polygon","coordinates":[[[90.331768,23.799994],[90.331808,23.799813],[90.331887,23.799816],[90.331871,23.799886],[90.331856,23.799954],[90.331846,23.799997],[90.331768,23.799994]]]}},{"type":"Feature","properties":{"survey":"bds","sheet":"070","dag":"34551","label_bn":"34551","area_sqm":162.6},"geometry":{"type":"Polygon","coordinates":[[[90.331004,23.799757],[90.331028,23.799727],[90.331079,23.799674],[90.331189,23.799747],[90.331095,23.799827],[90.331004,23.799757]]]}},{"type":"Feature","properties":{"survey":"bds","sheet":"070","dag":"34577","label_bn":"34577","area_sqm":162.6},"geometry":{"type":"Polygon","coordinates":[[[90.332205,23.799629],[90.332212,23.799629],[90.332228,23.799627],[90.332295,23.799622],[90.33234,23.799618],[90.332341,23.799629],[90.332343,23.799728],[90.332211,23.799733],[90.332205,23.799629]]]}},{"type":"Feature","properties":{"survey":"bds","sheet":"070","dag":"34556","label_bn":"34556","area_sqm":163.2},"geometry":{"type":"Polygon","coordinates":[[[90.331228,23.799727],[90.331294,23.799671],[90.331453,23.799754],[90.331423,23.799815],[90.331368,23.79979],[90.331316,23.799766],[90.331265,23.799744],[90.331249,23.799736],[90.331228,23.799727]]]}},{"type":"Feature","properties":{"survey":"bds","sheet":"070","dag":"34571","label_bn":"34571","area_sqm":163.2},"geometry":{"type":"Polygon","coordinates":[[[90.331964,23.799986],[90.331995,23.799913],[90.332009,23.799878],[90.332124,23.799893],[90.332102,23.800004],[90.332052,23.799997],[90.332052,23.799997],[90.331964,23.799986]]]}},{"type":"Feature","properties":{"survey":"bds","sheet":"070","dag":"34511","label_bn":"34511","area_sqm":166.2},"geometry":{"type":"Polygon","coordinates":[[[90.331657,23.800228],[90.331684,23.800148],[90.331828,23.800186],[90.331801,23.800291],[90.331657,23.800228]]]}},{"type":"Feature","properties":{"survey":"bds","sheet":"070","dag":"34885","label_bn":"34885","area_sqm":166.9},"geometry":{"type":"Polygon","coordinates":[[[90.330567,23.798869],[90.330599,23.798821],[90.330599,23.798821],[90.330761,23.798748],[90.330769,23.798745],[90.330783,23.79874],[90.330785,23.798804],[90.330785,23.798839],[90.330769,23.798844],[90.330673,23.798859],[90.330567,23.798869]]]}},{"type":"Feature","properties":{"survey":"bds","sheet":"070","dag":"34782","label_bn":"34782","area_sqm":175.9},"geometry":{"type":"Polygon","coordinates":[[[90.333017,23.798616],[90.333038,23.798618],[90.333044,23.798619],[90.333042,23.798631],[90.333035,23.798671],[90.333023,23.798735],[90.333021,23.798735],[90.333001,23.798733],[90.33289,23.798723],[90.332916,23.798606],[90.333017,23.798616]]]}},{"type":"Feature","properties":{"survey":"bds","sheet":"070","dag":"34786","label_bn":"34786","area_sqm":171.2},"geometry":{"type":"Polygon","coordinates":[[[90.333006,23.798915],[90.333016,23.798802],[90.333016,23.798801],[90.333023,23.798735],[90.333035,23.798671],[90.333042,23.798631],[90.333044,23.798619],[90.333038,23.798618],[90.333038,23.798616],[90.33304,23.798603],[90.333047,23.798604],[90.33305,23.798589],[90.333055,23.79856],[90.33306,23.798535],[90.333065,23.798535],[90.333067,23.798535],[90.333068,23.798529],[90.333076,23.798449],[90.333111,23.798466],[90.333106,23.798491],[90.333104,23.798499],[90.333092,23.798558],[90.333079,23.798617],[90.333063,23.798674],[90.333063,23.798674],[90.333053,23.798745],[90.333047,23.798816],[90.333038,23.798917],[90.333006,23.798915]]]}},{"type":"Feature","properties":{"survey":"bds","sheet":"070","dag":"34855","label_bn":"34855","area_sqm":171.8},"geometry":{"type":"Polygon","coordinates":[[[90.33209,23.797531],[90.332201,23.797535],[90.3322,23.797674],[90.332091,23.797668],[90.33209,23.797531]]]}},{"type":"Feature","properties":{"survey":"bds","sheet":"070","dag":"34694","label_bn":"34694","area_sqm":172.7},"geometry":{"type":"Polygon","coordinates":[[[90.332778,23.799085],[90.332786,23.798975],[90.332787,23.798962],[90.332877,23.798956],[90.332877,23.798961],[90.332877,23.798974],[90.332878,23.799037],[90.332893,23.799042],[90.332897,23.79911],[90.33282,23.79911],[90.332778,23.799085]]]}},{"type":"Feature","properties":{"survey":"bds","sheet":"070","dag":"34849","label_bn":"34849","area_sqm":172.9},"geometry":{"type":"Polygon","coordinates":[[[90.332664,23.798074],[90.332666,23.798006],[90.332696,23.798009],[90.332853,23.79804],[90.33281,23.798139],[90.332703,23.798091],[90.332664,23.798074]]]}},{"type":"Feature","properties":{"survey":"bds","sheet":"070","dag":"34664","label_bn":"34664","area_sqm":173.0},"geometry":{"type":"Polygon","coordinates":[[[90.331909,23.798987],[90.331909,23.798931],[90.331909,23.798916],[90.331909,23.798916],[90.332038,23.798924],[90.332092,23.798931],[90.332091,23.798937],[90.332088,23.798952],[90.332076,23.799025],[90.33198,23.799008],[90.331909,23.798987]]]}},{"type":"Feature","properties":{"survey":"bds","sheet":"070","dag":"34746","label_bn":"34746","area_sqm":173.3},"geometry":{"type":"Polygon","coordinates":[[[90.332176,23.798596],[90.332176,23.798593],[90.332187,23.798463],[90.332299,23.79847],[90.332296,23.798532],[90.332293,23.798579],[90.332294,23.798604],[90.332176,23.798596]]]}},{"type":"Feature","properties":{"survey":"bds","sheet":"070","dag":"34861","label_bn":"34861","area_sqm":173.3},"geometry":{"type":"Polygon","coordinates":[[[90.332477,23.797686],[90.332478,23.79757],[90.332573,23.797572],[90.332572,23.797684],[90.332572,23.797734],[90.332477,23.797731],[90.332477,23.797686]]]}},{"type":"Feature","properties":{"survey":"bds","sheet":"070","dag":"34512","label_bn":"34512","area_sqm":173.9},"geometry":{"type":"Polygon","coordinates":[[[90.331794,23.800318],[90.331801,23.800291],[90.331828,23.800186],[90.331829,23.800181],[90.331937,23.800194],[90.331903,23.800332],[90.331872,23.800327],[90.331794,23.800318]]]}},{"type":"Feature","properties":{"survey":"bds","sheet":"070","dag":"34520","label_bn":"34520","area_sqm":175.1},"geometry":{"type":"Polygon","coordinates":[[[90.332027,23.800171],[90.332052,23.799997],[90.332052,23.799997],[90.332102,23.800004],[90.332139,23.800008],[90.332114,23.800182],[90.332027,23.800171]]]}},{"type":"Feature","properties":{"survey":"bds","sheet":"070","dag":"34597","label_bn":"34597","area_sqm":176.9},"geometry":{"type":"Polygon","coordinates":[[[90.332765,23.799706],[90.332888,23.799708],[90.332893,23.799731],[90.332885,23.799827],[90.332884,23.799833],[90.332767,23.799835],[90.332766,23.799809],[90.332765,23.799706]]]}},{"type":"Feature","properties":{"survey":"bds","sheet":"070","dag":"34521","label_bn":"34521","area_sqm":177.7},"geometry":{"type":"Polygon","coordinates":[[[90.331938,23.80016],[90.331964,23.799986],[90.332052,23.799997],[90.332027,23.800171],[90.331938,23.80016]]]}},{"type":"Feature","properties":{"survey":"bds","sheet":"070","dag":"34596","label_bn":"34596","area_sqm":178.0},"geometry":{"type":"Polygon","coordinates":[[[90.332767,23.799835],[90.332884,23.799833],[90.332871,23.799952],[90.332868,23.799979],[90.332768,23.799978],[90.332768,23.799946],[90.332767,23.79984],[90.332767,23.799835]]]}},{"type":"Feature","properties":{"survey":"bds","sheet":"070","dag":"34598","label_bn":"34598","area_sqm":178.1},"geometry":{"type":"Polygon","coordinates":[[[90.332764,23.799571],[90.332848,23.799544],[90.332886,23.799699],[90.332888,23.799708],[90.332765,23.799706],[90.332765,23.799698],[90.332764,23.799571]]]}},{"type":"Feature","properties":{"survey":"bds","sheet":"070","dag":"34661","label_bn":"34661","area_sqm":180.0},"geometry":{"type":"Polygon","coordinates":[[[90.331716,23.799114],[90.331721,23.799051],[90.331725,23.798975],[90.331837,23.798985],[90.331833,23.799124],[90.331716,23.799114]]]}},{"type":"Feature","properties":{"survey":"bds","sheet":"070","dag":"34767","label_bn":"34767","area_sqm":181.9},"geometry":{"type":"Polygon","coordinates":[[[90.332452,23.798508],[90.332461,23.798446],[90.332462,23.798433],[90.332465,23.798415],[90.33253,23.798423],[90.332547,23.798425],[90.332553,23.798426],[90.332554,23.798586],[90.33246,23.798589],[90.332452,23.798508]]]}},{"type":"Feature","properties":{"survey":"bds","sheet":"070","dag":"34779","label_bn":"34779","area_sqm":182.7},"geometry":{"type":"Polygon","coordinates":[[[90.332868,23.798922],[90.332871,23.798794],[90.33301,23.798801],[90.333008,23.798813],[90.333,23.798877],[90.332998,23.798915],[90.332976,23.798916],[90.332868,23.798922]]]}},{"type":"Feature","properties":{"survey":"bds","sheet":"070","dag":"34509","label_bn":"34509","area_sqm":182.9},"geometry":{"type":"Polygon","coordinates":[[[90.331445,23.800194],[90.331475,23.800112],[90.331651,23.800136],[90.331619,23.800229],[90.331445,23.800194]]]}},{"type":"Feature","properties":{"survey":"bds","sheet":"070","dag":"34687","label_bn":"34687","area_sqm":183.2},"geometry":{"type":"Polygon","coordinates":[[[90.332599,23.799048],[90.332601,23.799038],[90.332606,23.799024],[90.332623,23.79897],[90.332634,23.798967],[90.332705,23.798964],[90.332703,23.799086],[90.33268,23.799195],[90.332623,23.799197],[90.332653,23.799062],[90.332599,23.799048]]]}},{"type":"Feature","properties":{"survey":"bds","sheet":"070","dag":"34778","label_bn":"34778","area_sqm":184.5},"geometry":{"type":"Polygon","coordinates":[[[90.332778,23.798926],[90.332793,23.798811],[90.332806,23.798713],[90.332873,23.798722],[90.332871,23.798794],[90.332868,23.798922],[90.332866,23.798922],[90.332783,23.798926],[90.332778,23.798926]]]}},{"type":"Feature","properties":{"survey":"bds","sheet":"070","dag":"34853","label_bn":"34853","area_sqm":187.5},"geometry":{"type":"Polygon","coordinates":[[[90.332087,23.797694],[90.332091,23.797668],[90.3322,23.797674],[90.332276,23.797679],[90.332363,23.797682],[90.332448,23.797686],[90.332477,23.797686],[90.332477,23.797731],[90.332477,23.797792],[90.332475,23.797886],[90.332475,23.797886],[90.332478,23.797948],[90.332463,23.797936],[90.332448,23.797924],[90.332447,23.7978],[90.332448,23.797711],[90.332364,23.797707],[90.332288,23.797705],[90.332186,23.797699],[90.332145,23.797699],[90.332106,23.797695],[90.332087,23.797694]]]}},{"type":"Feature","properties":{"survey":"bds","sheet":"070","dag":"34704","label_bn":"34704","area_sqm":188.8},"geometry":{"type":"Polygon","coordinates":[[[90.333078,23.798953],[90.333103,23.798952],[90.333126,23.798955],[90.333144,23.798958],[90.333152,23.798962],[90.333168,23.798973],[90.33317,23.798974],[90.333179,23.798987],[90.333202,23.799045],[90.333218,23.799104],[90.333202,23.799109],[90.333107,23.799136],[90.333101,23.799062],[90.333082,23.79897],[90.333079,23.79896],[90.333078,23.798953]]]}},{"type":"Feature","properties":{"survey":"bds","sheet":"070","dag":"34526","label_bn":"34526","area_sqm":191.8},"geometry":{"type":"Polygon","coordinates":[[[90.331416,23.80007],[90.331428,23.800003],[90.331441,23.799946],[90.331529,23.799967],[90.331573,23.799978],[90.331553,23.800094],[90.331416,23.80007]]]}},{"type":"Feature","properties":{"survey":"bds","sheet":"070","dag":"34588","label_bn":"34588","area_sqm":192.8},"geometry":{"type":"Polygon","coordinates":[[[90.332382,23.799966],[90.332502,23.79996],[90.332503,23.800117],[90.33244,23.800105],[90.332384,23.800094],[90.332382,23.799966]]]}},{"type":"Feature","properties":{"survey":"bds","sheet":"070","dag":"34798","label_bn":"34798","area_sqm":194.8},"geometry":{"type":"Polygon","coordinates":[[[90.331334,23.797576],[90.331419,23.797576],[90.331533,23.797739],[90.331474,23.797783],[90.331385,23.797666],[90.331334,23.797576]]]}},{"type":"Feature","properties":{"survey":"bds","sheet":"070","dag":"34705","label_bn":"34705","area_sqm":195.4},"geometry":{"type":"Polygon","coordinates":[[[90.333107,23.799136],[90.333202,23.799109],[90.333218,23.799104],[90.333218,23.799104],[90.333232,23.799155],[90.333246,23.799206],[90.333245,23.799206],[90.333204,23.79925],[90.333153,23.799281],[90.33313,23.799303],[90.333128,23.799304],[90.333129,23.799296],[90.333107,23.799136]]]}},{"type":"Feature","properties":{"survey":"bds","sheet":"070","dag":"34605","label_bn":"34605","area_sqm":196.0},"geometry":{"type":"Polygon","coordinates":[[[90.332784,23.800149],[90.332863,23.800066],[90.332863,23.800066],[90.332901,23.800019],[90.332922,23.799992],[90.332954,23.79996],[90.332984,23.799911],[90.332998,23.79986],[90.333016,23.799794],[90.33302,23.799776],[90.333024,23.799759],[90.333064,23.799759],[90.333007,23.799959],[90.33299,23.799973],[90.33295,23.80001],[90.332887,23.800092],[90.332821,23.800166],[90.332784,23.800149]]]}},{"type":"Feature","properties":{"survey":"bds","sheet":"070","dag":"34832","label_bn":"34832","area_sqm":197.3},"geometry":{"type":"Polygon","coordinates":[[[90.332212,23.798203],[90.332213,23.798131],[90.332214,23.798121],[90.332215,23.79808],[90.332284,23.798087],[90.332365,23.798097],[90.332352,23.798152],[90.332343,23.79819],[90.332335,23.798222],[90.332212,23.798203]]]}},{"type":"Feature","properties":{"survey":"bds","sheet":"070","dag":"34609","label_bn":"34609","area_sqm":197.5},"geometry":{"type":"Polygon","coordinates":[[[90.332934,23.800172],[90.332943,23.80008],[90.333055,23.800091],[90.333122,23.800098],[90.33311,23.800201],[90.333106,23.8002],[90.333023,23.800186],[90.332934,23.800172]]]}},{"type":"Feature","properties":{"survey":"bds","sheet":"070","dag":"34728","label_bn":"34728","area_sqm":198.7},"geometry":{"type":"Polygon","coordinates":[[[90.331629,23.798742],[90.331635,23.798684],[90.331637,23.798663],[90.33165,23.798546],[90.331768,23.798414],[90.331774,23.798341],[90.331786,23.798295],[90.331815,23.798246],[90.331823,23.798203],[90.331823,23.798203],[90.331834,23.798213],[90.331862,23.79824],[90.331834,23.79827],[90.331803,23.798338],[90.331798,23.798381],[90.331792,23.798423],[90.331777,23.798442],[90.331742,23.798487],[90.331735,23.798497],[90.331679,23.798555],[90.331673,23.79863],[90.331667,23.798695],[90.331666,23.798712],[90.331664,23.798737],[90.331645,23.79874],[90.331629,23.798742]]]}},{"type":"Feature","properties":{"survey":"bds","sheet":"070","dag":"34565","label_bn":"34565","area_sqm":201.2},"geometry":{"type":"Polygon","coordinates":[[[90.331705,23.800001],[90.331725,23.799906],[90.331745,23.799787],[90.331773,23.79972],[90.33183,23.799732],[90.331808,23.799813],[90.331768,23.799994],[90.331767,23.8],[90.331715,23.800004],[90.331705,23.800001]]]}},{"type":"Feature","properties":{"survey":"bds","sheet":"070","dag":"34737","label_bn":"34737","area_sqm":201.8},"geometry":{"type":"Polygon","coordinates":[[[90.332047,23.79879],[90.33205,23.79877],[90.332059,23.79871],[90.332074,23.798607],[90.332174,23.798615],[90.332174,23.798616],[90.332173,23.798616],[90.332172,23.798629],[90.332167,23.798658],[90.332157,23.798725],[90.33214,23.798791],[90.332121,23.798791],[90.332084,23.798788],[90.332065,23.798792],[90.332051,23.79879],[90.332047,23.79879]]]}},{"type":"Feature","properties":{"survey":"bds","sheet":"070","dag":"34771","label_bn":"34771","area_sqm":202.7},"geometry":{"type":"Polygon","coordinates":[[[90.332621,23.798922],[90.332651,23.798709],[90.332734,23.798709],[90.332721,23.798807],[90.332703,23.798927],[90.332622,23.798922],[90.332621,23.798922]]]}},{"type":"Feature","properties":{"survey":"bds","sheet":"070","dag":"34847","label_bn":"34847","area_sqm":203.2},"geometry":{"type":"Polygon","coordinates":[[[90.33281,23.798139],[90.332853,23.79804],[90.33286,23.798026],[90.332869,23.798005],[90.332962,23.798035],[90.332968,23.798037],[90.332941,23.798184],[90.33294,23.798185],[90.33281,23.798139]]]}},{"type":"Feature","properties":{"survey":"bds","sheet":"070","dag":"34599","label_bn":"34599","area_sqm":203.8},"geometry":{"type":"Polygon","coordinates":[[[90.332848,23.799544],[90.332881,23.799532],[90.332906,23.799635],[90.332929,23.799733],[90.332924,23.799791],[90.332917,23.799859],[90.332902,23.799989],[90.332901,23.800019],[90.332863,23.800066],[90.332861,23.80004],[90.332868,23.799979],[90.332871,23.799952],[90.332884,23.799833],[90.332885,23.799827],[90.332893,23.799731],[90.332888,23.799708],[90.332886,23.799699],[90.332848,23.799544]]]}},{"type":"Feature","properties":{"survey":"bds","sheet":"070","dag":"34707","label_bn":"34707","area_sqm":204.7},"geometry":{"type":"Polygon","coordinates":[[[90.333005,23.798951],[90.333006,23.798915],[90.333038,23.798917],[90.333097,23.798921],[90.333174,23.798927],[90.333208,23.798928],[90.333202,23.798964],[90.333227,23.798992],[90.333241,23.799031],[90.333287,23.799207],[90.333264,23.799249],[90.33325,23.799222],[90.333246,23.799206],[90.333232,23.799155],[90.333218,23.799104],[90.333218,23.799104],[90.333202,23.799045],[90.333179,23.798987],[90.33317,23.798974],[90.333168,23.798973],[90.333152,23.798962],[90.333144,23.798958],[90.333126,23.798955],[90.333103,23.798952],[90.333078,23.798953],[90.333005,23.798951]]]}},{"type":"Feature","properties":{"survey":"bds","sheet":"070","dag":"34523","label_bn":"34523","area_sqm":204.7},"geometry":{"type":"Polygon","coordinates":[[[90.331695,23.800132],[90.331715,23.800004],[90.331767,23.8],[90.331768,23.799994],[90.331846,23.799997],[90.331831,23.800072],[90.331815,23.800148],[90.331815,23.800148],[90.331695,23.800132]]]}},{"type":"Feature","properties":{"survey":"bds","sheet":"070","dag":"34685","label_bn":"34685","area_sqm":210.1},"geometry":{"type":"Polygon","coordinates":[[[90.332467,23.799558],[90.332469,23.799556],[90.332471,23.799545],[90.33249,23.799454],[90.332494,23.799433],[90.332495,23.799423],[90.332498,23.799411],[90.33251,23.799352],[90.332522,23.799299],[90.332522,23.799297],[90.332555,23.799093],[90.332572,23.799011],[90.332583,23.798964],[90.332583,23.798963],[90.332616,23.798956],[90.332612,23.79898],[90.332601,23.799038],[90.332599,23.799048],[90.332571,23.799193],[90.332555,23.799272],[90.332537,23.799367],[90.332522,23.799436],[90.3325,23.79954],[90.332497,23.799554],[90.332467,23.799558]]]}},{"type":"Feature","properties":{"survey":"bds","sheet":"070","dag":"34552","label_bn":"34552","area_sqm":210.3},"geometry":{"type":"Polygon","coordinates":[[[90.331079,23.799674],[90.331172,23.79958],[90.331289,23.799663],[90.331294,23.799671],[90.331228,23.799727],[90.331218,23.799723],[90.331189,23.799747],[90.331079,23.799674]]]}},{"type":"Feature","properties":{"survey":"bds","sheet":"070","dag":"34502","label_bn":"34502","area_sqm":214.9},"geometry":{"type":"Polygon","coordinates":[[[90.330689,23.800081],[90.330717,23.799997],[90.33092,23.80005],[90.330885,23.800138],[90.330868,23.800133],[90.330689,23.800081]]]}},{"type":"Feature","properties":{"survey":"bds","sheet":"070","dag":"34672","label_bn":"34672","area_sqm":214.9},"geometry":{"type":"Polygon","coordinates":[[[90.332161,23.799493],[90.332169,23.79942],[90.332166,23.799338],[90.33218,23.799338],[90.33231,23.799348],[90.332292,23.79942],[90.332265,23.799499],[90.332161,23.799493]]]}},{"type":"Feature","properties":{"survey":"bds","sheet":"070","dag":"34854","label_bn":"34854","area_sqm":215.1},"geometry":{"type":"Polygon","coordinates":[[[90.331936,23.7975],[90.33209,23.797531],[90.332091,23.797668],[90.332087,23.797694],[90.332068,23.797693],[90.332016,23.797683],[90.331936,23.7975]]]}},{"type":"Feature","properties":{"survey":"bds","sheet":"070","dag":"34633","label_bn":"34633","area_sqm":216.1},"geometry":{"type":"Polygon","coordinates":[[[90.331053,23.799105],[90.331069,23.798991],[90.331181,23.799015],[90.331194,23.799032],[90.331161,23.799202],[90.331134,23.799179],[90.331053,23.799105]]]}},{"type":"Feature","properties":{"survey":"bds","sheet":"070","dag":"34787","label_bn":"34787","area_sqm":229.4},"geometry":{"type":"Polygon","coordinates":[[[90.333222,23.798831],[90.333232,23.798898],[90.333213,23.798921],[90.333208,23.798928],[90.333174,23.798927],[90.333097,23.798921],[90.333038,23.798917],[90.333047,23.798816],[90.333219,23.798808],[90.333222,23.798831]]]}},{"type":"Feature","properties":{"survey":"bds","sheet":"070","dag":"34663","label_bn":"34663","area_sqm":219.4},"geometry":{"type":"Polygon","coordinates":[[[90.331833,23.799124],[90.331837,23.798985],[90.331839,23.798982],[90.331909,23.798987],[90.33198,23.799008],[90.331961,23.799139],[90.331901,23.799131],[90.331833,23.799124]]]}},{"type":"Feature","properties":{"survey":"bds","sheet":"070","dag":"34591","label_bn":"34591","area_sqm":220.2},"geometry":{"type":"Polygon","coordinates":[[[90.332608,23.799597],[90.332646,23.799595],[90.332646,23.799605],[90.332649,23.799845],[90.332653,23.800086],[90.332652,23.800117],[90.332616,23.800114],[90.332608,23.799606],[90.332608,23.799597]]]}},{"type":"Feature","properties":{"survey":"bds","sheet":"070","dag":"34665","label_bn":"34665","area_sqm":220.7},"geometry":{"type":"Polygon","coordinates":[[[90.331961,23.799139],[90.33198,23.799008],[90.332076,23.799025],[90.332071,23.799074],[90.332154,23.799091],[90.332153,23.799168],[90.332043,23.799146],[90.331961,23.799139]]]}},{"type":"Feature","properties":{"survey":"bds","sheet":"070","dag":"34508","label_bn":"34508","area_sqm":222.0},"geometry":{"type":"Polygon","coordinates":[[[90.331264,23.800178],[90.331299,23.800075],[90.331475,23.800112],[90.331445,23.800194],[90.331437,23.800218],[90.331264,23.800178]]]}},{"type":"Feature","properties":{"survey":"bds","sheet":"070","dag":"34669","label_bn":"34669","area_sqm":222.2},"geometry":{"type":"Polygon","coordinates":[[[90.332234,23.79895],[90.332241,23.79895],[90.332387,23.798954],[90.332386,23.798967],[90.332378,23.799075],[90.332371,23.799131],[90.332367,23.799132],[90.332286,23.799122],[90.332291,23.79909],[90.33224,23.798964],[90.332234,23.79895]]]}},{"type":"Feature","properties":{"survey":"bds","sheet":"070","dag":"34554","label_bn":"34554","area_sqm":224.3},"geometry":{"type":"Polygon","coordinates":[[[90.331365,23.799591],[90.331466,23.799476],[90.33147,23.799471],[90.331504,23.799481],[90.331539,23.799489],[90.331574,23.799497],[90.331532,23.799633],[90.331365,23.799591]]]}},{"type":"Feature","properties":{"survey":"bds","sheet":"070","dag":"34745","label_bn":"34745","area_sqm":227.2},"geometry":{"type":"Polygon","coordinates":[[[90.332074,23.798607],[90.332087,23.798478],[90.332137,23.798479],[90.332141,23.798359],[90.332142,23.798345],[90.332143,23.798345],[90.332195,23.798347],[90.332194,23.798364],[90.332187,23.798463],[90.332176,23.798593],[90.332176,23.798596],[90.332174,23.798615],[90.332074,23.798607]]]}},{"type":"Feature","properties":{"survey":"bds","sheet":"070","dag":"34877","label_bn":"34877","area_sqm":229.2},"geometry":{"type":"Polygon","coordinates":[[[90.332968,23.797941],[90.332945,23.797912],[90.333021,23.797746],[90.333074,23.7978],[90.333127,23.797844],[90.33313,23.797846],[90.333121,23.7979],[90.333079,23.797906],[90.333028,23.797924],[90.332997,23.797952],[90.332968,23.797941]]]}},{"type":"Feature","properties":{"survey":"bds","sheet":"070","dag":"34870","label_bn":"34870","area_sqm":229.4},"geometry":{"type":"Polygon","coordinates":[[[90.332695,23.797734],[90.332698,23.797575],[90.332825,23.797577],[90.332823,23.797736],[90.332695,23.797734]]]}},{"type":"Feature","properties":{"survey":"bds","sheet":"070","dag":"34615","label_bn":"34615","area_sqm":230.4},"geometry":{"type":"Polygon","coordinates":[[[90.333305,23.799993],[90.333324,23.799824],[90.333326,23.799807],[90.333364,23.799815],[90.333443,23.799828],[90.333441,23.799845],[90.333421,23.79999],[90.333305,23.799993]]]}},{"type":"Feature","properties":{"survey":"bds","sheet":"070","dag":"34562","label_bn":"34562","area_sqm":231.1},"geometry":{"type":"Polygon","coordinates":[[[90.331667,23.799774],[90.331675,23.79974],[90.331725,23.799525],[90.331808,23.799535],[90.331762,23.799718],[90.331733,23.799785],[90.331667,23.799774]]]}},{"type":"Feature","properties":{"survey":"bds","sheet":"070","dag":"34628","label_bn":"34628","area_sqm":231.4},"geometry":{"type":"Polygon","coordinates":[[[90.330887,23.798855],[90.331037,23.798843],[90.33104,23.798916],[90.331069,23.798916],[90.331069,23.798976],[90.330888,23.798969],[90.330887,23.798855]]]}},{"type":"Feature","properties":{"survey":"bds","sheet":"070","dag":"34845","label_bn":"34845","area_sqm":232.3},"geometry":{"type":"Polygon","coordinates":[[[90.33299,23.797968],[90.332997,23.797952],[90.333032,23.797952],[90.333058,23.797933],[90.333106,23.797924],[90.33317,23.797917],[90.333216,23.797925],[90.33328,23.797935],[90.333326,23.797948],[90.333375,23.797977],[90.333392,23.797997],[90.333179,23.797986],[90.333031,23.79799],[90.332995,23.797974],[90.33299,23.797968]]]}},{"type":"Feature","properties":{"survey":"bds","sheet":"070","dag":"34642","label_bn":"34642","area_sqm":232.9},"geometry":{"type":"Polygon","coordinates":[[[90.331564,23.799039],[90.331566,23.798971],[90.331566,23.798905],[90.331566,23.798901],[90.331708,23.798906],[90.331704,23.79905],[90.331577,23.79905],[90.331565,23.799046],[90.331564,23.799039]]]}},{"type":"Feature","properties":{"survey":"bds","sheet":"070","dag":"34567","label_bn":"34567","area_sqm":235.4},"geometry":{"type":"Polygon","coordinates":[[[90.331808,23.799813],[90.33183,23.799732],[90.331873,23.799551],[90.331874,23.799543],[90.33195,23.799555],[90.331946,23.799571],[90.331887,23.799816],[90.331808,23.799813]]]}},{"type":"Feature","properties":{"survey":"bds","sheet":"070","dag":"34819","label_bn":"34819","area_sqm":238.7},"geometry":{"type":"Polygon","coordinates":[[[90.332103,23.797984],[90.332208,23.797988],[90.332215,23.79808],[90.332214,23.798121],[90.332205,23.798121],[90.332204,23.798134],[90.332204,23.798197],[90.332113,23.798196],[90.332116,23.798106],[90.332105,23.798107],[90.332107,23.798082],[90.332103,23.797984]]]}},{"type":"Feature","properties":{"survey":"bds","sheet":"070","dag":"34727","label_bn":"34727","area_sqm":243.7},"geometry":{"type":"Polygon","coordinates":[[[90.33162,23.798195],[90.331689,23.798085],[90.331762,23.798147],[90.33178,23.798164],[90.331823,23.798203],[90.331823,23.798203],[90.331815,23.798246],[90.331786,23.798295],[90.33162,23.798195]]]}},{"type":"Feature","properties":{"survey":"bds","sheet":"070","dag":"34717","label_bn":"34717","area_sqm":244.2},"geometry":{"type":"Polygon","coordinates":[[[90.331207,23.798741],[90.331222,23.798597],[90.331227,23.798547],[90.331276,23.798585],[90.331277,23.798586],[90.33138,23.798645],[90.33135,23.798736],[90.331349,23.798736],[90.33132,23.798735],[90.331271,23.798737],[90.331207,23.798741]]]}},{"type":"Feature","properties":{"survey":"bds","sheet":"070","dag":"34848","label_bn":"34848","area_sqm":244.3},"geometry":{"type":"Polygon","coordinates":[[[90.332695,23.797912],[90.332821,23.797916],[90.332847,23.797917],[90.332849,23.797894],[90.33291,23.797919],[90.332869,23.798005],[90.33286,23.798026],[90.332853,23.79804],[90.332696,23.798009],[90.332695,23.797912]]]}},{"type":"Feature","properties":{"survey":"bds","sheet":"070","dag":"34540","label_bn":"34540","area_sqm":246.3},"geometry":{"type":"Polygon","coordinates":[[[90.331024,23.79989],[90.331063,23.799853],[90.331095,23.799827],[90.331167,23.79985],[90.331178,23.799854],[90.331181,23.799855],[90.331136,23.800024],[90.331133,23.800023],[90.331122,23.800021],[90.331039,23.800003],[90.331035,23.799987],[90.33103,23.799944],[90.331024,23.79989]]]}},{"type":"Feature","properties":{"survey":"bds","sheet":"070","dag":"34784","label_bn":"34784","area_sqm":246.6},"geometry":{"type":"Polygon","coordinates":[[[90.332919,23.79859],[90.332921,23.798573],[90.332946,23.798397],[90.332948,23.798388],[90.332992,23.798398],[90.333019,23.798414],[90.333037,23.79843],[90.333044,23.798447],[90.333048,23.798488],[90.333047,23.798533],[90.333042,23.798588],[90.333041,23.798598],[90.33304,23.798603],[90.332919,23.79859]]]}},{"type":"Feature","properties":{"survey":"bds","sheet":"070","dag":"34842","label_bn":"34842","area_sqm":248.9},"geometry":{"type":"Polygon","coordinates":[[[90.332798,23.798318],[90.33281,23.798139],[90.33294,23.798185],[90.332935,23.798224],[90.332919,23.79834],[90.332918,23.798346],[90.33284,23.798328],[90.332798,23.798318]]]}},{"type":"Feature","properties":{"survey":"bds","sheet":"070","dag":"34522","label_bn":"34522","area_sqm":249.3},"geometry":{"type":"Polygon","coordinates":[[[90.331815,23.800148],[90.331815,23.800148],[90.331831,23.800072],[90.331846,23.799997],[90.331856,23.799954],[90.331856,23.799955],[90.331964,23.799986],[90.331938,23.80016],[90.331815,23.800148]]]}},{"type":"Feature","properties":{"survey":"bds","sheet":"070","dag":"34668","label_bn":"34668","area_sqm":253.1},"geometry":{"type":"Polygon","coordinates":[[[90.332161,23.799081],[90.332186,23.798962],[90.33219,23.798947],[90.332234,23.79895],[90.33224,23.798964],[90.332291,23.79909],[90.332286,23.799122],[90.332278,23.799172],[90.332174,23.799168],[90.332162,23.799168],[90.332161,23.799081]]]}},{"type":"Feature","properties":{"survey":"bds","sheet":"070","dag":"34715","label_bn":"34715","area_sqm":257.5},"geometry":{"type":"Polygon","coordinates":[[[90.331045,23.798604],[90.331222,23.798597],[90.331207,23.798741],[90.331206,23.798741],[90.331186,23.798742],[90.331089,23.798751],[90.331084,23.798752],[90.331075,23.798753],[90.331045,23.798604]]]}},{"type":"Feature","properties":{"survey":"bds","sheet":"070","dag":"34716","label_bn":"34716","area_sqm":257.7},"geometry":{"type":"Polygon","coordinates":[[[90.331016,23.798467],[90.33106,23.79845],[90.331088,23.798449],[90.331227,23.798547],[90.331222,23.798597],[90.331045,23.798604],[90.331016,23.798467]]]}},{"type":"Feature","properties":{"survey":"bds","sheet":"070","dag":"34683","label_bn":"34683","area_sqm":258.9},"geometry":{"type":"Polygon","coordinates":[[[90.332378,23.799075],[90.332386,23.798967],[90.332387,23.798954],[90.332398,23.798955],[90.332461,23.798955],[90.332583,23.798964],[90.332572,23.799011],[90.332535,23.799091],[90.33252,23.799089],[90.332378,23.799075]]]}},{"type":"Feature","properties":{"survey":"bds","sheet":"070","dag":"34712","label_bn":"34712","area_sqm":261.3},"geometry":{"type":"Polygon","coordinates":[[[90.330936,23.798497],[90.33096,23.798488],[90.331016,23.798467],[90.331045,23.798604],[90.331075,23.798753],[90.331017,23.798758],[90.330996,23.798758],[90.330936,23.798497]]]}},{"type":"Feature","properties":{"survey":"bds","sheet":"070","dag":"34699","label_bn":"34699","area_sqm":271.7},"geometry":{"type":"Polygon","coordinates":[[[90.333002,23.799146],[90.333107,23.799136],[90.333129,23.799296],[90.333128,23.799304],[90.333128,23.799309],[90.333087,23.799344],[90.333026,23.799395],[90.33302,23.7994],[90.333002,23.799146]]]}},{"type":"Feature","properties":{"survey":"bds","sheet":"070","dag":"34653","label_bn":"34653","area_sqm":272.7},"geometry":{"type":"Polygon","coordinates":[[[90.331405,23.799391],[90.331419,23.799344],[90.331464,23.799206],[90.33156,23.799218],[90.331536,23.799431],[90.331511,23.799425],[90.331459,23.799412],[90.331423,23.799398],[90.331405,23.799391]]]}},{"type":"Feature","properties":{"survey":"bds","sheet":"070","dag":"34582","label_bn":"34582","area_sqm":273.3},"geometry":{"type":"Polygon","coordinates":[[[90.33234,23.799618],[90.332376,23.799615],[90.332376,23.799626],[90.332378,23.799719],[90.332379,23.799804],[90.332379,23.799804],[90.332379,23.799804],[90.332381,23.799891],[90.332382,23.799966],[90.332384,23.800094],[90.33244,23.800105],[90.332383,23.80039],[90.332367,23.80039],[90.332397,23.800248],[90.332399,23.800216],[90.332416,23.800131],[90.332348,23.800124],[90.332347,23.800056],[90.332347,23.799974],[90.332345,23.799896],[90.332345,23.799864],[90.332344,23.799809],[90.332343,23.799728],[90.332341,23.799629],[90.33234,23.799618]]]}},{"type":"Feature","properties":{"survey":"bds","sheet":"070","dag":"34549","label_bn":"34549","area_sqm":276.2},"geometry":{"type":"Polygon","coordinates":[[[90.331088,23.79945],[90.331101,23.799436],[90.331203,23.799321],[90.331334,23.799415],[90.331329,23.79942],[90.331236,23.799515],[90.331088,23.79945]]]}},{"type":"Feature","properties":{"survey":"bds","sheet":"070","dag":"34860","label_bn":"34860","area_sqm":276.4},"geometry":{"type":"Polygon","coordinates":[[[90.332478,23.79757],[90.332484,23.797544],[90.332615,23.797546],[90.332764,23.797549],[90.332841,23.79755],[90.332858,23.797549],[90.332955,23.797549],[90.333034,23.797505],[90.333118,23.797474],[90.333181,23.797458],[90.333238,23.797447],[90.333262,23.797488],[90.333231,23.797486],[90.333192,23.797494],[90.333152,23.797505],[90.333108,23.797514],[90.333048,23.797535],[90.333014,23.797557],[90.332958,23.797581],[90.332854,23.797578],[90.332825,23.797577],[90.332698,23.797575],[90.332668,23.797575],[90.332573,23.797572],[90.332478,23.79757]]]}},{"type":"Feature","properties":{"survey":"bds","sheet":"070","dag":"34830","label_bn":"34830","area_sqm":277.0},"geometry":{"type":"Polygon","coordinates":[[[90.332284,23.798087],[90.332361,23.797843],[90.332387,23.797867],[90.332448,23.797924],[90.332463,23.797936],[90.332478,23.797948],[90.332482,23.797952],[90.332456,23.797978],[90.332445,23.797988],[90.332414,23.798026],[90.332365,23.798097],[90.332284,23.798087]]]}},{"type":"Feature","properties":{"survey":"bds","sheet":"070","dag":"34555","label_bn":"34555","area_sqm":277.2},"geometry":{"type":"Polygon","coordinates":[[[90.331289,23.799663],[90.331365,23.799591],[90.331532,23.799633],[90.331488,23.799771],[90.331453,23.799754],[90.331294,23.799671],[90.331289,23.799663]]]}},{"type":"Feature","properties":{"survey":"bds","sheet":"070","dag":"34548","label_bn":"34548","area_sqm":297.9},"geometry":{"type":"Polygon","coordinates":[[[90.330969,23.799361],[90.331058,23.799218],[90.331203,23.799321],[90.331101,23.799436],[90.330969,23.799361]]]}},{"type":"Feature","properties":{"survey":"bds","sheet":"070","dag":"34594","label_bn":"34594","area_sqm":319.2},"geometry":{"type":"Polygon","coordinates":[[[90.332649,23.799845],[90.332767,23.79984],[90.332768,23.799946],[90.332768,23.799978],[90.332768,23.800078],[90.332653,23.800087],[90.332653,23.800086],[90.332653,23.800086],[90.332649,23.799845]]]}},{"type":"Feature","properties":{"survey":"bds","sheet":"070","dag":"34513","label_bn":"34513","area_sqm":319.3},"geometry":{"type":"Polygon","coordinates":[[[90.331903,23.800332],[90.331937,23.800194],[90.332132,23.800216],[90.332103,23.800356],[90.332005,23.800345],[90.331943,23.800337],[90.331903,23.800332]]]}},{"type":"Feature","properties":{"survey":"bds","sheet":"070","dag":"34519","label_bn":"34519","area_sqm":319.5},"geometry":{"type":"Polygon","coordinates":[[[90.332114,23.800182],[90.332139,23.800008],[90.332171,23.800013],[90.33224,23.800021],[90.332237,23.800061],[90.332295,23.800054],[90.332299,23.800205],[90.332114,23.800182]]]}},{"type":"Feature","properties":{"survey":"bds","sheet":"070","dag":"34735","label_bn":"34735","area_sqm":319.7},"geometry":{"type":"Polygon","coordinates":[[[90.331841,23.798859],[90.331851,23.798775],[90.332047,23.79879],[90.332051,23.79879],[90.332065,23.798792],[90.332084,23.798788],[90.332121,23.798791],[90.332106,23.798905],[90.331908,23.798883],[90.33187,23.798872],[90.331841,23.798859]]]}},{"type":"Feature","properties":{"survey":"bds","sheet":"070","dag":"34698","label_bn":"34698","area_sqm":330.0},"geometry":{"type":"Polygon","coordinates":[[[90.3329,23.799156],[90.332939,23.799152],[90.332982,23.799148],[90.333002,23.799146],[90.33302,23.7994],[90.332924,23.799476],[90.332919,23.7994],[90.332913,23.799306],[90.332907,23.799237],[90.3329,23.799156]]]}},{"type":"Feature","properties":{"survey":"bds","sheet":"070","dag":"34593","label_bn":"34593","area_sqm":343.5},"geometry":{"type":"Polygon","coordinates":[[[90.332646,23.799595],[90.33271,23.799591],[90.332734,23.799576],[90.332764,23.799571],[90.332765,23.799698],[90.332765,23.799706],[90.332766,23.799809],[90.332767,23.799835],[90.332767,23.79984],[90.332649,23.799845],[90.332646,23.799605],[90.332646,23.799595]]]}},{"type":"Feature","properties":{"survey":"bds","sheet":"070","dag":"34796","label_bn":"34796","area_sqm":355.5},"geometry":{"type":"Polygon","coordinates":[[[90.332997,23.797952],[90.333028,23.797924],[90.333079,23.797906],[90.333121,23.7979],[90.33317,23.797899],[90.33324,23.797908],[90.333263,23.797912],[90.333298,23.797925],[90.333343,23.797941],[90.33338,23.797962],[90.333402,23.797975],[90.333456,23.797988],[90.333469,23.798046],[90.333475,23.798074],[90.333484,23.798158],[90.333495,23.798182],[90.333506,23.798209],[90.333517,23.798237],[90.333505,23.79824],[90.333489,23.798242],[90.33349,23.798279],[90.333484,23.798316],[90.33344,23.798387],[90.333409,23.798429],[90.333368,23.798462],[90.33329,23.798464],[90.333271,23.798464],[90.333249,23.798464],[90.333228,23.798464],[90.333172,23.798465],[90.333166,23.798465],[90.333165,23.798465],[90.333111,23.798466],[90.333118,23.798429],[90.333158,23.798436],[90.333193,23.798437],[90.333233,23.798439],[90.333266,23.79844],[90.333331,23.79843],[90.333387,23.798402],[90.333427,23.798354],[90.33348,23.798248],[90.333481,23.79823],[90.333433,23.798042],[90.333405,23.798011],[90.333392,23.797997],[90.333375,23.797977],[90.333326,23.797948],[90.33328,23.797935],[90.333216,23.797925],[90.33317,23.797917],[90.333106,23.797924],[90.333058,23.797933],[90.333032,23.797952],[90.332997,23.797952]]]}},{"type":"Feature","properties":{"survey":"bds","sheet":"070","dag":"34561","label_bn":"34561","area_sqm":359.5},"geometry":{"type":"Polygon","coordinates":[[[90.331526,23.799712],[90.331588,23.799502],[90.331725,23.799525],[90.331675,23.79974],[90.331526,23.799712]]]}},{"type":"Feature","properties":{"survey":"bds","sheet":"070","dag":"34544","label_bn":"34544","area_sqm":361.8},"geometry":{"type":"Polygon","coordinates":[[[90.330728,23.799751],[90.330888,23.799492],[90.330998,23.799552],[90.330897,23.79968],[90.330817,23.79978],[90.330728,23.799751]]]}},{"type":"Feature","properties":{"survey":"bds","sheet":"070","dag":"34831","label_bn":"34831","area_sqm":362.6},"geometry":{"type":"Polygon","coordinates":[[[90.332201,23.797895],[90.332203,23.797807],[90.332285,23.797816],[90.332339,23.797827],[90.332361,23.797843],[90.332284,23.798087],[90.332215,23.79808],[90.332208,23.797988],[90.332201,23.797895]]]}},{"type":"Feature","properties":{"survey":"bds","sheet":"070","dag":"34545","label_bn":"34545","area_sqm":363.2},"geometry":{"type":"Polygon","coordinates":[[[90.330585,23.799903],[90.330916,23.799372],[90.330938,23.799344],[90.331035,23.799202],[90.331046,23.79921],[90.331058,23.799218],[90.330969,23.799361],[90.330929,23.799427],[90.330888,23.799492],[90.330728,23.799751],[90.330614,23.799927],[90.330609,23.799935],[90.330606,23.799942],[90.330585,23.799903]]]}},{"type":"Feature","properties":{"survey":"bds","sheet":"070","dag":"34680","label_bn":"34680","area_sqm":368.0},"geometry":{"type":"Polygon","coordinates":[[[90.332334,23.799258],[90.332356,23.799185],[90.332367,23.799132],[90.332371,23.799131],[90.332378,23.799075],[90.33252,23.799089],[90.332535,23.799091],[90.332512,23.79914],[90.332523,23.799196],[90.332522,23.799297],[90.332501,23.799293],[90.332342,23.799261],[90.332334,23.799258]]]}},{"type":"Feature","properties":{"survey":"bds","sheet":"070","dag":"34801","label_bn":"34801","area_sqm":369.1},"geometry":{"type":"Polygon","coordinates":[[[90.331632,23.797953],[90.331694,23.797886],[90.331712,23.797906],[90.331853,23.797856],[90.331878,23.797952],[90.331894,23.798035],[90.331799,23.79808],[90.331799,23.79808],[90.331792,23.798073],[90.331754,23.798038],[90.331683,23.797964],[90.331648,23.797971],[90.331632,23.797953]]]}},{"type":"Feature","properties":{"survey":"bds","sheet":"070","dag":"34772","label_bn":"34772","area_sqm":372.6},"geometry":{"type":"Polygon","coordinates":[[[90.332651,23.798709],[90.332653,23.798624],[90.332653,23.798411],[90.332689,23.798401],[90.332735,23.798381],[90.332752,23.798374],[90.332752,23.798378],[90.332761,23.798527],[90.332761,23.79857],[90.332756,23.798647],[90.33275,23.798709],[90.332734,23.798709],[90.332651,23.798709]]]}},{"type":"Feature","properties":{"survey":"bds","sheet":"070","dag":"34836","label_bn":"34836","area_sqm":372.7},"geometry":{"type":"Polygon","coordinates":[[[90.332383,23.798358],[90.332405,23.798254],[90.332416,23.798203],[90.332424,23.798166],[90.332456,23.797978],[90.332482,23.797952],[90.332549,23.798003],[90.332452,23.798373],[90.332427,23.79837],[90.332383,23.798358]]]}},{"type":"Feature","properties":{"survey":"bds","sheet":"070","dag":"34506","label_bn":"34506","area_sqm":373.3},"geometry":{"type":"Polygon","coordinates":[[[90.330986,23.800135],[90.331011,23.800076],[90.331039,23.800003],[90.331122,23.800021],[90.331133,23.800023],[90.331136,23.800024],[90.331179,23.800033],[90.331197,23.800039],[90.331274,23.800066],[90.331237,23.800175],[90.331097,23.800157],[90.330986,23.800135]]]}},{"type":"Feature","properties":{"survey":"bds","sheet":"070","dag":"34710","label_bn":"34710","area_sqm":394.2},"geometry":{"type":"Polygon","coordinates":[[[90.330753,23.798564],[90.330912,23.798506],[90.330936,23.798497],[90.330996,23.798758],[90.330993,23.798758],[90.330934,23.798758],[90.330906,23.798724],[90.330893,23.798708],[90.330879,23.79869],[90.330836,23.798707],[90.330753,23.798564]]]}},{"type":"Feature","properties":{"survey":"bds","sheet":"070","dag":"34553","label_bn":"34553","area_sqm":395.9},"geometry":{"type":"Polygon","coordinates":[[[90.331172,23.79958],[90.331236,23.799515],[90.331329,23.79942],[90.331334,23.799415],[90.331392,23.799444],[90.33147,23.799471],[90.331466,23.799476],[90.331365,23.799591],[90.331289,23.799663],[90.331172,23.79958]]]}},{"type":"Feature","properties":{"survey":"bds","sheet":"070","dag":"34517","label_bn":"34517","area_sqm":396.6},"geometry":{"type":"Polygon","coordinates":[[[90.331197,23.800039],[90.331201,23.800022],[90.331305,23.800047],[90.331361,23.800058],[90.331416,23.80007],[90.331553,23.800094],[90.33163,23.800107],[90.331627,23.800121],[90.331695,23.800132],[90.331815,23.800148],[90.331938,23.80016],[90.332027,23.800171],[90.332114,23.800182],[90.332299,23.800205],[90.332399,23.800216],[90.332397,23.800248],[90.332305,23.800236],[90.33222,23.800227],[90.332132,23.800216],[90.331937,23.800194],[90.331829,23.800181],[90.331828,23.800186],[90.331684,23.800148],[90.331651,23.800136],[90.331475,23.800112],[90.331299,23.800075],[90.331274,23.800066],[90.331197,23.800039]]]}},{"type":"Feature","properties":{"survey":"bds","sheet":"070","dag":"34773","label_bn":"34773","area_sqm":405.0},"geometry":{"type":"Polygon","coordinates":[[[90.332752,23.798374],[90.332833,23.798362],[90.332948,23.798388],[90.332946,23.798397],[90.332921,23.798573],[90.332761,23.79857],[90.332761,23.798527],[90.332752,23.798378],[90.332752,23.798374]]]}},{"type":"Feature","properties":{"survey":"bds","sheet":"070","dag":"34657","label_bn":"34657","area_sqm":429.0},"geometry":{"type":"Polygon","coordinates":[[[90.331695,23.799461],[90.331716,23.799346],[90.331878,23.799349],[90.331965,23.799362],[90.331978,23.799521],[90.331923,23.799514],[90.331866,23.799497],[90.331785,23.79948],[90.331703,23.799463],[90.331695,23.799461]]]}},{"type":"Feature","properties":{"survey":"bds","sheet":"070","dag":"34841","label_bn":"34841","area_sqm":458.7},"geometry":{"type":"Polygon","coordinates":[[[90.3326,23.798252],[90.332626,23.798179],[90.332703,23.798091],[90.33281,23.798139],[90.332798,23.798318],[90.332793,23.79832],[90.332753,23.798318],[90.332737,23.798322],[90.332719,23.79833],[90.332685,23.798352],[90.33265,23.798365],[90.332632,23.798372],[90.332605,23.79827],[90.3326,23.798252]]]}},{"type":"Feature","properties":{"survey":"bds","sheet":"070","dag":"34550","label_bn":"34550","area_sqm":483.4},"geometry":{"type":"Polygon","coordinates":[[[90.330897,23.79968],[90.330998,23.799552],[90.33105,23.799492],[90.331088,23.79945],[90.331236,23.799515],[90.331172,23.79958],[90.331079,23.799674],[90.331028,23.799727],[90.331005,23.799719],[90.330897,23.79968]]]}},{"type":"Feature","properties":{"survey":"bds","sheet":"070","dag":"34739","label_bn":"34739","area_sqm":571.9},"geometry":{"type":"Polygon","coordinates":[[[90.331802,23.798425],[90.331933,23.798442],[90.332087,23.798478],[90.332074,23.798607],[90.331966,23.798599],[90.331756,23.798567],[90.331738,23.798564],[90.331709,23.79856],[90.331679,23.798555],[90.331735,23.798497],[90.331742,23.798487],[90.331777,23.798442],[90.331792,23.798423],[90.331802,23.798425]]]}},{"type":"Feature","properties":{"survey":"bds","sheet":"070","dag":"34740","label_bn":"34740","area_sqm":512.4},"geometry":{"type":"Polygon","coordinates":[[[90.331802,23.798425],[90.331818,23.798387],[90.331845,23.79833],[90.331873,23.798272],[90.331969,23.798301],[90.332065,23.79833],[90.332142,23.798345],[90.332141,23.798359],[90.332137,23.798479],[90.332087,23.798478],[90.331933,23.798442],[90.331802,23.798425]]]}},{"type":"Feature","properties":{"survey":"bds","sheet":"070","dag":"34880","label_bn":"34880","area_sqm":513.1},"geometry":{"type":"Polygon","coordinates":[[[90.332031,23.799265],[90.332041,23.799164],[90.332158,23.79918],[90.332165,23.799311],[90.332166,23.799338],[90.332169,23.79942],[90.332161,23.799493],[90.332156,23.799552],[90.332144,23.79955],[90.33206,23.799536],[90.332038,23.799361],[90.332036,23.79932],[90.332031,23.799265]]]}},{"type":"Feature","properties":{"survey":"bds","sheet":"070","dag":"34838","label_bn":"34838","area_sqm":572.1},"geometry":{"type":"Polygon","coordinates":[[[90.332572,23.79802],[90.332664,23.798074],[90.332703,23.798091],[90.332626,23.798179],[90.3326,23.798252],[90.332605,23.79827],[90.332596,23.798273],[90.332622,23.798376],[90.332623,23.79838],[90.332625,23.798388],[90.332573,23.798398],[90.332523,23.798404],[90.332468,23.798397],[90.332455,23.798389],[90.332448,23.798385],[90.332452,23.798373],[90.332549,23.798003],[90.332572,23.79802]]]}},{"type":"Feature","properties":{"survey":"bds","sheet":"070","dag":"34616","label_bn":"34616","area_sqm":556.4},"geometry":{"type":"Polygon","coordinates":[[[90.333038,23.799963],[90.333095,23.799772],[90.333275,23.799796],[90.333326,23.799807],[90.333324,23.799824],[90.333305,23.799993],[90.333216,23.799986],[90.333038,23.799963]]]}},{"type":"Feature","properties":{"survey":"bds","sheet":"070","dag":"34723","label_bn":"34723","area_sqm":557.2},"geometry":{"type":"Polygon","coordinates":[[[90.331088,23.798449],[90.331096,23.798449],[90.3311,23.798447],[90.331133,23.79843],[90.331194,23.798364],[90.331232,23.79831],[90.331241,23.798283],[90.331425,23.798353],[90.331335,23.79849],[90.331334,23.79851],[90.331277,23.798586],[90.331276,23.798585],[90.331227,23.798547],[90.331088,23.798449]]]}},{"type":"Feature","properties":{"survey":"bds","sheet":"070","dag":"34732","label_bn":"34732","area_sqm":565.4},"geometry":{"type":"Polygon","coordinates":[[[90.331664,23.798737],[90.331666,23.798712],[90.331667,23.798711],[90.3317,23.798667],[90.331744,23.7986],[90.331755,23.79857],[90.331756,23.798567],[90.331966,23.798599],[90.33196,23.798704],[90.332039,23.798709],[90.332031,23.798769],[90.331811,23.798759],[90.331664,23.798737]]]}},{"type":"Feature","properties":{"survey":"bds","sheet":"070","dag":"34806","label_bn":"34806","area_sqm":574.6},"geometry":{"type":"Polygon","coordinates":[[[90.331548,23.797728],[90.331576,23.797708],[90.331596,23.797693],[90.331633,23.797729],[90.33166,23.797686],[90.331689,23.797648],[90.331728,23.79761],[90.331759,23.797583],[90.331765,23.797578],[90.33178,23.797607],[90.331853,23.797856],[90.331853,23.797856],[90.331712,23.797906],[90.331694,23.797886],[90.331621,23.797808],[90.331548,23.797728]]]}},{"type":"Feature","properties":{"survey":"bds","sheet":"070","dag":"34807","label_bn":"34807","area_sqm":601.9},"geometry":{"type":"Polygon","coordinates":[[[90.33178,23.797607],[90.331936,23.7975],[90.331936,23.7975],[90.332016,23.797683],[90.332007,23.79779],[90.331853,23.797856],[90.33178,23.797607]]]}},{"type":"Feature","properties":{"survey":"bds","sheet":"070","dag":"34638","label_bn":"34638","area_sqm":607.3},"geometry":{"type":"Polygon","coordinates":[[[90.331222,23.79881],[90.331493,23.798797],[90.331491,23.798819],[90.331472,23.798963],[90.331469,23.799031],[90.331267,23.799027],[90.331237,23.79891],[90.331224,23.798822],[90.331222,23.79881]]]}},{"type":"Feature","properties":{"survey":"bds","sheet":"070","dag":"34770","label_bn":"34770","area_sqm":638.3},"geometry":{"type":"Polygon","coordinates":[[[90.332477,23.798778],[90.332559,23.798776],[90.332555,23.798685],[90.332554,23.798623],[90.332554,23.798586],[90.332553,23.798426],[90.332593,23.798422],[90.332653,23.798411],[90.332653,23.798624],[90.332651,23.798709],[90.332621,23.798922],[90.332477,23.798912],[90.332477,23.798814],[90.332477,23.798778]]]}},{"type":"Feature","properties":{"survey":"bds","sheet":"070","dag":"34589","label_bn":"34589","area_sqm":650.8},"geometry":{"type":"Polygon","coordinates":[[[90.332498,23.799714],[90.332498,23.799615],[90.332498,23.799604],[90.332608,23.799597],[90.332608,23.799606],[90.332616,23.800114],[90.332503,23.800117],[90.332502,23.79996],[90.332501,23.799887],[90.3325,23.799801],[90.3325,23.799799],[90.332498,23.799714]]]}},{"type":"Feature","properties":{"survey":"bds","sheet":"070","dag":"34613","label_bn":"34613","area_sqm":662.8},"geometry":{"type":"Polygon","coordinates":[[[90.333173,23.800214],[90.33318,23.800164],[90.333198,23.799993],[90.333309,23.800003],[90.333418,23.800007],[90.33342,23.800045],[90.333426,23.800277],[90.333394,23.800273],[90.333173,23.800214]]]}},{"type":"Feature","properties":{"survey":"bds","sheet":"070","dag":"34879","label_bn":"34879","area_sqm":703.3},"geometry":{"type":"Polygon","coordinates":[[[90.333359,23.797622],[90.333363,23.797662],[90.333371,23.797729],[90.333392,23.797892],[90.333399,23.797949],[90.333402,23.797975],[90.33338,23.797962],[90.333343,23.797941],[90.333298,23.797925],[90.333263,23.797912],[90.33324,23.797908],[90.333217,23.797902],[90.33313,23.797846],[90.333146,23.797752],[90.333192,23.797685],[90.33327,23.797619],[90.333359,23.797622]]]}},{"type":"Feature","properties":{"survey":"bds","sheet":"070","dag":"34654","label_bn":"34654","area_sqm":713.4},"geometry":{"type":"Polygon","coordinates":[[[90.331536,23.799431],[90.33156,23.799218],[90.33158,23.799067],[90.331701,23.799067],[90.331697,23.799124],[90.331757,23.799128],[90.331716,23.799346],[90.331695,23.799461],[90.331629,23.799444],[90.331563,23.799437],[90.331536,23.799431]]]}},{"type":"Feature","properties":{"survey":"bds","sheet":"070","dag":"34659","label_bn":"34659","area_sqm":719.1},"geometry":{"type":"Polygon","coordinates":[[[90.331716,23.799346],[90.331757,23.799128],[90.331904,23.799138],[90.332041,23.799164],[90.332031,23.799265],[90.332036,23.79932],[90.332038,23.799361],[90.331965,23.799362],[90.331878,23.799349],[90.331716,23.799346]]]}},{"type":"Feature","properties":{"survey":"bds","sheet":"070","dag":"34644","label_bn":"34644","area_sqm":729.1},"geometry":{"type":"Polygon","coordinates":[[[90.331161,23.799202],[90.331194,23.799032],[90.331271,23.799036],[90.331452,23.799046],[90.331557,23.799055],[90.331558,23.799067],[90.33158,23.799067],[90.33156,23.799218],[90.331464,23.799206],[90.331381,23.799198],[90.331318,23.799202],[90.33117,23.79921],[90.331161,23.799202]]]}},{"type":"Feature","properties":{"survey":"bds","sheet":"070","dag":"34692","label_bn":"34692","area_sqm":774.7},"geometry":{"type":"Polygon","coordinates":[[[90.332727,23.799086],[90.332778,23.799085],[90.33282,23.79911],[90.332897,23.79911],[90.3329,23.799156],[90.332907,23.799237],[90.332913,23.799306],[90.332919,23.7994],[90.332924,23.799476],[90.332911,23.799483],[90.332796,23.7995],[90.332748,23.799506],[90.332727,23.799086]]]}},{"type":"Feature","properties":{"survey":"bds","sheet":"070","dag":"34689","label_bn":"34689","area_sqm":780.5},"geometry":{"type":"Polygon","coordinates":[[[90.3325,23.79954],[90.332522,23.799436],[90.332539,23.799427],[90.332554,23.799347],[90.332555,23.799301],[90.332555,23.799272],[90.332571,23.799193],[90.332623,23.799197],[90.33268,23.799195],[90.332703,23.799086],[90.332727,23.799086],[90.332748,23.799506],[90.332701,23.799511],[90.332546,23.799533],[90.3325,23.79954]]]}},{"type":"Feature","properties":{"survey":"bds","sheet":"070","dag":"34726","label_bn":"34726","area_sqm":785.3},"geometry":{"type":"Polygon","coordinates":[[[90.331425,23.798353],[90.331614,23.798205],[90.33162,23.798195],[90.331786,23.798295],[90.331774,23.798341],[90.331768,23.798414],[90.33165,23.798546],[90.331425,23.798353]]]}},{"type":"Feature","properties":{"survey":"bds","sheet":"070","dag":"34797","label_bn":"34797","area_sqm":874.7},"geometry":{"type":"Polygon","coordinates":[[[90.331258,23.797501],[90.331275,23.797501],[90.331302,23.797506],[90.331318,23.797576],[90.331334,23.797576],[90.331385,23.797666],[90.331474,23.797783],[90.331513,23.797829],[90.331549,23.797867],[90.331555,23.797872],[90.331632,23.797953],[90.331648,23.797971],[90.331692,23.798016],[90.331706,23.798028],[90.331772,23.798096],[90.331811,23.798131],[90.331868,23.798192],[90.33188,23.798208],[90.331906,23.798225],[90.33194,23.798239],[90.331943,23.79824],[90.332003,23.798265],[90.332059,23.798282],[90.332095,23.798287],[90.33211,23.798288],[90.332202,23.798291],[90.332209,23.798294],[90.332309,23.798331],[90.332336,23.798346],[90.332369,23.798364],[90.332372,23.798355],[90.332377,23.798357],[90.332383,23.798358],[90.33238,23.798371],[90.332448,23.798385],[90.332455,23.798389],[90.332468,23.798397],[90.332523,23.798404],[90.332573,23.798398],[90.332625,23.798388],[90.332623,23.79838],[90.332622,23.798376],[90.332632,23.798372],[90.332633,23.798376],[90.332635,23.798384],[90.332719,23.798362],[90.332718,23.798355],[90.332742,23.798344],[90.332753,23.798338],[90.332765,23.798333],[90.332793,23.79832],[90.332798,23.798318],[90.33284,23.798328],[90.332918,23.798346],[90.333035,23.798389],[90.333077,23.798403],[90.33309,23.798408],[90.333118,23.798429],[90.333111,23.798466],[90.333076,23.798449],[90.333008,23.798402],[90.332992,23.798398],[90.332948,23.798388],[90.332833,23.798362],[90.332752,23.798374],[90.332735,23.798381],[90.332689,23.798401],[90.332653,23.798411],[90.332593,23.798422],[90.332553,23.798426],[90.332547,23.798425],[90.33253,23.798423],[90.332465,23.798415],[90.332436,23.798413],[90.332323,23.798371],[90.332311,23.798367],[90.332245,23.798338],[90.332197,23.798322],[90.332143,23.798319],[90.332018,23.798305],[90.331913,23.798269],[90.331862,23.79824],[90.331834,23.798213],[90.331823,23.798203],[90.33178,23.798164],[90.331762,23.798147],[90.331689,23.798085],[90.331605,23.797976],[90.331446,23.797813],[90.331407,23.79777],[90.331341,23.797672],[90.331258,23.797501]]]}},{"type":"Feature","properties":{"survey":"bds","sheet":"070","dag":"34810","label_bn":"34810","area_sqm":905.8},"geometry":{"type":"Polygon","coordinates":[[[90.331853,23.797856],[90.332007,23.79779],[90.33208,23.797794],[90.33208,23.797794],[90.332093,23.797895],[90.332103,23.797984],[90.332107,23.798082],[90.332105,23.798107],[90.332101,23.798196],[90.332018,23.798194],[90.33197,23.798185],[90.331923,23.798173],[90.331923,23.798172],[90.33192,23.798161],[90.331903,23.798073],[90.331895,23.798038],[90.331894,23.798035],[90.331878,23.797952],[90.331853,23.797856],[90.331853,23.797856]]]}},{"type":"Feature","properties":{"survey":"bds","sheet":"070","dag":"34722","label_bn":"34722","area_sqm":913.2},"geometry":{"type":"Polygon","coordinates":[[[90.331277,23.798586],[90.331334,23.79851],[90.331335,23.79849],[90.331425,23.798353],[90.33165,23.798546],[90.331637,23.798663],[90.331635,23.798684],[90.331629,23.798692],[90.331604,23.798719],[90.331584,23.798736],[90.331561,23.798743],[90.33139,23.798651],[90.33138,23.798645],[90.331277,23.798586]]]}},{"type":"Feature","properties":{"survey":"bds","sheet":"070","dag":"34876","label_bn":"34876","area_sqm":921.2},"geometry":{"type":"Polygon","coordinates":[[[90.332928,23.797926],[90.33295,23.797865],[90.332977,23.797793],[90.332984,23.797726],[90.332953,23.797662],[90.332958,23.797581],[90.333014,23.797557],[90.333048,23.797535],[90.333108,23.797514],[90.333152,23.797505],[90.333192,23.797494],[90.333231,23.797486],[90.333262,23.797488],[90.333299,23.797501],[90.333348,23.797508],[90.333354,23.797571],[90.333359,23.797622],[90.33327,23.797619],[90.333192,23.797685],[90.333146,23.797752],[90.33313,23.797846],[90.333127,23.797844],[90.333074,23.7978],[90.333021,23.797746],[90.332945,23.797912],[90.332968,23.797941],[90.332928,23.797926]]]}},{"type":"Feature","properties":{"survey":"bds","sheet":"070","dag":"34574","label_bn":"34574","area_sqm":923.9},"geometry":{"type":"Polygon","coordinates":[[[90.331887,23.799816],[90.331946,23.799571],[90.33195,23.799555],[90.331975,23.79956],[90.332069,23.799593],[90.332172,23.79963],[90.332205,23.799629],[90.332211,23.799733],[90.332216,23.799815],[90.332221,23.799898],[90.332184,23.799897],[90.332124,23.799893],[90.332009,23.799878],[90.332028,23.799835],[90.331887,23.799816]]]}},{"type":"Feature","properties":{"survey":"bds","sheet":"070","dag":"34503","label_bn":"34503","area_sqm":973.4},"geometry":{"type":"Polygon","coordinates":[[[90.330598,23.799963],[90.330606,23.799942],[90.330609,23.799935],[90.330614,23.799927],[90.330728,23.799751],[90.330817,23.79978],[90.330886,23.799802],[90.33092,23.799823],[90.330942,23.799837],[90.331024,23.79989],[90.33103,23.799944],[90.331035,23.799987],[90.331039,23.800003],[90.331011,23.800076],[90.330974,23.800066],[90.33092,23.80005],[90.330717,23.799997],[90.330598,23.799963]]]}},{"type":"Feature","properties":{"survey":"bds","sheet":"070","dag":"34725","label_bn":"34725","area_sqm":1054.0},"geometry":{"type":"Polygon","coordinates":[[[90.331241,23.798283],[90.331242,23.79828],[90.331242,23.79828],[90.331308,23.798155],[90.331384,23.798073],[90.331481,23.798012],[90.331605,23.797976],[90.331689,23.798085],[90.33162,23.798195],[90.331614,23.798205],[90.331425,23.798353],[90.331241,23.798283]]]}},{"type":"Feature","properties":{"survey":"bds","sheet":"070","dag":"34708","label_bn":"34708","area_sqm":1099.5},"geometry":{"type":"Polygon","coordinates":[[[90.330769,23.798844],[90.330785,23.798839],[90.330785,23.798804],[90.331001,23.798783],[90.33108,23.798776],[90.331101,23.798774],[90.331206,23.798759],[90.331325,23.798754],[90.331344,23.798756],[90.331355,23.798758],[90.331356,23.798758],[90.331392,23.798756],[90.331572,23.798749],[90.331573,23.798748],[90.331629,23.798742],[90.331645,23.79874],[90.331664,23.798737],[90.331655,23.798766],[90.331643,23.798803],[90.331715,23.798857],[90.331839,23.798876],[90.331908,23.798883],[90.332106,23.798905],[90.332209,23.798919],[90.332325,23.798921],[90.332402,23.79892],[90.332423,23.798919],[90.332446,23.798919],[90.332451,23.798919],[90.332477,23.798912],[90.332621,23.798922],[90.332622,23.798922],[90.332703,23.798927],[90.332769,23.798927],[90.332778,23.798926],[90.332783,23.798926],[90.332866,23.798922],[90.332868,23.798922],[90.332976,23.798916],[90.332998,23.798915],[90.333006,23.798915],[90.333005,23.798951],[90.332986,23.798951],[90.332968,23.798952],[90.332945,23.798952],[90.332895,23.798954],[90.332877,23.798956],[90.332787,23.798962],[90.332705,23.798961],[90.332704,23.798961],[90.332616,23.798956],[90.332583,23.798963],[90.332483,23.798948],[90.332456,23.798951],[90.332387,23.79895],[90.332387,23.798954],[90.332241,23.79895],[90.332234,23.79895],[90.33219,23.798947],[90.332144,23.798939],[90.332102,23.798934],[90.332092,23.798931],[90.332038,23.798924],[90.331909,23.798916],[90.331905,23.798916],[90.33173,23.798905],[90.33173,23.798905],[90.331708,23.798906],[90.331712,23.798878],[90.331605,23.798827],[90.33157,23.798815],[90.331493,23.798797],[90.331222,23.79881],[90.331085,23.798838],[90.331064,23.798842],[90.331037,23.798843],[90.330887,23.798855],[90.330769,23.798863],[90.330769,23.798844]]]}},{"type":"Feature","properties":{"survey":"bds","sheet":"070","dag":"34621","label_bn":"34621","area_sqm":1247.3},"geometry":{"type":"Polygon","coordinates":[[[90.330598,23.798926],[90.330641,23.798919],[90.330687,23.798941],[90.330743,23.798964],[90.330889,23.799069],[90.331045,23.799161],[90.331058,23.799171],[90.331128,23.799222],[90.331207,23.799275],[90.331275,23.799321],[90.331334,23.799361],[90.331402,23.799403],[90.331535,23.799443],[90.331691,23.799483],[90.331753,23.799493],[90.331859,23.799506],[90.331923,23.799514],[90.331978,23.799521],[90.33206,23.799536],[90.332144,23.79955],[90.332156,23.799552],[90.332239,23.799556],[90.332333,23.799559],[90.332383,23.799558],[90.332402,23.799558],[90.332427,23.799558],[90.332452,23.799559],[90.332462,23.799559],[90.332467,23.799558],[90.332497,23.799554],[90.332499,23.799554],[90.332692,23.799543],[90.332729,23.799536],[90.332749,23.799532],[90.33284,23.799503],[90.332841,23.799502],[90.332893,23.79949],[90.332911,23.799483],[90.332924,23.799476],[90.33302,23.7994],[90.333026,23.799395],[90.333087,23.799344],[90.333128,23.799309],[90.333167,23.799285],[90.333248,23.799222],[90.33325,23.799222],[90.333264,23.799249],[90.333244,23.799259],[90.333219,23.799288],[90.333177,23.799315],[90.333148,23.799334],[90.333059,23.799413],[90.332998,23.799459],[90.332979,23.799476],[90.332954,23.799508],[90.332927,23.799517],[90.332881,23.799532],[90.332848,23.799544],[90.332764,23.799571],[90.332734,23.799576],[90.332731,23.799576],[90.332646,23.799588],[90.332646,23.799595],[90.332608,23.799597],[90.332608,23.799589],[90.332498,23.799593],[90.332376,23.799598],[90.332376,23.799615],[90.33234,23.799618],[90.33234,23.7996],[90.332227,23.799602],[90.332204,23.799598],[90.331975,23.79956],[90.33195,23.799555],[90.331874,23.799543],[90.33182,23.799536],[90.331808,23.799535],[90.331725,23.799525],[90.331588,23.799502],[90.331574,23.799497],[90.331539,23.799489],[90.331504,23.799481],[90.33147,23.799471],[90.331392,23.799444],[90.331334,23.799415],[90.331203,23.799321],[90.331058,23.799218],[90.331046,23.79921],[90.331035,23.799202],[90.330993,23.799168],[90.330952,23.799142],[90.330879,23.799097],[90.330724,23.798994],[90.330666,23.798966],[90.330598,23.798926]]]}},{"type":"Feature","properties":{"survey":"bds","sheet":"070","dag":"34622","label_bn":"34622","area_sqm":1414.1},"geometry":{"type":"Polygon","coordinates":[[[90.330436,23.799041],[90.330503,23.798962],[90.330541,23.798958],[90.330598,23.798926],[90.330666,23.798966],[90.330724,23.798994],[90.330879,23.799097],[90.330952,23.799142],[90.330993,23.799168],[90.331035,23.799202],[90.330938,23.799344],[90.330916,23.799372],[90.330825,23.799323],[90.330774,23.799295],[90.330718,23.799265],[90.330674,23.799241],[90.33064,23.799222],[90.330567,23.799166],[90.330515,23.799133],[90.330436,23.799041]]]}},{"type":"Feature","properties":{"survey":"bds","sheet":"070","dag":"34844","label_bn":"34844","area_sqm":2372.6},"geometry":{"type":"Polygon","coordinates":[[[90.333392,23.797997],[90.333405,23.798011],[90.333433,23.798042],[90.333481,23.79823],[90.33348,23.798248],[90.333427,23.798354],[90.333387,23.798402],[90.333331,23.79843],[90.333266,23.79844],[90.333233,23.798439],[90.333193,23.798437],[90.333158,23.798436],[90.333118,23.798429],[90.33309,23.798408],[90.333077,23.798403],[90.33307,23.798392],[90.333042,23.798364],[90.333003,23.798351],[90.332944,23.798343],[90.332919,23.79834],[90.332935,23.798224],[90.33294,23.798185],[90.332941,23.798184],[90.332968,23.798037],[90.332962,23.798035],[90.332981,23.79799],[90.33299,23.797968],[90.332995,23.797974],[90.333031,23.79799],[90.333179,23.797986],[90.333392,23.797997]]]}},{"type":"Feature","properties":{"survey":"bds","sheet":"070","dag":"34724","label_bn":"34724","area_sqm":2601.8},"geometry":{"type":"Polygon","coordinates":[[[90.330919,23.797917],[90.330946,23.797921],[90.330992,23.797923],[90.331021,23.797916],[90.33106,23.797899],[90.331094,23.79787],[90.331119,23.797836],[90.331141,23.797788],[90.331149,23.797745],[90.331135,23.797636],[90.331135,23.797614],[90.331147,23.797582],[90.331172,23.797554],[90.331231,23.797507],[90.331238,23.797502],[90.331248,23.797501],[90.331258,23.797501],[90.331341,23.797672],[90.331407,23.79777],[90.331446,23.797813],[90.331605,23.797976],[90.331481,23.798012],[90.331384,23.798073],[90.331308,23.798155],[90.331242,23.79828],[90.331229,23.798267],[90.331185,23.798228],[90.331117,23.798179],[90.330998,23.798103],[90.330964,23.798051],[90.330931,23.797978],[90.330919,23.797917]]]}}]}